MB_CODE,month_date,MBASIN_E,twsa_cm,source_observations,valid_pixels,minimum_observation_date,maximum_observation_date,year,month,mission,month_name,observation_status,moving_average_12m_cm
01,2002-04-01,Salawin,-20.641111952292484,1.0,38.0,2002-04-18,2002-04-18,2002,4,GRACE,April,Observed,
01,2002-05-01,Salawin,-20.095879100024128,1.0,38.0,2002-05-10,2002-05-10,2002,5,GRACE,May,Observed,
01,2002-06-01,Salawin,,,,,,2002,6,GRACE,June,Missing,
01,2002-07-01,Salawin,,,,,,2002,7,GRACE,July,Missing,
01,2002-08-01,Salawin,20.95103692520993,1.0,38.0,2002-08-16,2002-08-16,2002,8,GRACE,August,Observed,7.1150011171743905
01,2002-09-01,Salawin,25.940557932701726,1.0,38.0,2002-09-16,2002-09-16,2002,9,GRACE,September,Observed,5.414932594801796
01,2002-10-01,Salawin,25.179270335834833,1.0,38.0,2002-10-16,2002-10-16,2002,10,GRACE,October,Observed,3.593095984915343
01,2002-11-01,Salawin,16.902090739143425,1.0,38.0,2002-11-16,2002-11-16,2002,11,GRACE,November,Observed,3.9700750855090687
01,2002-12-01,Salawin,6.635011223276893,1.0,38.0,2002-12-16,2002-12-16,2002,12,GRACE,December,Observed,4.888292650926471
01,2003-01-01,Salawin,2.0490328335449317,1.0,38.0,2003-01-16,2003-01-16,2003,1,GRACE,January,Observed,4.888292650926471
01,2003-02-01,Salawin,-8.185615584178963,1.0,38.0,2003-02-15,2003-02-15,2003,2,GRACE,February,Observed,5.153413089151308
01,2003-03-01,Salawin,-12.803433504062735,1.0,38.0,2003-03-16,2003-03-16,2003,3,GRACE,March,Observed,4.631087557492418
01,2003-04-01,Salawin,-16.871320946355226,1.0,38.0,2003-04-16,2003-04-16,2003,4,GRACE,April,Observed,4.1693124135475275
01,2003-05-01,Salawin,-10.913703445850112,1.0,38.0,2003-05-11,2003-05-11,2003,5,GRACE,May,Observed,3.449017481784102
01,2003-06-01,Salawin,,,,,,2003,6,GRACE,June,Missing,
01,2003-07-01,Salawin,7.804617471399691,1.0,38.0,2003-07-16,2003-07-16,2003,7,GRACE,July,Observed,1.6507358156889647
01,2003-08-01,Salawin,15.20545607696213,1.0,38.0,2003-08-16,2003-08-16,2003,8,GRACE,August,Observed,0.9857047415679535
01,2003-09-01,Salawin,20.86103134930793,1.0,38.0,2003-09-16,2003-09-16,2003,9,GRACE,September,Observed,0.3473736525148112
01,2003-10-01,Salawin,17.256026086437156,1.0,38.0,2003-10-16,2003-10-16,2003,10,GRACE,October,Observed,-0.3676424636099375
01,2003-11-01,Salawin,6.80816913759462,1.0,38.0,2003-11-16,2003-11-16,2003,11,GRACE,November,Observed,-1.1276149017661923
01,2003-12-01,Salawin,-3.0521655022208103,1.0,38.0,2003-12-16,2003-12-16,2003,12,GRACE,December,Observed,-2.277190360384435
01,2004-01-01,Salawin,-5.266308981786192,1.0,38.0,2004-01-07,2004-01-07,2004,1,GRACE,January,Observed,-2.4477314818712417
01,2004-02-01,Salawin,-15.207257563763529,1.0,38.0,2004-02-17,2004-02-17,2004,2,GRACE,February,Observed,-2.247611899742973
01,2004-03-01,Salawin,-20.668610781434975,1.0,38.0,2004-03-16,2004-03-16,2004,3,GRACE,March,Observed,-1.533072359567779
01,2004-04-01,Salawin,-25.23101776607403,1.0,38.0,2004-04-16,2004-04-16,2004,4,GRACE,April,Observed,-0.8781418030632352
01,2004-05-01,Salawin,-23.559033490650776,1.0,38.0,2004-05-16,2004-05-16,2004,5,GRACE,May,Observed,-0.7378353436415583
01,2004-06-01,Salawin,-4.323683818226119,1.0,38.0,2004-06-16,2004-06-16,2004,6,GRACE,June,Observed,-0.9097862022708382
01,2004-07-01,Salawin,10.206052456938917,1.0,38.0,2004-07-16,2004-07-16,2004,7,GRACE,July,Observed,-0.8701043056423843
01,2004-08-01,Salawin,23.779930559064457,1.0,38.0,2004-08-16,2004-08-16,2004,8,GRACE,August,Observed,-1.5449418590580943
01,2004-09-01,Salawin,28.72019802736246,1.0,38.0,2004-09-16,2004-09-16,2004,9,GRACE,September,Observed,-1.6792392860756944
01,2004-10-01,Salawin,18.939703599497275,1.0,38.0,2004-10-16,2004-10-16,2004,10,GRACE,October,Observed,-1.9732191675592852
01,2004-11-01,Salawin,4.744758834043261,1.0,38.0,2004-11-16,2004-11-16,2004,11,GRACE,November,Observed,-2.3395422370176218
01,2004-12-01,Salawin,-2.5759827426793627,1.0,38.0,2004-12-16,2004-12-16,2004,12,GRACE,December,Observed,-2.9499197200299476
01,2005-01-01,Salawin,-13.364359622774712,1.0,38.0,2005-01-16,2005-01-16,2005,1,GRACE,January,Observed,-3.7864618150655445
01,2005-02-01,Salawin,-16.818826687974727,1.0,38.0,2005-02-15,2005-02-15,2005,2,GRACE,February,Observed,-4.783576162996254
01,2005-03-01,Salawin,-24.196369359238066,1.0,38.0,2005-03-16,2005-03-16,2005,3,GRACE,March,Observed,-5.5042769934836
01,2005-04-01,Salawin,-29.62689459957407,1.0,38.0,2005-04-16,2005-04-16,2005,4,GRACE,April,Observed,-6.12357287259367
01,2005-05-01,Salawin,-30.88356328679868,1.0,38.0,2005-05-16,2005-05-16,2005,5,GRACE,May,Observed,-6.303352303206309
01,2005-06-01,Salawin,-14.362188958653286,1.0,38.0,2005-06-16,2005-06-16,2005,6,GRACE,June,Observed,-5.639606033836863
01,2005-07-01,Salawin,-1.7593197182295988,1.0,38.0,2005-07-16,2005-07-16,2005,7,GRACE,July,Observed,-5.1153144327310995
01,2005-08-01,Salawin,15.131520593216301,1.0,38.0,2005-08-16,2005-08-16,2005,8,GRACE,August,Observed,-4.4506349862072385
01,2005-09-01,Salawin,21.288647478041643,1.0,38.0,2005-09-16,2005-09-16,2005,9,GRACE,September,Observed,-4.093122600703534
01,2005-10-01,Salawin,16.7823504321456,1.0,38.0,2005-10-16,2005-10-16,2005,10,GRACE,October,Observed,-3.593654795785428
01,2005-11-01,Salawin,12.709714066476606,1.0,38.0,2005-11-16,2005-11-16,2005,11,GRACE,November,Observed,-2.905200473414505
01,2005-12-01,Salawin,3.7155164705898,1.0,38.0,2005-12-16,2005-12-16,2005,12,GRACE,December,Observed,-1.3692398616376422
01,2006-01-01,Salawin,-5.388206264488384,1.0,38.0,2006-01-16,2006-01-16,2006,1,GRACE,January,Observed,-0.5434355717713877
01,2006-02-01,Salawin,-12.528678061930274,1.0,38.0,2006-02-15,2006-02-15,2006,2,GRACE,February,Observed,0.6344134669937314
01,2006-03-01,Salawin,-18.202755700220788,1.0,38.0,2006-03-16,2006-03-16,2006,3,GRACE,March,Observed,1.1139173389096182
01,2006-04-01,Salawin,-21.365442731122997,1.0,38.0,2006-04-16,2006-04-16,2006,4,GRACE,April,Observed,1.6200909266564087
01,2006-05-01,Salawin,-12.452035945476322,1.0,38.0,2006-05-16,2006-05-16,2006,5,GRACE,May,Observed,2.936811088874817
01,2006-06-01,Salawin,-4.452537480258233,1.0,38.0,2006-06-16,2006-06-16,2006,6,GRACE,June,Observed,3.153788972579086
01,2006-07-01,Salawin,12.37486874695183,1.0,38.0,2006-07-16,2006-07-16,2006,7,GRACE,July,Observed,3.1445296158290517
01,2006-08-01,Salawin,20.88556705620694,1.0,38.0,2006-08-16,2006-08-16,2006,8,GRACE,August,Observed,3.0739723550434452
01,2006-09-01,Salawin,27.36273053100313,1.0,38.0,2006-09-16,2006-09-16,2006,9,GRACE,September,Observed,3.167863524924298
01,2006-10-01,Salawin,32.5829923787665,1.0,38.0,2006-10-16,2006-10-16,2006,10,GRACE,October,Observed,3.1538656106029612
01,2006-11-01,Salawin,15.313448670927837,1.0,38.0,2006-11-16,2006-11-16,2006,11,GRACE,November,Observed,3.1301469478086954
01,2006-12-01,Salawin,3.604404189589381,1.0,38.0,2006-12-16,2006-12-16,2006,12,GRACE,December,Observed,3.4149310040710485
01,2007-01-01,Salawin,-6.23489339391566,1.0,38.0,2007-01-16,2007-01-16,2007,1,GRACE,January,Observed,3.364422700242189
01,2007-02-01,Salawin,-11.401984023360043,1.0,38.0,2007-02-14,2007-02-14,2007,2,GRACE,February,Observed,3.005453016284708
01,2007-03-01,Salawin,-18.370730672076828,1.0,38.0,2007-03-16,2007-03-16,2007,3,GRACE,March,Observed,2.74224383359892
01,2007-04-01,Salawin,-21.650066684654185,1.0,38.0,2007-04-16,2007-04-16,2007,4,GRACE,April,Observed,2.5505995623891895
01,2007-05-01,Salawin,-9.034627270328079,1.0,38.0,2007-05-16,2007-05-16,2007,5,GRACE,May,Observed,2.40483406663
01,2007-06-01,Salawin,-5.058637126204553,1.0,38.0,2007-06-16,2007-06-16,2007,6,GRACE,June,Observed,2.305243152755825
01,2007-07-01,Salawin,8.067232539462058,1.0,38.0,2007-07-16,2007-07-16,2007,7,GRACE,July,Observed,2.020025297656858
01,2007-08-01,Salawin,17.72705686397748,1.0,38.0,2007-08-16,2007-08-16,2007,8,GRACE,August,Observed,1.9676026461172214
01,2007-09-01,Salawin,25.06299927648637,1.0,38.0,2007-09-16,2007-09-16,2007,9,GRACE,September,Observed,1.9598081838976944
01,2007-10-01,Salawin,30.83380642965622,1.0,38.0,2007-10-16,2007-10-16,2007,10,GRACE,October,Observed,1.980991682068838
01,2007-11-01,Salawin,14.11835770443774,1.0,38.0,2007-11-16,2007-11-16,2007,11,GRACE,November,Observed,2.1332225365549125
01,2007-12-01,Salawin,0.1817899284017761,1.0,38.0,2007-12-16,2007-12-16,2007,12,GRACE,December,Observed,2.289138453338467
01,2008-01-01,Salawin,-6.863965212391302,1.0,38.0,2008-01-16,2008-01-16,2008,1,GRACE,January,Observed,2.4461430311481234
01,2008-02-01,Salawin,-11.495517569994364,1.0,38.0,2008-02-15,2008-02-15,2008,2,GRACE,February,Observed,2.72164192007855
01,2008-03-01,Salawin,-18.1165286940231,1.0,38.0,2008-03-16,2008-03-16,2008,3,GRACE,March,Observed,3.099732156764843
01,2008-04-01,Salawin,-19.823296430821294,1.0,38.0,2008-04-16,2008-04-16,2008,4,GRACE,April,Observed,3.0385506010173864
01,2008-05-01,Salawin,-7.163636268925421,1.0,38.0,2008-05-16,2008-05-16,2008,5,GRACE,May,Observed,2.1722307932756846
01,2008-06-01,Salawin,-3.17458219248868,1.0,38.0,2008-06-16,2008-06-16,2008,6,GRACE,June,Observed,2.233376209366631
01,2008-07-01,Salawin,11.373219206627178,1.0,38.0,2008-07-16,2008-07-16,2008,7,GRACE,July,Observed,2.393397428862501
01,2008-08-01,Salawin,22.264139704212994,1.0,38.0,2008-08-16,2008-08-16,2008,8,GRACE,August,Observed,2.3874943748286843
01,2008-09-01,Salawin,24.32882060751689,1.0,38.0,2008-09-16,2008-09-16,2008,9,GRACE,September,Observed,2.342566773976816
01,2008-10-01,Salawin,20.437968736755803,1.0,38.0,2008-10-16,2008-10-16,2008,10,GRACE,October,Observed,2.323870067921241
01,2008-11-01,Salawin,14.852102697529098,1.0,38.0,2008-11-16,2008-11-16,2008,11,GRACE,November,Observed,2.373181995841236
01,2008-12-01,Salawin,2.1020445623522086,1.0,38.0,2008-12-16,2008-12-16,2008,12,GRACE,December,Observed,1.6452477847333717
01,2009-01-01,Salawin,-6.9348018607971,1.0,38.0,2009-01-16,2009-01-16,2009,1,GRACE,January,Observed,1.4700523635232372
01,2009-02-01,Salawin,-12.034648780216784,1.0,38.0,2009-02-15,2009-02-15,2009,2,GRACE,February,Observed,1.0216475991950345
01,2009-03-01,Salawin,-18.340889166689994,1.0,38.0,2009-03-16,2009-03-16,2009,3,GRACE,March,Observed,0.5361051497126234
01,2009-04-01,Salawin,-19.231553295781353,1.0,38.0,2009-04-16,2009-04-16,2009,4,GRACE,April,Observed,-0.0771423001099721
01,2009-05-01,Salawin,-15.898846802219792,1.0,38.0,2009-05-16,2009-05-16,2009,5,GRACE,May,Observed,-0.5589804041499847
01,2009-06-01,Salawin,-5.276927247010299,1.0,38.0,2009-06-16,2009-06-16,2009,6,GRACE,June,Observed,-1.2341512586602412
01,2009-07-01,Salawin,5.992362034688747,1.0,38.0,2009-07-16,2009-07-16,2009,7,GRACE,July,Observed,-1.5725335484045129
01,2009-08-01,Salawin,16.437630310424062,1.0,38.0,2009-08-16,2009-08-16,2009,8,GRACE,August,Observed,-1.7205483126774228
01,2009-09-01,Salawin,16.969851209645743,1.0,38.0,2009-09-16,2009-09-16,2009,9,GRACE,September,Observed,-1.9918305093317796
01,2009-10-01,Salawin,14.65591148827565,1.0,38.0,2009-10-16,2009-10-16,2009,10,GRACE,October,Observed,-2.210401310844399
01,2009-11-01,Salawin,6.7500524434060205,1.0,38.0,2009-11-16,2009-11-16,2009,11,GRACE,November,Observed,-3.1639177115488852
01,2009-12-01,Salawin,-1.9585429145790476,1.0,38.0,2009-12-16,2009-12-16,2009,12,GRACE,December,Observed,-4.230777229109926
01,2010-01-01,Salawin,-8.710979032072023,1.0,38.0,2010-01-16,2010-01-16,2010,1,GRACE,January,Observed,-5.020202856559764
01,2010-02-01,Salawin,-15.290035140069065,1.0,38.0,2010-02-15,2010-02-15,2010,2,GRACE,February,Observed,-6.275495570256506
01,2010-03-01,Salawin,-20.96373878484143,1.0,38.0,2010-03-16,2010-03-16,2010,3,GRACE,March,Observed,-6.959213627567806
01,2010-04-01,Salawin,-30.673750104235186,1.0,38.0,2010-04-16,2010-04-16,2010,4,GRACE,April,Observed,-6.981949892236092
01,2010-05-01,Salawin,-28.70116101295229,1.0,38.0,2010-05-16,2010-05-16,2010,5,GRACE,May,Observed,-6.356564908811452
01,2010-06-01,Salawin,-14.750034776408349,1.0,38.0,2010-06-16,2010-06-16,2010,6,GRACE,June,Observed,-6.063766229913131
01,2010-07-01,Salawin,-9.071150529672153,1.0,38.0,2010-07-16,2010-07-16,2010,7,GRACE,July,Observed,-5.774211462967613
01,2010-08-01,Salawin,8.233013622688462,1.0,38.0,2010-08-16,2010-08-16,2010,8,GRACE,August,Observed,-5.5072325930490305
01,2010-09-01,Salawin,16.69701603362632,1.0,38.0,2010-09-16,2010-09-16,2010,9,GRACE,September,Observed,-5.406057632687432
01,2010-10-01,Salawin,22.160531289371324,1.0,38.0,2010-10-16,2010-10-16,2010,10,GRACE,October,Observed,-5.051692057308769
01,2010-11-01,Salawin,10.26363659018587,1.0,38.0,2010-11-16,2010-11-16,2010,11,GRACE,November,Observed,-4.079558502771534
01,2010-12-01,Salawin,1.5161142887671728,1.0,38.0,2010-12-14,2010-12-14,2010,12,GRACE,December,Observed,-1.9119835074910958
01,2011-01-01,Salawin,,,,,,2011,1,GRACE,January,Missing,
01,2011-02-01,Salawin,-14.177110576091476,1.0,38.0,2011-02-18,2011-02-18,2011,2,GRACE,February,Observed,2.16064311577136
01,2011-03-01,Salawin,-17.065717455676143,1.0,38.0,2011-03-16,2011-03-16,2011,3,GRACE,March,Observed,4.383538819677016
01,2011-04-01,Salawin,-19.980281004325615,1.0,38.0,2011-04-16,2011-04-16,2011,4,GRACE,April,Observed,7.51893130232794
01,2011-05-01,Salawin,-4.857836064867461,1.0,38.0,2011-05-16,2011-05-16,2011,5,GRACE,May,Observed,9.221374437888628
01,2011-06-01,Salawin,,,,,,2011,6,GRACE,June,Missing,
01,2011-07-01,Salawin,18.81706443403515,1.0,38.0,2011-07-18,2011-07-18,2011,7,GRACE,July,Observed,9.257194182924746
01,2011-08-01,Salawin,30.46197066174502,1.0,38.0,2011-08-16,2011-08-16,2011,8,GRACE,August,Observed,8.113986272257462
01,2011-09-01,Salawin,48.05094086013556,1.0,38.0,2011-09-16,2011-09-16,2011,9,GRACE,September,Observed,8.432026893479762
01,2011-10-01,Salawin,39.18496264497821,2.0,76.0,2011-10-16,2011-10-31,2011,10,GRACE,October,Observed,8.79894734097942
01,2011-11-01,Salawin,,,,,,2011,11,GRACE,November,Missing,
01,2011-12-01,Salawin,2.880754146389479,1.0,38.0,2011-12-28,2011-12-28,2011,12,GRACE,December,Observed,10.765125828398947
01,2012-01-01,Salawin,-2.174884923748087,1.0,38.0,2012-01-16,2012-01-16,2012,1,GRACE,January,Observed,9.019486871905858
01,2012-02-01,Salawin,-10.996704363868478,1.0,38.0,2012-02-15,2012-02-15,2012,2,GRACE,February,Observed,7.8963732877261155
01,2012-03-01,Salawin,-13.396512980679566,1.0,38.0,2012-03-16,2012-03-16,2012,3,GRACE,March,Observed,6.9437573199013185
01,2012-04-01,Salawin,-15.941458023396763,1.0,38.0,2012-04-04,2012-04-04,2012,4,GRACE,April,Observed,4.981008686544065
01,2012-05-01,Salawin,,,,,,2012,5,GRACE,May,Missing,
01,2012-06-01,Salawin,-6.691263736531937,1.0,38.0,2012-06-16,2012-06-16,2012,6,GRACE,June,Observed,1.9791910955188001
01,2012-07-01,Salawin,7.5859285922377255,1.0,38.0,2012-07-16,2012-07-16,2012,7,GRACE,July,Observed,1.852300811969186
01,2012-08-01,Salawin,20.935810983497056,1.0,38.0,2012-08-16,2012-08-16,2012,8,GRACE,August,Observed,1.6385063727212035
01,2012-09-01,Salawin,28.42345452656302,1.0,38.0,2012-09-13,2012-09-13,2012,9,GRACE,September,Observed,1.6956923860313076
01,2012-10-01,Salawin,,,,,,2012,10,GRACE,October,Missing,
01,2012-11-01,Salawin,9.166786734725557,1.0,38.0,2012-11-18,2012-11-18,2012,11,GRACE,November,Observed,2.7326591788295906
01,2012-12-01,Salawin,1.6118513108933372,1.0,38.0,2012-12-16,2012-12-16,2012,12,GRACE,December,Observed,0.30709915795260656
01,2013-01-01,Salawin,-4.31282931622791,1.0,38.0,2013-01-16,2013-01-16,2013,1,GRACE,January,Observed,-0.07414639937453948
01,2013-02-01,Salawin,-10.424844230767437,1.0,38.0,2013-02-14,2013-02-14,2013,2,GRACE,February,Observed,-0.5418115259076104
01,2013-03-01,Salawin,,,,,,2013,3,GRACE,March,Missing,
01,2013-04-01,Salawin,-21.70096225492309,1.0,38.0,2013-04-21,2013-04-21,2013,4,GRACE,April,Observed,-6.8471725961420224
01,2013-05-01,Salawin,-21.52294102994025,1.0,38.0,2013-05-16,2013-05-16,2013,5,GRACE,May,Observed,-3.1220251231269036
01,2013-06-01,Salawin,-10.503719309803394,1.0,38.0,2013-06-16,2013-06-16,2013,6,GRACE,June,Observed,-2.469889261929087
01,2013-07-01,Salawin,2.9092773269070156,1.0,38.0,2013-07-16,2013-07-16,2013,7,GRACE,July,Observed,-2.115896251260784
01,2013-08-01,Salawin,,,,,,2013,8,GRACE,August,Missing,
01,2013-09-01,Salawin,,,,,,2013,9,GRACE,September,Missing,
01,2013-10-01,Salawin,26.679154660994048,1.0,38.0,2013-10-16,2013-10-16,2013,10,GRACE,October,Observed,-2.5191991489241925
01,2013-11-01,Salawin,15.036009485505907,1.0,38.0,2013-11-16,2013-11-16,2013,11,GRACE,November,Observed,-2.42231754308383
01,2013-12-01,Salawin,4.797788406908063,1.0,38.0,2013-12-16,2013-12-16,2013,12,GRACE,December,Observed,-2.0593414834921324
01,2014-01-01,Salawin,-1.3138011746855793,1.0,38.0,2014-01-09,2014-01-09,2014,1,GRACE,January,Observed,-2.2911066475958433
01,2014-02-01,Salawin,,,,,,2014,2,GRACE,February,Missing,
01,2014-03-01,Salawin,-17.053598451280443,1.0,38.0,2014-03-17,2014-03-17,2014,3,GRACE,March,Observed,-1.1911322988658002
01,2014-04-01,Salawin,-20.82902780235983,1.0,38.0,2014-04-16,2014-04-16,2014,4,GRACE,April,Observed,0.8668094248871967
01,2014-05-01,Salawin,-18.256156493614974,1.0,38.0,2014-05-16,2014-05-16,2014,5,GRACE,May,Observed,-0.033737634177822426
01,2014-06-01,Salawin,-12.589605786736788,1.0,38.0,2014-06-13,2014-06-13,2014,6,GRACE,June,Observed,-0.5177345774327795
01,2014-07-01,Salawin,,,,,,2014,7,GRACE,July,Missing,
01,2014-08-01,Salawin,12.809046465477403,1.0,38.0,2014-08-16,2014-08-16,2014,8,GRACE,August,Observed,-1.662418198655634
01,2014-09-01,Salawin,19.388284938664167,1.0,38.0,2014-09-16,2014-09-16,2014,9,GRACE,September,Observed,-2.8566901846503985
01,2014-10-01,Salawin,17.673684070343857,1.0,38.0,2014-10-16,2014-10-16,2014,10,GRACE,October,Observed,-2.947302445586494
01,2014-11-01,Salawin,10.196040052956336,1.0,38.0,2014-11-16,2014-11-16,2014,11,GRACE,November,Observed,-3.1622476801075052
01,2014-12-01,Salawin,,,,,,2014,12,GRACE,December,Missing,
01,2015-01-01,Salawin,-6.300430781350424,1.0,38.0,2015-01-22,2015-01-22,2015,1,GRACE,January,Observed,-0.0970893150904113
01,2015-02-01,Salawin,-13.605138058603282,1.0,38.0,2015-02-15,2015-02-15,2015,2,GRACE,February,Observed,0.1797428513234237
01,2015-03-01,Salawin,-17.9597210606414,1.0,38.0,2015-03-16,2015-03-16,2015,3,GRACE,March,Observed,0.3828851343038539
01,2015-04-01,Salawin,-22.97848014756994,2.0,76.0,2015-04-16,2015-04-27,2015,4,GRACE,April,Observed,0.03466588476863011
01,2015-05-01,Salawin,,,,,,2015,5,GRACE,May,Missing,
01,2015-06-01,Salawin,,,,,,2015,6,GRACE,June,Missing,
01,2015-07-01,Salawin,2.394400182634104,1.0,38.0,2015-07-15,2015-07-15,2015,7,GRACE,July,Observed,-4.737244436387201
01,2015-08-01,Salawin,14.637327012301274,1.0,38.0,2015-08-16,2015-08-16,2015,8,GRACE,August,Observed,-5.086083285924234
01,2015-09-01,Salawin,16.254311692847153,1.0,38.0,2015-09-14,2015-09-14,2015,9,GRACE,September,Observed,-5.171502678907842
01,2015-10-01,Salawin,,,,,,2015,10,GRACE,October,Missing,
01,2015-11-01,Salawin,,,,,,2015,11,GRACE,November,Missing,
01,2015-12-01,Salawin,-10.34022433071508,1.0,38.0,2015-12-23,2015-12-23,2015,12,GRACE,December,Observed,-7.983929537501986
01,2016-01-01,Salawin,-9.091141577646695,1.0,38.0,2016-01-16,2016-01-16,2016,1,GRACE,January,Observed,-8.323560523875255
01,2016-02-01,Salawin,-14.28849320247215,1.0,38.0,2016-02-14,2016-02-14,2016,2,GRACE,February,Observed,-8.256018467817116
01,2016-03-01,Salawin,-24.294002505239288,1.0,38.0,2016-03-16,2016-03-16,2016,3,GRACE,March,Observed,-8.337213965628802
01,2016-04-01,Salawin,,,,,,2016,4,GRACE,April,Missing,
01,2016-05-01,Salawin,-39.1436135717252,1.0,38.0,2016-05-20,2016-05-20,2016,5,GRACE,May,Observed,-11.411154672938299
01,2016-06-01,Salawin,-11.04060841486141,1.0,38.0,2016-06-16,2016-06-16,2016,6,GRACE,June,Observed,-9.022332543537859
01,2016-07-01,Salawin,3.0022786871573564,1.0,38.0,2016-07-15,2016-07-15,2016,7,GRACE,July,Observed,-8.11546446922194
01,2016-08-01,Salawin,13.906567531996085,1.0,38.0,2016-08-21,2016-08-21,2016,8,GRACE,August,Observed,-7.95801362566275
01,2016-09-01,Salawin,,,,,,2016,9,GRACE,September,Missing,
01,2016-10-01,Salawin,,,,,,2016,10,GRACE,October,Missing,
01,2016-11-01,Salawin,10.088244491665664,1.0,38.0,2016-11-27,2016-11-27,2016,11,GRACE,November,Observed,-8.521066035165621
01,2016-12-01,Salawin,-2.1784116618718157,1.0,38.0,2016-12-24,2016-12-24,2016,12,GRACE,December,Observed,-6.702579795734997
01,2017-01-01,Salawin,-7.6740839856139855,1.0,38.0,2017-01-21,2017-01-21,2017,1,GRACE,January,Observed,-6.642965189622203
01,2017-02-01,Salawin,,,,,,2017,2,GRACE,February,Missing,
01,2017-03-01,Salawin,-19.590317730379414,1.0,38.0,2017-03-31,2017-03-31,2017,3,GRACE,March,Observed,
01,2017-04-01,Salawin,-24.059649662857858,1.0,38.0,2017-04-24,2017-04-24,2017,4,GRACE,April,Observed,
01,2017-05-01,Salawin,-22.777237416849587,1.0,38.0,2017-05-13,2017-05-13,2017,5,GRACE,May,Observed,
01,2017-06-01,Salawin,-10.504076959846264,1.0,38.0,2017-06-10,2017-06-10,2017,6,GRACE,June,Observed,
01,2017-07-01,Salawin,,,,,,2017,7,Mission gap,July,Missing,
01,2017-08-01,Salawin,,,,,,2017,8,Mission gap,August,Missing,
01,2017-09-01,Salawin,,,,,,2017,9,Mission gap,September,Missing,
01,2017-10-01,Salawin,,,,,,2017,10,Mission gap,October,Missing,
01,2017-11-01,Salawin,,,,,,2017,11,Mission gap,November,Missing,
01,2017-12-01,Salawin,,,,,,2017,12,Mission gap,December,Missing,
01,2018-01-01,Salawin,,,,,,2018,1,Mission gap,January,Missing,
01,2018-02-01,Salawin,,,,,,2018,2,Mission gap,February,Missing,
01,2018-03-01,Salawin,,,,,,2018,3,Mission gap,March,Missing,
01,2018-04-01,Salawin,,,,,,2018,4,Mission gap,April,Missing,
01,2018-05-01,Salawin,,,,,,2018,5,GRACE-FO,May,Missing,
01,2018-06-01,Salawin,-3.0442279671755967,1.0,38.0,2018-06-16,2018-06-16,2018,6,GRACE-FO,June,Observed,
01,2018-07-01,Salawin,9.998666015126203,1.0,38.0,2018-07-10,2018-07-10,2018,7,GRACE-FO,July,Observed,
01,2018-08-01,Salawin,,,,,,2018,8,GRACE-FO,August,Missing,
01,2018-09-01,Salawin,,,,,,2018,9,GRACE-FO,September,Missing,
01,2018-10-01,Salawin,20.788312910605555,1.0,38.0,2018-10-31,2018-10-31,2018,10,GRACE-FO,October,Observed,1.1767862145359422
01,2018-11-01,Salawin,11.50662998429165,1.0,38.0,2018-11-16,2018-11-16,2018,11,GRACE-FO,November,Observed,-1.4480339815689307
01,2018-12-01,Salawin,2.887894762857276,1.0,38.0,2018-12-16,2018-12-16,2018,12,GRACE-FO,December,Observed,-3.7243668350454255
01,2019-01-01,Salawin,-6.398614107958736,1.0,38.0,2019-01-16,2019-01-16,2019,1,GRACE-FO,January,Observed,-4.757631516864048
01,2019-02-01,Salawin,-10.039284857775481,1.0,38.0,2019-02-15,2019-02-15,2019,2,GRACE-FO,February,Observed,-6.062488981487865
01,2019-03-01,Salawin,-16.285087023683325,1.0,38.0,2019-03-16,2019-03-16,2019,3,GRACE-FO,March,Observed,-4.325355468138683
01,2019-04-01,Salawin,-22.446595550407913,1.0,38.0,2019-04-16,2019-04-16,2019,4,GRACE-FO,April,Observed,-2.5374392539040573
01,2019-05-01,Salawin,-24.21136251633388,1.0,38.0,2019-05-16,2019-05-16,2019,5,GRACE-FO,May,Observed,-4.395354510321621
01,2019-06-01,Salawin,-13.376874785361823,1.0,38.0,2019-06-16,2019-06-16,2019,6,GRACE-FO,June,Observed,-5.418007574561312
01,2019-07-01,Salawin,-3.0499086311119705,1.0,38.0,2019-07-16,2019-07-16,2019,7,GRACE-FO,July,Observed,-6.373357962752173
01,2019-08-01,Salawin,13.045979665353133,1.0,38.0,2019-08-16,2019-08-16,2019,8,GRACE-FO,August,Observed,-6.863278763423249
01,2019-09-01,Salawin,17.129639102676833,1.0,38.0,2019-09-16,2019-09-16,2019,9,GRACE-FO,September,Observed,-8.235797117851694
01,2019-10-01,Salawin,-1.506670166405199,1.0,38.0,2019-10-16,2019-10-16,2019,10,GRACE-FO,October,Observed,-9.003593226369905
01,2019-11-01,Salawin,-0.7652067865846475,1.0,38.0,2019-11-16,2019-11-16,2019,11,GRACE-FO,November,Observed,-10.053469290929023
01,2019-12-01,Salawin,-8.576309895433049,1.0,38.0,2019-12-16,2019-12-16,2019,12,GRACE-FO,December,Observed,-10.719623042844853
01,2020-01-01,Salawin,-12.277663716011661,1.0,38.0,2020-01-16,2020-01-16,2020,1,GRACE-FO,January,Observed,-12.254919143051163
01,2020-02-01,Salawin,-26.509505110916823,1.0,38.0,2020-02-15,2020-02-15,2020,2,GRACE-FO,February,Observed,-13.129183180952069
01,2020-03-01,Salawin,-25.498640325901846,1.0,38.0,2020-03-16,2020-03-16,2020,3,GRACE-FO,March,Observed,-13.911137794052761
01,2020-04-01,Salawin,-35.04510832511733,1.0,38.0,2020-04-16,2020-04-16,2020,4,GRACE-FO,April,Observed,-14.83099879622
01,2020-05-01,Salawin,-32.20520753932386,1.0,38.0,2020-05-16,2020-05-16,2020,5,GRACE-FO,May,Observed,-14.191471430475218
01,2020-06-01,Salawin,-31.800427987837544,1.0,38.0,2020-06-16,2020-06-16,2020,6,GRACE-FO,June,Observed,-14.443403413574979
01,2020-07-01,Salawin,-13.541077085922835,1.0,38.0,2020-07-16,2020-07-16,2020,7,GRACE-FO,July,Observed,-15.560008228067119
01,2020-08-01,Salawin,3.662524308144851,1.0,38.0,2020-08-16,2020-08-16,2020,8,GRACE-FO,August,Observed,-16.662059433428286
01,2020-09-01,Salawin,6.091307076669966,1.0,38.0,2020-09-16,2020-09-16,2020,9,GRACE-FO,September,Observed,-16.2654623298251
01,2020-10-01,Salawin,6.1676582225321654,1.0,38.0,2020-10-16,2020-10-16,2020,10,GRACE-FO,October,Observed,-16.629239574046004
01,2020-11-01,Salawin,-3.7883905837817857,1.0,38.0,2020-11-16,2020-11-16,2020,11,GRACE-FO,November,Observed,-15.739728566417112
01,2020-12-01,Salawin,-21.975567669338723,1.0,38.0,2020-12-16,2020-12-16,2020,12,GRACE-FO,December,Observed,-15.411127390104317
01,2021-01-01,Salawin,-25.50227818034567,1.0,38.0,2021-01-16,2021-01-16,2021,1,GRACE-FO,January,Observed,-14.100979169161908
01,2021-02-01,Salawin,-21.750339867678587,1.0,38.0,2021-02-15,2021-02-15,2021,2,GRACE-FO,February,Observed,-13.595329319685531
01,2021-03-01,Salawin,-29.863967256552687,1.0,38.0,2021-03-16,2021-03-16,2021,3,GRACE-FO,March,Observed,-13.801678824807937
01,2021-04-01,Salawin,-24.370976233570634,1.0,38.0,2021-04-16,2021-04-16,2021,4,GRACE-FO,April,Observed,-13.532125586339781
01,2021-05-01,Salawin,-28.261993423570328,1.0,38.0,2021-05-16,2021-05-16,2021,5,GRACE-FO,May,Observed,-13.003364823009198
01,2021-06-01,Salawin,-16.07864933652862,1.0,38.0,2021-06-16,2021-06-16,2021,6,GRACE-FO,June,Observed,-12.29329596381043
01,2021-07-01,Salawin,-7.473278892206293,1.0,38.0,2021-07-16,2021-07-16,2021,7,GRACE-FO,July,Observed,-10.946928418653394
01,2021-08-01,Salawin,1.1863302466759613,1.0,38.0,2021-08-16,2021-08-16,2021,8,GRACE-FO,August,Observed,-9.92805754357079
01,2021-09-01,Salawin,9.32594593828783,1.0,38.0,2021-09-16,2021-09-16,2021,9,GRACE-FO,September,Observed,-9.65732143170608
01,2021-10-01,Salawin,12.512787382499186,1.0,38.0,2021-10-16,2021-10-16,2021,10,GRACE-FO,October,Observed,-8.684875653595565
01,2021-11-01,Salawin,4.732435726603428,1.0,38.0,2021-11-16,2021-11-16,2021,11,GRACE-FO,November,Observed,-8.353024062659072
01,2021-12-01,Salawin,-5.8191571274543215,1.0,38.0,2021-12-16,2021-12-16,2021,12,GRACE-FO,December,Observed,-7.10036612344194
01,2022-01-01,Salawin,-13.275827679354398,1.0,38.0,2022-01-16,2022-01-16,2022,1,GRACE-FO,January,Observed,-6.4978250408841625
01,2022-02-01,Salawin,-18.501506525302087,1.0,38.0,2022-02-15,2022-02-15,2022,2,GRACE-FO,February,Observed,-6.056051410805708
01,2022-03-01,Salawin,-18.1946179192265,1.0,38.0,2022-03-16,2022-03-16,2022,3,GRACE-FO,March,Observed,-5.2754320832410215
01,2022-04-01,Salawin,-20.38875714233271,1.0,38.0,2022-04-16,2022-04-16,2022,4,GRACE-FO,April,Observed,-4.537376488962113
01,2022-05-01,Salawin,-13.23009815296475,1.0,38.0,2022-05-16,2022-05-16,2022,5,GRACE-FO,May,Observed,-4.089172150838853
01,2022-06-01,Salawin,-8.848156345835289,1.0,38.0,2022-06-16,2022-06-16,2022,6,GRACE-FO,June,Observed,-3.7627619092961706
01,2022-07-01,Salawin,-2.171995331264844,1.0,38.0,2022-07-16,2022-07-16,2022,7,GRACE-FO,July,Observed,-3.183460878471396
01,2022-08-01,Salawin,10.553762177452198,1.0,38.0,2022-08-16,2022-08-16,2022,8,GRACE-FO,August,Observed,-3.1058087746170595
01,2022-09-01,Salawin,18.18261306963474,1.0,38.0,2022-09-16,2022-09-16,2022,9,GRACE-FO,September,Observed,-2.5093069075012866
01,2022-10-01,Salawin,17.891239439978296,1.0,38.0,2022-10-16,2022-10-16,2022,10,GRACE-FO,October,Observed,-2.4380124102791547
01,2022-11-01,Salawin,8.649358625115626,1.0,38.0,2022-11-16,2022-11-16,2022,11,GRACE-FO,November,Observed,-2.7333772448300446
01,2022-12-01,Salawin,1.1324552424429672,1.0,38.0,2022-12-16,2022-12-16,2022,12,GRACE-FO,December,Observed,-3.754687224291979
01,2023-01-01,Salawin,-12.344002433102354,1.0,38.0,2023-01-16,2023-01-16,2023,1,GRACE-FO,January,Observed,-4.641491831016679
01,2023-02-01,Salawin,-11.343484119912816,1.0,38.0,2023-02-15,2023-02-15,2023,2,GRACE-FO,February,Observed,-5.022084013940645
01,2023-03-01,Salawin,-17.339083952560912,1.0,38.0,2023-03-16,2023-03-16,2023,3,GRACE-FO,March,Observed,-5.215653953331485
01,2023-04-01,Salawin,-23.93313515694339,1.0,38.0,2023-04-16,2023-04-16,2023,4,GRACE-FO,April,Observed,-5.672314600326321
01,2023-05-01,Salawin,-25.485817906507965,1.0,38.0,2023-05-16,2023-05-16,2023,5,GRACE-FO,May,Observed,-5.373038137898568
01,2023-06-01,Salawin,-19.489811626531683,1.0,38.0,2023-06-16,2023-06-16,2023,6,GRACE-FO,June,Observed,-4.986572517441874
01,2023-07-01,Salawin,-6.73910152635244,1.0,38.0,2023-07-16,2023-07-16,2023,7,GRACE-FO,July,Observed,-5.171805301439705
01,2023-08-01,Salawin,8.23092290476211,1.0,38.0,2023-08-16,2023-08-16,2023,8,GRACE-FO,August,Observed,-4.915554220232216
01,2023-09-01,Salawin,12.702685305696708,1.0,38.0,2023-09-16,2023-09-16,2023,9,GRACE-FO,September,Observed,-5.246449821474659
01,2023-10-01,Salawin,21.482556989111348,1.0,38.0,2023-10-16,2023-10-16,2023,10,GRACE-FO,October,Observed,-5.345025840925665
01,2023-11-01,Salawin,13.286946070595944,1.0,38.0,2023-11-16,2023-11-16,2023,11,GRACE-FO,November,Observed,-5.855122319146029
01,2023-12-01,Salawin,-1.0903381655310045,1.0,38.0,2023-12-16,2023-12-16,2023,12,GRACE-FO,December,Observed,-6.139381152593203
01,2024-01-01,Salawin,-9.268989458612484,1.0,38.0,2024-01-16,2024-01-16,2024,1,GRACE-FO,January,Observed,-5.442753379698391
01,2024-02-01,Salawin,-15.314231334822134,1.0,38.0,2024-02-15,2024-02-15,2024,2,GRACE-FO,February,Observed,-5.260490777068267
01,2024-03-01,Salawin,-18.52199618597299,1.0,38.0,2024-03-16,2024-03-16,2024,3,GRACE-FO,March,Observed,-4.366546000040695
01,2024-04-01,Salawin,-30.05429289558775,1.0,38.0,2024-04-16,2024-04-16,2024,4,GRACE-FO,April,Observed,-3.2589286081806415
01,2024-05-01,Salawin,-28.896923907874054,1.0,38.0,2024-05-16,2024-05-16,2024,5,GRACE-FO,May,Observed,-2.4191023775619267
01,2024-06-01,Salawin,-11.130278351793937,1.0,38.0,2024-06-16,2024-06-16,2024,6,GRACE-FO,June,Observed,-3.846924963758097
01,2024-07-01,Salawin,-4.551950294790961,1.0,38.0,2024-07-16,2024-07-16,2024,7,GRACE-FO,July,Observed,-4.122583643580805
01,2024-08-01,Salawin,18.958260229092986,1.0,38.0,2024-08-16,2024-08-16,2024,8,GRACE-FO,August,Observed,-3.550760775243953
01,2024-09-01,Salawin,25.994094008017345,1.0,38.0,2024-09-16,2024-09-16,2024,9,GRACE-FO,September,Observed,-2.08032695529668
01,2024-10-01,Salawin,31.56047175653593,1.0,38.0,2024-10-16,2024-10-16,2024,10,GRACE-FO,October,Observed,
02,2002-04-01,North Khong,-19.040232587584118,1.0,31.0,2002-04-18,2002-04-18,2002,4,GRACE,April,Observed,
02,2002-05-01,North Khong,-18.64433169905002,1.0,31.0,2002-05-10,2002-05-10,2002,5,GRACE,May,Observed,
02,2002-06-01,North Khong,,,,,,2002,6,GRACE,June,Missing,
02,2002-07-01,North Khong,,,,,,2002,7,GRACE,July,Missing,
02,2002-08-01,North Khong,22.001894520127667,1.0,31.0,2002-08-16,2002-08-16,2002,8,GRACE,August,Observed,8.713661723100886
02,2002-09-01,North Khong,24.874514322764405,1.0,31.0,2002-09-16,2002-09-16,2002,9,GRACE,September,Observed,7.158065202634363
02,2002-10-01,North Khong,24.544625988354145,1.0,31.0,2002-10-16,2002-10-16,2002,10,GRACE,October,Observed,5.4082129362044
02,2002-11-01,North Khong,20.412024965660063,1.0,31.0,2002-11-16,2002-11-16,2002,11,GRACE,November,Observed,5.816983032853427
02,2002-12-01,North Khong,10.677867879524662,1.0,31.0,2002-12-16,2002-12-16,2002,12,GRACE,December,Observed,6.517783040414133
02,2003-01-01,North Khong,4.882930395010285,1.0,31.0,2003-01-16,2003-01-16,2003,1,GRACE,January,Observed,6.517783040414133
02,2003-02-01,North Khong,-5.286706961097818,1.0,31.0,2003-02-15,2003-02-15,2003,2,GRACE,February,Observed,6.033067892761104
02,2003-03-01,North Khong,-10.340457461665267,1.0,31.0,2003-03-16,2003-03-16,2003,3,GRACE,March,Observed,4.982578711343842
02,2003-04-01,North Khong,-14.952531621093843,1.0,31.0,2003-04-16,2003-04-16,2003,4,GRACE,April,Observed,4.468469710308958
02,2003-05-01,North Khong,-11.636331623442967,1.0,31.0,2003-05-11,2003-05-11,2003,5,GRACE,May,Observed,3.5961387218587775
02,2003-06-01,North Khong,,,,,,2003,6,GRACE,June,Missing,
02,2003-07-01,North Khong,1.1859164162308047,1.0,31.0,2003-07-16,2003-07-16,2003,7,GRACE,July,Observed,0.6384906469424698
02,2003-08-01,North Khong,10.446513524537794,1.0,31.0,2003-08-16,2003-08-16,2003,8,GRACE,August,Observed,-0.9481365097633482
02,2003-09-01,North Khong,19.219315311380676,1.0,31.0,2003-09-16,2003-09-16,2003,9,GRACE,September,Observed,-2.218402296851392
02,2003-10-01,North Khong,14.94898511540216,1.0,31.0,2003-10-16,2003-10-16,2003,10,GRACE,October,Observed,-3.5102836974094447
02,2003-11-01,North Khong,5.220874881626546,1.0,31.0,2003-11-16,2003-11-16,2003,11,GRACE,November,Observed,-4.317798226979983
02,2003-12-01,North Khong,-6.665110860521203,1.0,31.0,2003-12-16,2003-12-16,2003,12,GRACE,December,Observed,-5.1577724256277735
02,2004-01-01,North Khong,-12.569968328753712,1.0,31.0,2004-01-07,2004-01-07,2004,1,GRACE,January,Observed,-5.057191439650214
02,2004-02-01,North Khong,-19.259630619066304,1.0,31.0,2004-02-17,2004-02-17,2004,2,GRACE,February,Observed,-4.55708460708114
02,2004-03-01,North Khong,-24.551152867803843,1.0,31.0,2004-03-16,2004-03-16,2004,3,GRACE,March,Observed,-3.721974046770743
02,2004-04-01,North Khong,-23.83519144636977,1.0,31.0,2004-04-16,2004-04-16,2004,4,GRACE,April,Observed,-2.6367544830819725
02,2004-05-01,North Khong,-20.876047808568664,1.0,31.0,2004-05-16,2004-05-16,2004,5,GRACE,May,Observed,-2.1994311849348143
02,2004-06-01,North Khong,-3.9508005938970565,1.0,31.0,2004-06-16,2004-06-16,2004,6,GRACE,June,Observed,-2.1683087865970507
02,2004-07-01,North Khong,7.1871984070597055,1.0,31.0,2004-07-16,2004-07-16,2004,7,GRACE,July,Observed,-1.7563023046534691
02,2004-08-01,North Khong,20.467840248262547,1.0,31.0,2004-08-16,2004-08-16,2004,8,GRACE,August,Observed,-1.8572893848257028
02,2004-09-01,North Khong,32.241950075645924,1.0,31.0,2004-09-16,2004-09-16,2004,9,GRACE,September,Observed,-1.7476543037771128
02,2004-10-01,North Khong,20.196864693168056,1.0,31.0,2004-10-16,2004-10-16,2004,10,GRACE,October,Observed,-1.691920952946024
02,2004-11-01,North Khong,5.59434366167971,1.0,31.0,2004-11-16,2004-11-16,2004,11,GRACE,November,Observed,-1.8851593192798257
02,2004-12-01,North Khong,-1.7210330771982232,1.0,31.0,2004-12-16,2004-12-16,2004,12,GRACE,December,Observed,-2.4806871736682203
02,2005-01-01,North Khong,-13.78181329082052,1.0,31.0,2005-01-16,2005-01-16,2005,1,GRACE,January,Observed,-3.4669946998055585
02,2005-02-01,North Khong,-17.944009646483224,1.0,31.0,2005-02-15,2005-02-15,2005,2,GRACE,February,Observed,-4.717148117443983
02,2005-03-01,North Khong,-23.882352657830776,1.0,31.0,2005-03-16,2005-03-16,2005,3,GRACE,March,Observed,-5.295210564970303
02,2005-04-01,North Khong,-26.15405184237539,1.0,31.0,2005-04-16,2005-04-16,2005,4,GRACE,April,Observed,-6.252890279723368
02,2005-05-01,North Khong,-28.022382061229397,1.0,31.0,2005-05-16,2005-05-16,2005,5,GRACE,May,Observed,-6.531215288756378
02,2005-06-01,North Khong,-15.786490907545113,1.0,31.0,2005-06-16,2005-06-16,2005,6,GRACE,June,Observed,-5.74021505243072
02,2005-07-01,North Khong,-7.814642604601395,1.0,31.0,2005-07-16,2005-07-16,2005,7,GRACE,July,Observed,-5.164188377476044
02,2005-08-01,North Khong,13.531090877946703,1.0,31.0,2005-08-16,2005-08-16,2005,8,GRACE,August,Observed,-4.28290590415681
02,2005-09-01,North Khong,20.749793498609154,1.0,31.0,2005-09-16,2005-09-16,2005,9,GRACE,September,Observed,-3.7014728980557385
02,2005-10-01,North Khong,16.856964584771923,1.0,31.0,2005-10-16,2005-10-16,2005,10,GRACE,October,Observed,-3.130900048355338
02,2005-11-01,North Khong,15.086346497587598,1.0,31.0,2005-11-16,2005-11-16,2005,11,GRACE,November,Observed,-2.631568685237581
02,2005-12-01,North Khong,5.191287022257903,1.0,31.0,2005-12-16,2005-12-16,2005,12,GRACE,December,Observed,-1.5191168276473583
02,2006-01-01,North Khong,-3.206423610989714,1.0,31.0,2006-01-16,2006-01-16,2006,1,GRACE,January,Observed,-0.6144827160899945
02,2006-02-01,North Khong,-10.966813573270358,1.0,31.0,2006-02-15,2006-02-15,2006,2,GRACE,February,Observed,0.4422955311952524
02,2006-03-01,North Khong,-17.035478461425974,1.0,31.0,2006-03-16,2006-03-16,2006,3,GRACE,March,Observed,0.8916401891753551
02,2006-04-01,North Khong,-20.16207548496231,1.0,31.0,2006-04-16,2006-04-16,2006,4,GRACE,April,Observed,1.224876888893913
02,2006-05-01,North Khong,-14.672959770146726,1.0,31.0,2006-05-16,2006-05-16,2006,5,GRACE,May,Observed,2.3418552119320943
02,2006-06-01,North Khong,-4.930881568856747,1.0,31.0,2006-06-16,2006-06-16,2006,6,GRACE,June,Observed,2.518921662206777
02,2006-07-01,North Khong,4.8666963628215685,1.0,31.0,2006-07-16,2006-07-16,2006,7,GRACE,July,Observed,2.5448994149722455
02,2006-08-01,North Khong,18.923226773707935,1.0,31.0,2006-08-16,2006-08-16,2006,8,GRACE,August,Observed,2.1813061512132403
02,2006-09-01,North Khong,24.748633895231848,1.0,31.0,2006-09-16,2006-09-16,2006,9,GRACE,September,Observed,2.1053890093555774
02,2006-10-01,North Khong,30.2607044612301,1.0,31.0,2006-10-16,2006-10-16,2006,10,GRACE,October,Observed,1.9241302108131508
02,2006-11-01,North Khong,17.21114390088379,1.0,31.0,2006-11-16,2006-11-16,2006,11,GRACE,November,Observed,1.9641221358839946
02,2006-12-01,North Khong,5.503020055443519,1.0,31.0,2006-12-16,2006-12-16,2006,12,GRACE,December,Observed,2.1071282858889546
02,2007-01-01,North Khong,-7.569542776097776,1.0,31.0,2007-01-16,2007-01-16,2007,1,GRACE,January,Observed,2.1350669085510265
02,2007-02-01,North Khong,-11.877819275562306,1.0,31.0,2007-02-14,2007-02-14,2007,2,GRACE,February,Observed,1.9176024656940676
02,2007-03-01,North Khong,-19.210584043935096,1.0,31.0,2007-03-16,2007-03-16,2007,3,GRACE,March,Observed,1.4313881895138139
02,2007-04-01,North Khong,-19.682172384112178,1.0,31.0,2007-04-16,2007-04-16,2007,4,GRACE,April,Observed,1.3770542532834185
02,2007-05-01,North Khong,-12.956885970087214,1.0,31.0,2007-05-16,2007-05-16,2007,5,GRACE,May,Observed,0.9403629582177908
02,2007-06-01,North Khong,-4.595618096911882,1.0,31.0,2007-06-16,2007-06-16,2007,6,GRACE,June,Observed,0.8850660339085135
02,2007-07-01,North Khong,2.257123048538064,1.0,31.0,2007-07-16,2007-07-16,2007,7,GRACE,July,Observed,0.46729673800503035
02,2007-08-01,North Khong,13.088655459544889,1.0,31.0,2007-08-16,2007-08-16,2007,8,GRACE,August,Observed,0.475102243081885
02,2007-09-01,North Khong,24.096626660467102,1.0,31.0,2007-09-16,2007-09-16,2007,9,GRACE,September,Observed,0.5799378945130113
02,2007-10-01,North Khong,25.02040892044257,1.0,31.0,2007-10-16,2007-10-16,2007,10,GRACE,October,Observed,0.8481528672643696
02,2007-11-01,North Khong,16.547580809172462,1.0,31.0,2007-11-16,2007-11-16,2007,11,GRACE,November,Observed,1.0767545589160534
02,2007-12-01,North Khong,0.4897885046017224,1.0,31.0,2007-12-16,2007-12-16,2007,12,GRACE,December,Observed,1.2073756350489495
02,2008-01-01,North Khong,-7.47587671517552,1.0,31.0,2008-01-16,2008-01-16,2008,1,GRACE,January,Observed,1.5421752257192918
02,2008-02-01,North Khong,-10.619791458388791,1.0,31.0,2008-02-15,2008-02-15,2008,2,GRACE,February,Observed,2.477573135085455
02,2008-03-01,North Khong,-15.992004370918798,1.0,31.0,2008-03-16,2008-03-16,2008,3,GRACE,March,Observed,3.3721640111946685
02,2008-04-01,North Khong,-16.93895208429197,1.0,31.0,2008-04-16,2008-04-16,2008,4,GRACE,April,Observed,3.6728559647832313
02,2008-05-01,North Khong,-11.389433056492459,1.0,31.0,2008-05-16,2008-05-16,2008,5,GRACE,May,Observed,3.5793134342877977
02,2008-06-01,North Khong,-0.5780230088677725,1.0,31.0,2008-06-16,2008-06-16,2008,6,GRACE,June,Observed,3.960732393286552
02,2008-07-01,North Khong,13.481897960932022,1.0,31.0,2008-07-16,2008-07-16,2008,7,GRACE,July,Observed,4.423701011012124
02,2008-08-01,North Khong,23.823745972855452,1.0,31.0,2008-08-16,2008-08-16,2008,8,GRACE,August,Observed,4.786699192120641
02,2008-09-01,North Khong,27.704930103529854,1.0,31.0,2008-09-16,2008-09-16,2008,9,GRACE,September,Observed,4.916876118623564
02,2008-10-01,North Khong,23.89789855449736,1.0,31.0,2008-10-16,2008-10-16,2008,10,GRACE,October,Observed,4.7825198819972226
02,2008-11-01,North Khong,21.124608317157513,1.0,31.0,2008-11-16,2008-11-16,2008,11,GRACE,November,Observed,4.906253793960744
02,2008-12-01,North Khong,6.045411917308585,1.0,31.0,2008-12-16,2008-12-16,2008,12,GRACE,December,Observed,4.6417421351239545
02,2009-01-01,North Khong,-3.11989854187331,1.0,31.0,2009-01-16,2009-01-16,2009,1,GRACE,January,Observed,4.425340607637976
02,2009-02-01,North Khong,-9.057668340353716,1.0,31.0,2009-02-15,2009-02-15,2009,2,GRACE,February,Observed,3.7722352749539
02,2009-03-01,North Khong,-17.6042792104349,1.0,31.0,2009-03-16,2009-03-16,2009,3,GRACE,March,Observed,2.9612709035409637
02,2009-04-01,North Khong,-15.454145140729706,1.0,31.0,2009-04-16,2009-04-16,2009,4,GRACE,April,Observed,2.0604009808876733
02,2009-05-01,North Khong,-14.563572962533932,1.0,31.0,2009-05-16,2009-05-16,2009,5,GRACE,May,Observed,1.4948553536473292
02,2009-06-01,North Khong,-3.1748413386995185,1.0,31.0,2009-06-16,2009-06-16,2009,6,GRACE,June,Observed,0.32372775799244846
02,2009-07-01,North Khong,5.64463396872311,1.0,31.0,2009-07-16,2009-07-16,2009,7,GRACE,July,Observed,-0.515406448315802
02,2009-08-01,North Khong,14.092173515900214,1.0,31.0,2009-08-16,2009-08-16,2009,8,GRACE,August,Observed,-1.1894698745998067
02,2009-09-01,North Khong,16.894491031690375,1.0,31.0,2009-09-16,2009-09-16,2009,9,GRACE,September,Observed,-1.8331872616368254
02,2009-10-01,North Khong,17.111351027613228,1.0,31.0,2009-10-16,2009-10-16,2009,10,GRACE,October,Observed,-2.2110013229235026
02,2009-11-01,North Khong,7.0710771692989445,1.0,31.0,2009-11-16,2009-11-16,2009,11,GRACE,November,Observed,-3.4478451260584495
02,2009-12-01,North Khong,-4.02419855839042,1.0,31.0,2009-12-16,2009-12-16,2009,12,GRACE,December,Observed,-4.325868819165274
02,2010-01-01,North Khong,-11.208659657281366,1.0,31.0,2010-01-16,2010-01-16,2010,1,GRACE,January,Observed,-5.881057094755086
02,2010-02-01,North Khong,-16.78227698479794,1.0,31.0,2010-02-15,2010-02-15,2010,2,GRACE,February,Observed,-7.442640567712492
02,2010-03-01,North Khong,-22.138047945875027,1.0,31.0,2010-03-16,2010-03-16,2010,3,GRACE,March,Observed,-7.945830894768274
02,2010-04-01,North Khong,-30.29627077834907,1.0,31.0,2010-04-16,2010-04-16,2010,4,GRACE,April,Observed,-8.015791040042133
02,2010-05-01,North Khong,-25.09985727981583,1.0,31.0,2010-05-16,2010-05-16,2010,5,GRACE,May,Observed,-7.479014270239801
02,2010-06-01,North Khong,-21.83710064577725,1.0,31.0,2010-06-16,2010-06-16,2010,6,GRACE,June,Observed,-7.105079627766952
02,2010-07-01,North Khong,-13.094367706765766,1.0,31.0,2010-07-16,2010-07-16,2010,7,GRACE,July,Observed,-6.498292915519834
02,2010-08-01,North Khong,8.053889591230838,1.0,31.0,2010-08-16,2010-08-16,2010,8,GRACE,August,Observed,-6.070077757177878
02,2010-09-01,North Khong,16.054969288404042,1.0,31.0,2010-09-16,2010-09-16,2010,9,GRACE,September,Observed,-5.724969991214594
02,2010-10-01,North Khong,23.552672265241235,1.0,31.0,2010-10-16,2010-10-16,2010,10,GRACE,October,Observed,-5.204368544789963
02,2010-11-01,North Khong,11.55829287897313,1.0,31.0,2010-11-16,2010-11-16,2010,11,GRACE,November,Observed,-3.8832284765152267
02,2010-12-01,North Khong,3.257241988574987,1.0,31.0,2010-12-14,2010-12-14,2010,12,GRACE,December,Observed,-1.832154531446833
02,2011-01-01,North Khong,,,,,,2011,1,GRACE,January,Missing,
02,2011-02-01,North Khong,-12.986091559201828,1.0,31.0,2011-02-18,2011-02-18,2011,2,GRACE,February,Observed,3.458330041595519
02,2011-03-01,North Khong,-16.411432035204086,1.0,31.0,2011-03-16,2011-03-16,2011,3,GRACE,March,Observed,5.950990810222775
02,2011-04-01,North Khong,-15.763730027326966,1.0,31.0,2011-04-16,2011-04-16,2011,4,GRACE,April,Observed,8.92575353926544
02,2011-05-01,North Khong,-2.5380438840635016,1.0,31.0,2011-05-16,2011-05-16,2011,5,GRACE,May,Observed,9.856205399889252
02,2011-06-01,North Khong,,,,,,2011,6,GRACE,June,Missing,
02,2011-07-01,North Khong,19.805531909327343,1.0,31.0,2011-07-18,2011-07-18,2011,7,GRACE,July,Observed,10.227769837778894
02,2011-08-01,North Khong,32.9804972775034,1.0,31.0,2011-08-16,2011-08-16,2011,8,GRACE,August,Observed,9.747736598731489
02,2011-09-01,North Khong,45.802596578830695,1.0,31.0,2011-09-16,2011-09-16,2011,9,GRACE,September,Observed,10.566617792706419
02,2011-10-01,North Khong,32.85719087147934,2.0,62.0,2011-10-16,2011-10-31,2011,10,GRACE,October,Observed,11.491659565640937
02,2011-11-01,North Khong,,,,,,2011,11,GRACE,November,Missing,
02,2011-12-01,North Khong,8.30340940866565,1.0,31.0,2011-12-28,2011-12-28,2011,12,GRACE,December,Observed,13.748803138176894
02,2012-01-01,North Khong,5.427437447304836,1.0,31.0,2012-01-16,2012-01-16,2012,1,GRACE,January,Observed,11.908310534716717
02,2012-02-01,North Khong,-4.797279619452531,1.0,31.0,2012-02-15,2012-02-15,2012,2,GRACE,February,Observed,10.956888019947893
02,2012-03-01,North Khong,-7.161014305858897,1.0,31.0,2012-03-16,2012-03-16,2012,3,GRACE,March,Observed,9.886992321199322
02,2012-04-01,North Khong,-9.47914132420779,1.0,31.0,2012-04-04,2012-04-04,2012,4,GRACE,April,Observed,8.375038605448646
02,2012-05-01,North Khong,,,,,,2012,5,GRACE,May,Missing,
02,2012-06-01,North Khong,-4.656122896424872,1.0,31.0,2012-06-16,2012-06-16,2012,6,GRACE,June,Observed,6.499949516831899
02,2012-07-01,North Khong,10.291306761639108,1.0,31.0,2012-07-16,2012-07-16,2012,7,GRACE,July,Observed,6.207487494862062
02,2012-08-01,North Khong,22.281540290017684,1.0,31.0,2012-08-16,2012-08-16,2012,8,GRACE,August,Observed,5.708746754102544
02,2012-09-01,North Khong,30.683059421323918,1.0,31.0,2012-09-13,2012-09-13,2012,9,GRACE,September,Observed,5.489832048716928
02,2012-10-01,North Khong,,,,,,2012,10,GRACE,October,Missing,
02,2012-11-01,North Khong,14.10629998531188,1.0,31.0,2012-11-18,2012-11-18,2012,11,GRACE,November,Observed,5.944818862050891
02,2012-12-01,North Khong,5.378789188967284,1.0,31.0,2012-12-16,2012-12-16,2012,12,GRACE,December,Observed,3.686059486130899
02,2013-01-01,North Khong,0.44003003970964316,1.0,31.0,2013-01-16,2013-01-16,2013,1,GRACE,January,Observed,3.067791628012569
02,2013-02-01,North Khong,-6.986426673308684,1.0,31.0,2013-02-14,2013-02-14,2013,2,GRACE,February,Observed,2.2632667835364506
02,2013-03-01,North Khong,,,,,,2013,3,GRACE,March,Missing,
02,2013-04-01,North Khong,-18.035106358777945,1.0,31.0,2013-04-21,2013-04-21,2013,4,GRACE,April,Observed,-3.7914914844971372
02,2013-05-01,North Khong,-16.642774897149025,1.0,31.0,2013-05-16,2013-05-16,2013,5,GRACE,May,Observed,-0.253396339753472
02,2013-06-01,North Khong,-10.838801477608174,1.0,31.0,2013-06-16,2013-06-16,2013,6,GRACE,June,Observed,0.4418279370473057
02,2013-07-01,North Khong,2.2460583168779236,1.0,31.0,2013-07-16,2013-07-16,2013,7,GRACE,July,Observed,1.318397595746884
02,2013-08-01,North Khong,,,,,,2013,8,GRACE,August,Missing,
02,2013-09-01,North Khong,,,,,,2013,9,GRACE,September,Missing,
02,2013-10-01,North Khong,28.05136481819585,1.0,31.0,2013-10-16,2013-10-16,2013,10,GRACE,October,Observed,1.4519759619420571
02,2013-11-01,North Khong,20.363318476518877,1.0,31.0,2013-11-16,2013-11-16,2013,11,GRACE,November,Observed,1.6668608479260374
02,2013-12-01,North Khong,13.267916117263491,1.0,31.0,2013-12-16,2013-12-16,2013,12,GRACE,December,Observed,2.0800154039717027
02,2014-01-01,North Khong,7.059266843407221,1.0,31.0,2014-01-09,2014-01-09,2014,1,GRACE,January,Observed,1.8791344949748003
02,2014-02-01,North Khong,,,,,,2014,2,GRACE,February,Missing,
02,2014-03-01,North Khong,-12.403458181249704,1.0,31.0,2014-03-17,2014-03-17,2014,3,GRACE,March,Observed,3.2008704915885327
02,2014-04-01,North Khong,-16.101142384922124,1.0,31.0,2014-04-16,2014-04-16,2014,4,GRACE,April,Observed,5.528911199814688
02,2014-05-01,North Khong,-12.924383892738035,1.0,31.0,2014-05-16,2014-05-16,2014,5,GRACE,May,Observed,5.174001550551601
02,2014-06-01,North Khong,-12.646729658580298,1.0,31.0,2014-06-13,2014-06-13,2014,6,GRACE,June,Observed,4.669106607478821
02,2014-07-01,North Khong,,,,,,2014,7,GRACE,July,Missing,
02,2014-08-01,North Khong,14.141682286401517,1.0,31.0,2014-08-16,2014-08-16,2014,8,GRACE,August,Observed,2.9763190434298785
02,2014-09-01,North Khong,26.481277573850086,1.0,31.0,2014-09-16,2014-09-16,2014,9,GRACE,September,Observed,1.9122852819764895
02,2014-10-01,North Khong,24.502268325564987,1.0,31.0,2014-10-16,2014-10-16,2014,10,GRACE,October,Observed,1.779782550784502
02,2014-11-01,North Khong,15.314369045791068,1.0,31.0,2014-11-16,2014-11-16,2014,11,GRACE,November,Observed,1.6417608935427737
02,2014-12-01,North Khong,,,,,,2014,12,GRACE,December,Missing,
02,2015-01-01,North Khong,0.4229882767514106,1.0,31.0,2015-01-22,2015-01-22,2015,1,GRACE,January,Observed,5.248590310843259
02,2015-02-01,North Khong,-7.664018571104012,1.0,31.0,2015-02-15,2015-02-15,2015,2,GRACE,February,Observed,4.588055491612482
02,2015-03-01,North Khong,-13.72848549316958,1.0,31.0,2015-03-16,2015-03-16,2015,3,GRACE,March,Observed,4.943096433947911
02,2015-04-01,North Khong,-17.48135895733941,2.0,62.0,2015-04-16,2015-04-27,2015,4,GRACE,April,Observed,4.209110555697564
02,2015-05-01,North Khong,,,,,,2015,5,GRACE,May,Missing,
02,2015-06-01,North Khong,,,,,,2015,6,GRACE,June,Missing,
02,2015-07-01,North Khong,-0.6962230622337346,1.0,31.0,2015-07-15,2015-07-15,2015,7,GRACE,July,Observed,-0.48506555813068314
02,2015-08-01,North Khong,17.33705076742039,1.0,31.0,2015-08-16,2015-08-16,2015,8,GRACE,August,Observed,-1.097870089775467
02,2015-09-01,North Khong,19.875404669596957,1.0,31.0,2015-09-14,2015-09-14,2015,9,GRACE,September,Observed,-1.4349574720964284
02,2015-10-01,North Khong,,,,,,2015,10,GRACE,October,Missing,
02,2015-11-01,North Khong,,,,,,2015,11,GRACE,November,Missing,
02,2015-12-01,North Khong,-1.9458820949674878,1.0,31.0,2015-12-23,2015-12-23,2015,12,GRACE,December,Observed,-2.8657836755826605
02,2016-01-01,North Khong,-4.47944797640686,1.0,31.0,2016-01-16,2016-01-16,2016,1,GRACE,January,Observed,-3.930065405737084
02,2016-02-01,North Khong,-10.360717629671703,1.0,31.0,2016-02-14,2016-02-14,2016,2,GRACE,February,Observed,-3.642221532494114
02,2016-03-01,North Khong,-18.864397633489553,1.0,31.0,2016-03-16,2016-03-16,2016,3,GRACE,March,Observed,-4.189949782909944
02,2016-04-01,North Khong,,,,,,2016,4,GRACE,April,Missing,
02,2016-05-01,North Khong,-23.792056444909292,1.0,31.0,2016-05-20,2016-05-20,2016,5,GRACE,May,Observed,-7.198119089473307
02,2016-06-01,North Khong,-12.444319246972467,1.0,31.0,2016-06-16,2016-06-16,2016,6,GRACE,June,Observed,-4.698178245255052
02,2016-07-01,North Khong,1.8943717969529907,1.0,31.0,2016-07-15,2016-07-15,2016,7,GRACE,July,Observed,-4.4931035705537115
02,2016-08-01,North Khong,12.407496513677913,1.0,31.0,2016-08-21,2016-08-21,2016,8,GRACE,August,Observed,-4.438349143101192
02,2016-09-01,North Khong,,,,,,2016,9,GRACE,September,Missing,
02,2016-10-01,North Khong,,,,,,2016,10,GRACE,October,Missing,
02,2016-11-01,North Khong,15.301348508490996,1.0,31.0,2016-11-27,2016-11-27,2016,11,GRACE,November,Observed,-5.106113636560078
02,2016-12-01,North Khong,-0.10021002265543058,1.0,31.0,2016-12-24,2016-12-24,2016,12,GRACE,December,Observed,-4.281837222995177
02,2017-01-01,North Khong,-3.986658129334176,1.0,31.0,2017-01-21,2017-01-21,2017,1,GRACE,January,Observed,-3.875827347911354
02,2017-02-01,North Khong,,,,,,2017,2,GRACE,February,Missing,
02,2017-03-01,North Khong,-15.874325894951019,1.0,31.0,2017-03-31,2017-03-31,2017,3,GRACE,March,Observed,
02,2017-04-01,North Khong,-19.360669809340212,1.0,31.0,2017-04-24,2017-04-24,2017,4,GRACE,April,Observed,
02,2017-05-01,North Khong,-16.37356872282519,1.0,31.0,2017-05-13,2017-05-13,2017,5,GRACE,May,Observed,
02,2017-06-01,North Khong,-8.790230371218057,1.0,31.0,2017-06-10,2017-06-10,2017,6,GRACE,June,Observed,
02,2017-07-01,North Khong,,,,,,2017,7,Mission gap,July,Missing,
02,2017-08-01,North Khong,,,,,,2017,8,Mission gap,August,Missing,
02,2017-09-01,North Khong,,,,,,2017,9,Mission gap,September,Missing,
02,2017-10-01,North Khong,,,,,,2017,10,Mission gap,October,Missing,
02,2017-11-01,North Khong,,,,,,2017,11,Mission gap,November,Missing,
02,2017-12-01,North Khong,,,,,,2017,12,Mission gap,December,Missing,
02,2018-01-01,North Khong,,,,,,2018,1,Mission gap,January,Missing,
02,2018-02-01,North Khong,,,,,,2018,2,Mission gap,February,Missing,
02,2018-03-01,North Khong,,,,,,2018,3,Mission gap,March,Missing,
02,2018-04-01,North Khong,,,,,,2018,4,Mission gap,April,Missing,
02,2018-05-01,North Khong,,,,,,2018,5,GRACE-FO,May,Missing,
02,2018-06-01,North Khong,2.678570205501894,1.0,31.0,2018-06-16,2018-06-16,2018,6,GRACE-FO,June,Observed,
02,2018-07-01,North Khong,12.632151964178554,1.0,31.0,2018-07-10,2018-07-10,2018,7,GRACE-FO,July,Observed,
02,2018-08-01,North Khong,,,,,,2018,8,GRACE-FO,August,Missing,
02,2018-09-01,North Khong,,,,,,2018,9,GRACE-FO,September,Missing,
02,2018-10-01,North Khong,27.39479301894143,1.0,31.0,2018-10-31,2018-10-31,2018,10,GRACE-FO,October,Observed,8.313032041700222
02,2018-11-01,North Khong,18.224636718068105,1.0,31.0,2018-11-16,2018-11-16,2018,11,GRACE-FO,November,Observed,5.370109582783496
02,2018-12-01,North Khong,10.52530966900429,1.0,31.0,2018-12-16,2018-12-16,2018,12,GRACE-FO,December,Observed,3.0511631197448708
02,2019-01-01,North Khong,5.32272659468648,1.0,31.0,2019-01-16,2019-01-16,2019,1,GRACE-FO,January,Observed,0.9623087708579565
02,2019-02-01,North Khong,-3.298809128068513,1.0,31.0,2019-02-15,2019-02-15,2019,2,GRACE-FO,February,Observed,-1.8718615721195877
02,2019-03-01,North Khong,-6.9751227087104715,1.0,31.0,2019-03-16,2019-03-16,2019,3,GRACE-FO,March,Observed,-1.0436253105793183
02,2019-04-01,North Khong,-18.173270088550296,1.0,31.0,2019-04-16,2019-04-16,2019,4,GRACE-FO,April,Observed,-0.10506847012887999
02,2019-05-01,North Khong,-17.819355047602762,1.0,31.0,2019-05-16,2019-05-16,2019,5,GRACE-FO,May,Observed,-2.468531971699445
02,2019-06-01,North Khong,-18.209973283367248,1.0,31.0,2019-06-16,2019-06-16,2019,6,GRACE-FO,June,Observed,-4.140795936118307
02,2019-07-01,North Khong,-15.70955146559689,1.0,31.0,2019-07-16,2019-07-16,2019,7,GRACE-FO,July,Observed,-6.324733637409273
02,2019-08-01,North Khong,7.238737304823376,1.0,31.0,2019-08-16,2019-08-16,2019,8,GRACE-FO,August,Observed,-8.36675637223484
02,2019-09-01,North Khong,10.219056774825942,1.0,31.0,2019-09-16,2019-09-16,2019,9,GRACE-FO,September,Observed,-10.586209706516211
02,2019-10-01,North Khong,-0.966768999905348,1.0,31.0,2019-10-16,2019-10-16,2019,10,GRACE-FO,October,Observed,-12.210283624631543
02,2019-11-01,North Khong,-1.8425308549582404,1.0,31.0,2019-11-16,2019-11-16,2019,11,GRACE-FO,November,Observed,-13.112069003181341
02,2019-12-01,North Khong,-15.6819427464873,1.0,31.0,2019-12-16,2019-12-16,2019,12,GRACE-FO,December,Observed,-14.079124501577382
02,2020-01-01,North Khong,-19.181546223220348,1.0,31.0,2020-01-16,2020-01-16,2020,1,GRACE-FO,January,Observed,-14.684763794744194
02,2020-02-01,North Khong,-29.93224913944495,1.0,31.0,2020-02-15,2020-02-15,2020,2,GRACE-FO,February,Observed,-15.137829298956817
02,2020-03-01,North Khong,-26.46400972609447,1.0,31.0,2020-03-16,2020-03-16,2020,3,GRACE-FO,March,Observed,-15.87492881623897
02,2020-04-01,North Khong,-28.994694631147865,1.0,31.0,2020-04-16,2020-04-16,2020,4,GRACE-FO,April,Observed,-15.880585669022167
02,2020-05-01,North Khong,-29.424021028355227,1.0,31.0,2020-05-16,2020-05-16,2020,5,GRACE-FO,May,Observed,-15.355320554996476
02,2020-06-01,North Khong,-25.47764480136902,1.0,31.0,2020-06-16,2020-06-16,2020,6,GRACE-FO,June,Observed,-15.377501603428177
02,2020-07-01,North Khong,-21.14633751614837,1.0,31.0,2020-07-16,2020-07-16,2020,7,GRACE-FO,July,Observed,-15.854489513467302
02,2020-08-01,North Khong,-1.6064569025624515,1.0,31.0,2020-08-16,2020-08-16,2020,8,GRACE-FO,August,Observed,-16.20046088252198
02,2020-09-01,North Khong,10.151174541427569,1.0,31.0,2020-09-16,2020-09-16,2020,9,GRACE-FO,September,Observed,-15.411804522285957
02,2020-10-01,North Khong,5.33641236840297,1.0,31.0,2020-10-16,2020-10-16,2020,10,GRACE-FO,October,Observed,-15.178556810639407
02,2020-11-01,North Khong,-2.108703436138646,1.0,31.0,2020-11-16,2020-11-16,2020,11,GRACE-FO,November,Observed,-14.755546367193695
02,2020-12-01,North Khong,-21.405797666956808,1.0,31.0,2020-12-16,2020-12-16,2020,12,GRACE-FO,December,Observed,-14.323217447705934
02,2021-01-01,North Khong,-23.333202651876487,1.0,31.0,2021-01-16,2021-01-16,2021,1,GRACE-FO,January,Observed,-13.45335228212244
02,2021-02-01,North Khong,-20.468372816612664,1.0,31.0,2021-02-15,2021-02-15,2021,2,GRACE-FO,February,Observed,-12.581244427716895
02,2021-03-01,North Khong,-23.665037186335862,1.0,31.0,2021-03-16,2021-03-16,2021,3,GRACE-FO,March,Observed,-12.26744521903907
02,2021-04-01,North Khong,-23.918569309799334,1.0,31.0,2021-04-16,2021-04-16,2021,4,GRACE-FO,April,Observed,-12.596325645724141
02,2021-05-01,North Khong,-24.236073994502096,1.0,31.0,2021-05-16,2021-05-16,2021,5,GRACE-FO,May,Observed,-12.129667418641452
02,2021-06-01,North Khong,-15.0392628143671,1.0,31.0,2021-06-16,2021-06-16,2021,6,GRACE-FO,June,Observed,-11.540215719397892
02,2021-07-01,North Khong,-10.68104326328179,1.0,31.0,2021-07-16,2021-07-16,2021,7,GRACE-FO,July,Observed,-10.31991265564407
02,2021-08-01,North Khong,2.159133601571422,1.0,31.0,2021-08-16,2021-08-16,2021,8,GRACE-FO,August,Observed,-9.62903694148755
02,2021-09-01,North Khong,6.204609421206706,1.0,31.0,2021-09-16,2021-09-16,2021,9,GRACE-FO,September,Observed,-9.290299794055125
02,2021-10-01,North Khong,10.936311093395247,1.0,31.0,2021-10-16,2021-10-16,2021,10,GRACE-FO,October,Observed,-8.507849553372411
02,2021-11-01,North Khong,4.96471695478408,1.0,31.0,2021-11-16,2021-11-16,2021,11,GRACE-FO,November,Observed,-7.919822503043086
02,2021-12-01,North Khong,-6.762160901910948,1.0,31.0,2021-12-16,2021-12-16,2021,12,GRACE-FO,December,Observed,-6.927619616362018
02,2022-01-01,North Khong,-15.042694081998256,1.0,31.0,2022-01-16,2022-01-16,2022,1,GRACE-FO,January,Observed,-6.1514953894066275
02,2022-02-01,North Khong,-16.40352704742356,1.0,31.0,2022-02-15,2022-02-15,2022,2,GRACE-FO,February,Observed,-5.102721067456721
02,2022-03-01,North Khong,-14.2756342981433,1.0,31.0,2022-03-16,2022-03-16,2022,3,GRACE-FO,March,Observed,-4.165702288613272
02,2022-04-01,North Khong,-16.862244705847427,1.0,31.0,2022-04-16,2022-04-16,2022,4,GRACE-FO,April,Observed,-2.928601214576233
02,2022-05-01,North Khong,-12.329639354329299,1.0,31.0,2022-05-16,2022-05-16,2022,5,GRACE-FO,May,Observed,-2.038752522422632
02,2022-06-01,North Khong,-5.725772090902406,1.0,31.0,2022-06-16,2022-06-16,2022,6,GRACE-FO,June,Observed,-1.5052974686188278
02,2022-07-01,North Khong,1.9042486001170833,1.0,31.0,2022-07-16,2022-07-16,2022,7,GRACE-FO,July,Observed,-0.6612607017722909
02,2022-08-01,North Khong,13.403358947692807,1.0,31.0,2022-08-16,2022-08-16,2022,8,GRACE-FO,August,Observed,-0.2391627889473805
02,2022-09-01,North Khong,21.049822309651187,1.0,31.0,2022-09-16,2022-09-16,2022,9,GRACE-FO,September,Observed,0.3869926065551696
02,2022-10-01,North Khong,21.614495399238457,1.0,31.0,2022-10-16,2022-10-16,2022,10,GRACE-FO,October,Observed,0.2642183200288879
02,2022-11-01,North Khong,11.366177600429731,1.0,31.0,2022-11-16,2022-11-16,2022,11,GRACE-FO,November,Observed,-0.23243403142553612
02,2022-12-01,North Khong,3.366280300247492,1.0,31.0,2022-12-16,2022-12-16,2022,12,GRACE-FO,December,Observed,-1.1626431208190082
02,2023-01-01,North Khong,-9.977519128099331,1.0,31.0,2023-01-16,2023-01-16,2023,1,GRACE-FO,January,Observed,-2.4141642942282813
02,2023-02-01,North Khong,-8.889662301392958,1.0,31.0,2023-02-15,2023-02-15,2023,2,GRACE-FO,February,Observed,-3.451722565367812
02,2023-03-01,North Khong,-15.748925736458679,1.0,31.0,2023-03-16,2023-03-16,2023,3,GRACE-FO,March,Observed,-3.7005937160879134
02,2023-04-01,North Khong,-22.822072923300517,1.0,31.0,2023-04-16,2023-04-16,2023,4,GRACE-FO,April,Observed,-4.392245048847242
02,2023-05-01,North Khong,-23.492148427050964,1.0,31.0,2023-05-16,2023-05-16,2023,5,GRACE-FO,May,Observed,-4.311558118696204
02,2023-06-01,North Khong,-20.744026171813683,1.0,31.0,2023-06-16,2023-06-16,2023,6,GRACE-FO,June,Observed,-3.8653184366012865
02,2023-07-01,North Khong,-10.54645065355728,1.0,31.0,2023-07-16,2023-07-16,2023,7,GRACE-FO,July,Observed,-3.7178701902457636
02,2023-08-01,North Khong,10.416905139051586,1.0,31.0,2023-08-16,2023-08-16,2023,8,GRACE-FO,August,Observed,-3.659331253029508
02,2023-09-01,North Khong,12.750006316539238,1.0,31.0,2023-09-16,2023-09-16,2023,9,GRACE-FO,September,Observed,-3.8543098306898043
02,2023-10-01,North Khong,22.58273856105093,1.0,31.0,2023-10-16,2023-10-16,2023,10,GRACE-FO,October,Observed,-3.922091841557755
02,2023-11-01,North Khong,16.721053785568724,1.0,31.0,2023-11-16,2023-11-16,2023,11,GRACE-FO,November,Observed,-4.278750538292315
02,2023-12-01,North Khong,5.135659256513772,1.0,31.0,2023-12-16,2023-12-16,2023,12,GRACE-FO,December,Observed,-4.73426142871453
02,2024-01-01,North Khong,-9.275051881504265,1.0,31.0,2024-01-16,2024-01-16,2024,1,GRACE-FO,January,Observed,-3.942986282194512
02,2024-02-01,North Khong,-11.229405233316514,1.0,31.0,2024-02-15,2024-02-15,2024,2,GRACE-FO,February,Observed,-3.6465382898926997
02,2024-03-01,North Khong,-16.562309866874088,1.0,31.0,2024-03-16,2024-03-16,2024,3,GRACE-FO,March,Observed,-2.98146226069059
02,2024-04-01,North Khong,-27.10197728411524,1.0,31.0,2024-04-16,2024-04-16,2024,4,GRACE-FO,April,Observed,-1.3080125528184787
02,2024-05-01,North Khong,-28.958279112117538,1.0,31.0,2024-05-16,2024-05-16,2024,5,GRACE-FO,May,Observed,-0.20614056212960818
02,2024-06-01,North Khong,-11.24872441357347,1.0,31.0,2024-06-16,2024-06-16,2024,6,GRACE-FO,June,Observed,-1.7449764119203657
02,2024-07-01,North Khong,-6.9890747459355325,1.0,31.0,2024-07-16,2024-07-16,2024,7,GRACE-FO,July,Observed,-2.4330399787637793
02,2024-08-01,North Khong,18.3978174894769,1.0,31.0,2024-08-16,2024-08-16,2024,8,GRACE-FO,August,Observed,-1.6728164340148366
02,2024-09-01,North Khong,32.83140281100457,1.0,31.0,2024-09-16,2024-09-16,2024,9,GRACE-FO,September,Observed,-0.478242834102127
02,2024-10-01,North Khong,35.80520244931738,1.0,31.0,2024-10-16,2024-10-16,2024,10,GRACE-FO,October,Observed,
03,2002-04-01,Northeast Khong,-15.461263708953807,1.0,83.0,2002-04-18,2002-04-18,2002,4,GRACE,April,Observed,
03,2002-05-01,Northeast Khong,-14.818639469708279,1.0,83.0,2002-05-10,2002-05-10,2002,5,GRACE,May,Observed,
03,2002-06-01,Northeast Khong,,,,,,2002,6,GRACE,June,Missing,
03,2002-07-01,Northeast Khong,,,,,,2002,7,GRACE,July,Missing,
03,2002-08-01,Northeast Khong,21.416423960823266,1.0,83.0,2002-08-16,2002-08-16,2002,8,GRACE,August,Observed,10.7777200131495
03,2002-09-01,Northeast Khong,31.166009604558383,1.0,83.0,2002-09-16,2002-09-16,2002,9,GRACE,September,Observed,9.214575485400015
03,2002-10-01,Northeast Khong,26.682238063913886,1.0,83.0,2002-10-16,2002-10-16,2002,10,GRACE,October,Observed,7.570924562924513
03,2002-11-01,Northeast Khong,21.095890447320038,1.0,83.0,2002-11-16,2002-11-16,2002,11,GRACE,November,Observed,7.812340886398573
03,2002-12-01,Northeast Khong,11.846572450462922,1.0,83.0,2002-12-16,2002-12-16,2002,12,GRACE,December,Observed,8.124301405602939
03,2003-01-01,Northeast Khong,4.294528756779586,1.0,83.0,2003-01-16,2003-01-16,2003,1,GRACE,January,Observed,8.124301405602939
03,2003-02-01,Northeast Khong,-3.290580736595859,1.0,83.0,2003-02-15,2003-02-15,2003,2,GRACE,February,Observed,7.715264800266246
03,2003-03-01,Northeast Khong,-7.221933739355011,1.0,83.0,2003-03-16,2003-03-16,2003,3,GRACE,March,Observed,6.829708519153536
03,2003-04-01,Northeast Khong,-13.047100474213199,1.0,83.0,2003-04-16,2003-04-16,2003,4,GRACE,April,Observed,6.212232061472341
03,2003-05-01,Northeast Khong,-11.699034277664621,1.0,83.0,2003-05-11,2003-05-11,2003,5,GRACE,May,Observed,5.719250982343929
03,2003-06-01,Northeast Khong,,,,,,2003,6,GRACE,June,Missing,
03,2003-07-01,Northeast Khong,3.6248987468993183,1.0,83.0,2003-07-16,2003-07-16,2003,7,GRACE,July,Observed,3.802071897864222
03,2003-08-01,Northeast Khong,11.675304868583456,1.0,83.0,2003-08-16,2003-08-16,2003,8,GRACE,August,Observed,3.0493381783345996
03,2003-09-01,Northeast Khong,24.37376857006524,1.0,83.0,2003-09-16,2003-09-16,2003,9,GRACE,September,Observed,2.5545465123438293
03,2003-10-01,Northeast Khong,21.25944619350135,1.0,83.0,2003-10-16,2003-10-16,2003,10,GRACE,October,Observed,1.9619802764872498
03,2003-11-01,Northeast Khong,10.186323609281976,1.0,83.0,2003-11-16,2003-11-16,2003,11,GRACE,November,Observed,1.7293563330983497
03,2003-12-01,Northeast Khong,1.6671693592241925,1.0,83.0,2003-12-16,2003-12-16,2003,12,GRACE,December,Observed,1.5405373439589007
03,2004-01-01,Northeast Khong,-3.9855421580462496,1.0,83.0,2004-01-07,2004-01-07,2004,1,GRACE,January,Observed,1.5014807599164384
03,2004-02-01,Northeast Khong,-8.733289062494334,1.0,83.0,2004-02-17,2004-02-17,2004,2,GRACE,February,Observed,2.0978580595872263
03,2004-03-01,Northeast Khong,-13.740162333777386,1.0,83.0,2004-03-16,2004-03-16,2004,3,GRACE,March,Observed,3.055647700804386
03,2004-04-01,Northeast Khong,-15.605963851491095,1.0,83.0,2004-04-16,2004-04-16,2004,4,GRACE,April,Observed,3.4500443203962106
03,2004-05-01,Northeast Khong,-13.77604315819856,1.0,83.0,2004-05-16,2004-05-16,2004,5,GRACE,May,Observed,3.308231468867561
03,2004-06-01,Northeast Khong,1.071858335449352,1.0,83.0,2004-06-16,2004-06-16,2004,6,GRACE,June,Observed,3.0645459455044186
03,2004-07-01,Northeast Khong,10.781426342948771,1.0,83.0,2004-07-16,2004-07-16,2004,7,GRACE,July,Observed,2.875382809609986
03,2004-08-01,Northeast Khong,23.168780563189376,1.0,83.0,2004-08-16,2004-08-16,2004,8,GRACE,August,Observed,2.208489494309155
03,2004-09-01,Northeast Khong,29.106528005167128,1.0,83.0,2004-09-16,2004-09-16,2004,9,GRACE,September,Observed,1.5135670157598227
03,2004-10-01,Northeast Khong,19.55769197515756,1.0,83.0,2004-10-16,2004-10-16,2004,10,GRACE,October,Observed,0.9649733331096527
03,2004-11-01,Northeast Khong,7.262097328924267,1.0,83.0,2004-11-16,2004-11-16,2004,11,GRACE,November,Observed,0.3215919015320579
03,2004-12-01,Northeast Khong,-0.6027882715090054,1.0,83.0,2004-12-16,2004-12-16,2004,12,GRACE,December,Observed,-0.4907824153964224
03,2005-01-01,Northeast Khong,-11.988261941656216,1.0,83.0,2005-01-16,2005-01-16,2005,1,GRACE,January,Observed,-1.873708799602337
03,2005-02-01,Northeast Khong,-17.072358805086317,1.0,83.0,2005-02-15,2005-02-15,2005,2,GRACE,February,Observed,-3.1743412378362748
03,2005-03-01,Northeast Khong,-20.32328652557943,1.0,83.0,2005-03-16,2005-03-16,2005,3,GRACE,March,Observed,-4.186721064640953
03,2005-04-01,Northeast Khong,-23.32654103042223,1.0,83.0,2005-04-16,2005-04-16,2005,4,GRACE,April,Observed,-4.8709554121055865
03,2005-05-01,Northeast Khong,-23.524534961340322,1.0,83.0,2005-05-16,2005-05-16,2005,5,GRACE,May,Observed,-5.014112376973345
03,2005-06-01,Northeast Khong,-15.523258275021623,1.0,83.0,2005-06-16,2005-06-16,2005,6,GRACE,June,Observed,-4.586471369136546
03,2005-07-01,Northeast Khong,-4.826162915858484,1.0,83.0,2005-07-16,2005-07-16,2005,7,GRACE,July,Observed,-4.226528276126177
03,2005-08-01,Northeast Khong,11.020222641533241,1.0,83.0,2005-08-16,2005-08-16,2005,8,GRACE,August,Observed,-3.5539661274647423
03,2005-09-01,Northeast Khong,20.89571583559153,1.0,83.0,2005-09-16,2005-09-16,2005,9,GRACE,September,Observed,-2.9881142345153653
03,2005-10-01,Northeast Khong,17.839808396744466,1.0,83.0,2005-10-16,2005-10-16,2005,10,GRACE,October,Observed,-2.4885334675859982
03,2005-11-01,Northeast Khong,12.393789422965849,1.0,83.0,2005-11-16,2005-11-16,2005,11,GRACE,November,Observed,-2.030994789702091
03,2005-12-01,Northeast Khong,3.7165288446154197,1.0,83.0,2005-12-16,2005-12-16,2005,12,GRACE,December,Observed,-1.2723530392878186
03,2006-01-01,Northeast Khong,-3.9175161577190027,1.0,83.0,2006-01-16,2006-01-16,2006,1,GRACE,January,Observed,-0.5760134241208071
03,2006-02-01,Northeast Khong,-10.282136089693793,1.0,83.0,2006-02-15,2006-02-15,2006,2,GRACE,February,Observed,-0.1801784484444988
03,2006-03-01,Northeast Khong,-14.328317322427026,1.0,83.0,2006-03-16,2006-03-16,2006,3,GRACE,March,Observed,0.08989699452809423
03,2006-04-01,Northeast Khong,-17.836076895815342,1.0,83.0,2006-04-16,2006-04-16,2006,4,GRACE,April,Observed,0.12711158993570257
03,2006-05-01,Northeast Khong,-14.420833956369053,1.0,83.0,2006-05-16,2006-05-16,2006,5,GRACE,May,Observed,0.6164393432443154
03,2006-06-01,Northeast Khong,-7.167182893017486,1.0,83.0,2006-06-16,2006-06-16,2006,6,GRACE,June,Observed,0.5077316241049826
03,2006-07-01,Northeast Khong,-0.07614320774278338,1.0,83.0,2006-07-16,2006-07-16,2006,7,GRACE,July,Observed,0.5416093768847413
03,2006-08-01,Northeast Khong,14.261127957204357,1.0,83.0,2006-08-16,2006-08-16,2006,8,GRACE,August,Observed,0.45756126349871756
03,2006-09-01,Northeast Khong,21.34229098048283,1.0,83.0,2006-09-16,2006-09-16,2006,9,GRACE,September,Observed,0.2979828876456743
03,2006-10-01,Northeast Khong,23.71174143644782,1.0,83.0,2006-10-16,2006-10-16,2006,10,GRACE,October,Observed,0.23818630559584783
03,2006-11-01,Northeast Khong,11.089296793293856,1.0,83.0,2006-11-16,2006-11-16,2006,11,GRACE,November,Observed,0.21830642512123286
03,2006-12-01,Northeast Khong,4.123061877972523,1.0,83.0,2006-12-16,2006-12-16,2006,12,GRACE,December,Observed,0.15487630989194864
03,2007-01-01,Northeast Khong,-4.926093518351288,1.0,83.0,2007-01-16,2007-01-16,2007,1,GRACE,January,Observed,0.16561866757430663
03,2007-02-01,Northeast Khong,-12.19707659993031,1.0,83.0,2007-02-14,2007-02-14,2007,2,GRACE,February,Observed,-0.05308305175773246
03,2007-03-01,Northeast Khong,-15.045876307024942,1.0,83.0,2007-03-16,2007-03-16,2007,3,GRACE,March,Observed,-0.8229953373298912
03,2007-04-01,Northeast Khong,-18.074635461510727,1.0,83.0,2007-04-16,2007-04-16,2007,4,GRACE,April,Observed,-1.189332295006695
03,2007-05-01,Northeast Khong,-15.181995339120466,1.0,83.0,2007-05-16,2007-05-16,2007,5,GRACE,May,Observed,-1.4925041857457562
03,2007-06-01,Northeast Khong,-7.0382746008291885,1.0,83.0,2007-06-16,2007-06-16,2007,6,GRACE,June,Observed,-1.5630676913913366
03,2007-07-01,Northeast Khong,-2.7005638397272524,1.0,83.0,2007-07-16,2007-07-16,2007,7,GRACE,July,Observed,-1.8877670437055463
03,2007-08-01,Northeast Khong,5.022180530338454,1.0,83.0,2007-08-16,2007-08-16,2007,8,GRACE,August,Observed,-2.109899414666112
03,2007-09-01,Northeast Khong,16.946247488361184,1.0,83.0,2007-09-16,2007-09-16,2007,9,GRACE,September,Observed,-1.9674404049411585
03,2007-10-01,Northeast Khong,20.07367874757908,1.0,83.0,2007-10-16,2007-10-16,2007,10,GRACE,October,Observed,-1.9642131907357079
03,2007-11-01,Northeast Khong,10.242534725546895,1.0,83.0,2007-11-16,2007-11-16,2007,11,GRACE,November,Observed,-1.8225150957516705
03,2007-12-01,Northeast Khong,0.22666965020200563,1.0,83.0,2007-12-16,2007-12-16,2007,12,GRACE,December,Observed,-1.593934337800519
03,2008-01-01,Northeast Khong,-7.591681969878072,1.0,83.0,2008-01-16,2008-01-16,2008,1,GRACE,January,Observed,-0.9277846017402146
03,2008-02-01,Northeast Khong,-10.487568483230872,1.0,83.0,2008-02-15,2008-02-15,2008,2,GRACE,February,Observed,0.0246098305480853
03,2008-03-01,Northeast Khong,-15.007149736559532,1.0,83.0,2008-03-16,2008-03-16,2008,3,GRACE,March,Observed,1.1066217737640958
03,2008-04-01,Northeast Khong,-16.37425832170228,1.0,83.0,2008-04-16,2008-04-16,2008,4,GRACE,April,Observed,1.3966446538829314
03,2008-05-01,Northeast Khong,-12.439026243706648,1.0,83.0,2008-05-16,2008-05-16,2008,5,GRACE,May,Observed,1.436090840624184
03,2008-06-01,Northeast Khong,0.9555222318944632,1.0,83.0,2008-06-16,2008-06-16,2008,6,GRACE,June,Observed,1.9989258671639583
03,2008-07-01,Northeast Khong,8.728169347732347,1.0,83.0,2008-07-16,2008-07-16,2008,7,GRACE,July,Observed,2.378659967335144
03,2008-08-01,Northeast Khong,18.006323848930577,1.0,83.0,2008-08-16,2008-08-16,2008,8,GRACE,August,Observed,2.91362427027869
03,2008-09-01,Northeast Khong,20.426522049787213,1.0,83.0,2008-09-16,2008-09-16,2008,9,GRACE,September,Observed,2.889475200093173
03,2008-10-01,Northeast Khong,20.54703298847411,1.0,83.0,2008-10-16,2008-10-16,2008,10,GRACE,October,Observed,2.8878855148346507
03,2008-11-01,Northeast Khong,16.996555044024184,1.0,83.0,2008-11-16,2008-11-16,2008,11,GRACE,November,Observed,2.9756181627628995
03,2008-12-01,Northeast Khong,4.78347885225623,1.0,83.0,2008-12-16,2008-12-16,2008,12,GRACE,December,Observed,2.832196721004595
03,2009-01-01,Northeast Khong,-1.1721103345555217,1.0,83.0,2009-01-16,2009-01-16,2009,1,GRACE,January,Observed,2.5174561279559735
03,2009-02-01,Northeast Khong,-10.777357325457073,1.0,83.0,2009-02-15,2009-02-15,2009,2,GRACE,February,Observed,2.3947895636134153
03,2009-03-01,Northeast Khong,-15.02622595966179,1.0,83.0,2009-03-16,2009-03-16,2009,3,GRACE,March,Observed,1.7810822112307971
03,2009-04-01,Northeast Khong,-15.321466546563293,1.0,83.0,2009-04-16,2009-04-16,2009,4,GRACE,April,Observed,1.4227695422424107
03,2009-05-01,Northeast Khong,-14.160083544806303,1.0,83.0,2009-05-16,2009-05-16,2009,5,GRACE,May,Observed,1.3076534571845182
03,2009-06-01,Northeast Khong,-2.821364884689001,1.0,83.0,2009-06-16,2009-06-16,2009,6,GRACE,June,Observed,0.6729037783697702
03,2009-07-01,Northeast Khong,7.256170575621654,1.0,83.0,2009-07-16,2009-07-16,2009,7,GRACE,July,Observed,0.3186432272096544
03,2009-08-01,Northeast Khong,10.641835620339156,1.0,83.0,2009-08-16,2009-08-16,2009,8,GRACE,August,Observed,-0.12264799706814504
03,2009-09-01,Northeast Khong,16.126770021926575,1.0,83.0,2009-09-16,2009-09-16,2009,9,GRACE,September,Observed,-0.14156928876464528
03,2009-10-01,Northeast Khong,19.165639967779402,1.0,83.0,2009-10-16,2009-10-16,2009,10,GRACE,October,Observed,-0.3718277967968843
03,2009-11-01,Northeast Khong,9.379558898247208,1.0,83.0,2009-11-16,2009-11-16,2009,11,GRACE,November,Observed,-0.8239772608376487
03,2009-12-01,Northeast Khong,0.5323522383348397,1.0,83.0,2009-12-16,2009-12-16,2009,12,GRACE,December,Observed,-1.35844973898924
03,2010-01-01,Northeast Khong,-6.467605025889115,1.0,83.0,2010-01-16,2010-01-16,2010,1,GRACE,January,Observed,-2.9451835132529944
03,2010-02-01,Northeast Khong,-11.004412825815077,1.0,83.0,2010-02-15,2010-02-15,2010,2,GRACE,February,Observed,-4.532285022427648
03,2010-03-01,Northeast Khong,-17.789328056048657,1.0,83.0,2010-03-16,2010-03-16,2010,3,GRACE,March,Observed,-4.9645518224180565
03,2010-04-01,Northeast Khong,-20.747260115052466,1.0,83.0,2010-04-16,2010-04-16,2010,4,GRACE,April,Observed,-4.602031645768459
03,2010-05-01,Northeast Khong,-20.5737532826254,1.0,83.0,2010-05-16,2010-05-16,2010,5,GRACE,May,Observed,-4.324592409381165
03,2010-06-01,Northeast Khong,-21.86217017585405,1.0,83.0,2010-06-16,2010-06-16,2010,6,GRACE,June,Observed,-4.104498895828131
03,2010-07-01,Northeast Khong,-11.78904753447419,1.0,83.0,2010-07-16,2010-07-16,2010,7,GRACE,July,Observed,-3.9782163913066917
03,2010-08-01,Northeast Khong,5.454634020454253,1.0,83.0,2010-08-16,2010-08-16,2010,8,GRACE,August,Observed,-3.7519083336173806
03,2010-09-01,Northeast Khong,20.477012141721737,1.0,83.0,2010-09-16,2010-09-16,2010,9,GRACE,September,Observed,-3.7419523906979335
03,2010-10-01,Northeast Khong,22.49491080442693,1.0,83.0,2010-10-16,2010-10-16,2010,10,GRACE,October,Observed,-3.464731275236264
03,2010-11-01,Northeast Khong,12.020681060883621,1.0,83.0,2010-11-16,2010-11-16,2010,11,GRACE,November,Observed,-3.0575504283756074
03,2010-12-01,Northeast Khong,2.047742292592109,1.0,83.0,2010-12-14,2010-12-14,2010,12,GRACE,December,Observed,-2.249030228173912
03,2011-01-01,Northeast Khong,,,,,,2011,1,GRACE,January,Missing,
03,2011-02-01,Northeast Khong,-10.894897453701152,1.0,83.0,2011-02-18,2011-02-18,2011,2,GRACE,February,Observed,2.2760781174102567
03,2011-03-01,Northeast Khong,-14.739895785970297,1.0,83.0,2011-03-16,2011-03-16,2011,3,GRACE,March,Observed,4.810089166974608
03,2011-04-01,Northeast Khong,-16.268270799585245,1.0,83.0,2011-04-16,2011-04-16,2011,4,GRACE,April,Observed,6.236836803206788
03,2011-05-01,Northeast Khong,-11.680031080406748,1.0,83.0,2011-05-16,2011-05-16,2011,5,GRACE,May,Observed,7.026994496366382
03,2011-06-01,Northeast Khong,,,,,,2011,6,GRACE,June,Missing,
03,2011-07-01,Northeast Khong,13.84889597368736,1.0,83.0,2011-07-18,2011-07-18,2011,7,GRACE,July,Observed,6.934930683816064
03,2011-08-01,Northeast Khong,30.79474451609776,1.0,83.0,2011-08-16,2011-08-16,2011,8,GRACE,August,Observed,6.365080154515055
03,2011-09-01,Northeast Khong,34.74448850404354,1.0,83.0,2011-09-16,2011-09-16,2011,9,GRACE,September,Observed,6.905993274070385
03,2011-10-01,Northeast Khong,30.39648773602287,2.0,166.0,2011-10-16,2011-10-31,2011,10,GRACE,October,Observed,7.2174724243017865
03,2011-11-01,Northeast Khong,,,,,,2011,11,GRACE,November,Missing,
03,2011-12-01,Northeast Khong,6.212854544156486,1.0,83.0,2011-12-28,2011-12-28,2011,12,GRACE,December,Observed,9.785964281255746
03,2012-01-01,Northeast Khong,1.2364253908059748,1.0,83.0,2012-01-16,2012-01-16,2012,1,GRACE,January,Observed,9.034349536353533
03,2012-02-01,Northeast Khong,-5.485766258147859,1.0,83.0,2012-02-15,2012-02-15,2012,2,GRACE,February,Observed,8.29111289582607
03,2012-03-01,Northeast Khong,-11.62510428365628,1.0,83.0,2012-03-16,2012-03-16,2012,3,GRACE,March,Observed,6.895963904030344
03,2012-04-01,Northeast Khong,-12.049347591708147,1.0,83.0,2012-04-04,2012-04-04,2012,4,GRACE,April,Observed,5.53687848291766
03,2012-05-01,Northeast Khong,,,,,,2012,5,GRACE,May,Missing,
03,2012-06-01,Northeast Khong,2.26981683223362,1.0,83.0,2012-06-16,2012-06-16,2012,6,GRACE,June,Observed,3.599775112639924
03,2012-07-01,Northeast Khong,6.416529568412721,1.0,83.0,2012-07-16,2012-07-16,2012,7,GRACE,July,Observed,3.3099594413842013
03,2012-08-01,Northeast Khong,16.843254598140515,1.0,83.0,2012-08-16,2012-08-16,2012,8,GRACE,August,Observed,2.6572661412626895
03,2012-09-01,Northeast Khong,21.153634292916706,1.0,83.0,2012-09-13,2012-09-13,2012,9,GRACE,September,Observed,2.2245293310524854
03,2012-10-01,Northeast Khong,,,,,,2012,10,GRACE,October,Missing,
03,2012-11-01,Northeast Khong,11.025454033245495,1.0,83.0,2012-11-18,2012-11-18,2012,11,GRACE,November,Observed,3.1173650331513656
03,2012-12-01,Northeast Khong,3.314697831599263,1.0,83.0,2012-12-16,2012-12-16,2012,12,GRACE,December,Observed,1.2118245409810908
03,2013-01-01,Northeast Khong,-5.2905076104091435,1.0,83.0,2013-01-16,2013-01-16,2013,1,GRACE,January,Observed,-0.14439429540971266
03,2013-02-01,Northeast Khong,-9.813134360249899,1.0,83.0,2013-02-14,2013-02-14,2013,2,GRACE,February,Observed,-0.5500172572494615
03,2013-03-01,Northeast Khong,,,,,,2013,3,GRACE,March,Missing,
03,2013-04-01,Northeast Khong,-17.863459887526986,1.0,83.0,2013-04-21,2013-04-21,2013,4,GRACE,April,Observed,-5.437132682943979
03,2013-05-01,Northeast Khong,-15.938039888551382,1.0,83.0,2013-05-16,2013-05-16,2013,5,GRACE,May,Observed,-2.4747733002966923
03,2013-06-01,Northeast Khong,-11.292371531674418,1.0,83.0,2013-06-16,2013-06-16,2013,6,GRACE,June,Observed,-2.108618678797366
03,2013-07-01,Northeast Khong,2.3602999500152344,1.0,83.0,2013-07-16,2013-07-16,2013,7,GRACE,July,Observed,-1.5984316086438572
03,2013-08-01,Northeast Khong,,,,,,2013,8,GRACE,August,Missing,
03,2013-09-01,Northeast Khong,,,,,,2013,9,GRACE,September,Missing,
03,2013-10-01,Northeast Khong,21.2241017608816,1.0,83.0,2013-10-16,2013-10-16,2013,10,GRACE,October,Observed,-1.1861002528341953
03,2013-11-01,Northeast Khong,14.320845626739432,1.0,83.0,2013-11-16,2013-11-16,2013,11,GRACE,November,Observed,-1.0723640786952937
03,2013-12-01,Northeast Khong,7.9063814629808435,1.0,83.0,2013-12-16,2013-12-16,2013,12,GRACE,December,Observed,-0.8619200901649796
03,2014-01-01,Northeast Khong,1.7332814185379295,1.0,83.0,2014-01-09,2014-01-09,2014,1,GRACE,January,Observed,-0.9036827522103059
03,2014-02-01,Northeast Khong,,,,,,2014,2,GRACE,February,Missing,
03,2014-03-01,Northeast Khong,-13.125941186910014,1.0,83.0,2014-03-17,2014-03-17,2014,3,GRACE,March,Observed,0.0038385284321754577
03,2014-04-01,Northeast Khong,-16.83983432027687,1.0,83.0,2014-04-16,2014-04-16,2014,4,GRACE,April,Observed,1.9046146159992632
03,2014-05-01,Northeast Khong,-14.044043991778555,1.0,83.0,2014-05-16,2014-05-16,2014,5,GRACE,May,Observed,1.57982248044663
03,2014-06-01,Northeast Khong,-11.668235490082354,1.0,83.0,2014-06-13,2014-06-13,2014,6,GRACE,June,Observed,1.1169373230868573
03,2014-07-01,Northeast Khong,,,,,,2014,7,GRACE,July,Missing,
03,2014-08-01,Northeast Khong,10.527991475797567,1.0,83.0,2014-08-16,2014-08-16,2014,8,GRACE,August,Observed,-0.4540901889180161
03,2014-09-01,Northeast Khong,19.011599404103052,1.0,83.0,2014-09-16,2014-09-16,2014,9,GRACE,September,Observed,-1.35697618739963
03,2014-10-01,Northeast Khong,17.97618040535527,1.0,83.0,2014-10-16,2014-10-16,2014,10,GRACE,October,Observed,-1.6425010005467775
03,2014-11-01,Northeast Khong,9.691994053141704,1.0,83.0,2014-11-16,2014-11-16,2014,11,GRACE,November,Observed,-1.8960831709851091
03,2014-12-01,Northeast Khong,,,,,,2014,12,GRACE,December,Missing,
03,2015-01-01,Northeast Khong,-5.616522049611945,1.0,83.0,2015-01-22,2015-01-22,2015,1,GRACE,January,Observed,0.8439309715012271
03,2015-02-01,Northeast Khong,-9.482950173734155,1.0,83.0,2015-02-15,2015-02-15,2015,2,GRACE,February,Observed,-0.33957424096300826
03,2015-03-01,Northeast Khong,-15.98118931838149,1.0,83.0,2015-03-16,2015-03-16,2015,3,GRACE,March,Observed,-0.8781388483337678
03,2015-04-01,Northeast Khong,-19.375656024660188,2.0,166.0,2015-04-16,2015-04-27,2015,4,GRACE,April,Observed,-1.5406158551426605
03,2015-05-01,Northeast Khong,,,,,,2015,5,GRACE,May,Missing,
03,2015-06-01,Northeast Khong,,,,,,2015,6,GRACE,June,Missing,
03,2015-07-01,Northeast Khong,-9.807615940676891,1.0,83.0,2015-07-15,2015-07-15,2015,7,GRACE,July,Observed,-5.888409250458681
03,2015-08-01,Northeast Khong,5.680910009460732,1.0,83.0,2015-08-16,2015-08-16,2015,8,GRACE,August,Observed,-6.483143833656062
03,2015-09-01,Northeast Khong,13.049306342823018,1.0,83.0,2015-09-14,2015-09-14,2015,9,GRACE,September,Observed,-6.514069489106581
03,2015-10-01,Northeast Khong,,,,,,2015,10,GRACE,October,Missing,
03,2015-11-01,Northeast Khong,,,,,,2015,11,GRACE,November,Missing,
03,2015-12-01,Northeast Khong,-5.573556848888528,1.0,83.0,2015-12-23,2015-12-23,2015,12,GRACE,December,Observed,-7.053376155633565
03,2016-01-01,Northeast Khong,-10.374398715190994,1.0,83.0,2016-01-16,2016-01-16,2016,1,GRACE,January,Observed,-8.318165758091153
03,2016-02-01,Northeast Khong,-9.730355417338309,1.0,83.0,2016-02-14,2016-02-14,2016,2,GRACE,February,Observed,-7.302161640058178
03,2016-03-01,Northeast Khong,-19.351057053305453,1.0,83.0,2016-03-16,2016-03-16,2016,3,GRACE,March,Observed,-7.07072375472262
03,2016-04-01,Northeast Khong,,,,,,2016,4,GRACE,April,Missing,
03,2016-05-01,Northeast Khong,-20.32024162195209,1.0,83.0,2016-05-20,2016-05-20,2016,5,GRACE,May,Observed,-9.585727516915824
03,2016-06-01,Northeast Khong,-18.436482577751864,1.0,83.0,2016-06-16,2016-06-16,2016,6,GRACE,June,Observed,-7.085861334080923
03,2016-07-01,Northeast Khong,-0.6635788783801222,1.0,83.0,2016-07-15,2016-07-15,2016,7,GRACE,July,Observed,-6.22866057277904
03,2016-08-01,Northeast Khong,7.763850977480758,1.0,83.0,2016-08-21,2016-08-21,2016,8,GRACE,August,Observed,-5.224515451382641
03,2016-09-01,Northeast Khong,,,,,,2016,9,GRACE,September,Missing,
03,2016-10-01,Northeast Khong,,,,,,2016,10,GRACE,October,Missing,
03,2016-11-01,Northeast Khong,12.913068128598285,1.0,83.0,2016-11-27,2016-11-27,2016,11,GRACE,November,Observed,-5.362007889707858
03,2016-12-01,Northeast Khong,2.1412500028284294,1.0,83.0,2016-12-24,2016-12-24,2016,12,GRACE,December,Observed,-4.812413295576324
03,2017-01-01,Northeast Khong,-1.337092622623407,1.0,83.0,2017-01-21,2017-01-21,2017,1,GRACE,January,Observed,-3.2171689101995726
03,2017-02-01,Northeast Khong,,,,,,2017,2,GRACE,February,Missing,
03,2017-03-01,Northeast Khong,-13.732413680728412,1.0,83.0,2017-03-31,2017-03-31,2017,3,GRACE,March,Observed,
03,2017-04-01,Northeast Khong,-16.5864307348423,1.0,83.0,2017-04-24,2017-04-24,2017,4,GRACE,April,Observed,
03,2017-05-01,Northeast Khong,-15.373890274768277,1.0,83.0,2017-05-13,2017-05-13,2017,5,GRACE,May,Observed,
03,2017-06-01,Northeast Khong,-4.079283109361108,1.0,83.0,2017-06-10,2017-06-10,2017,6,GRACE,June,Observed,
03,2017-07-01,Northeast Khong,,,,,,2017,7,Mission gap,July,Missing,
03,2017-08-01,Northeast Khong,,,,,,2017,8,Mission gap,August,Missing,
03,2017-09-01,Northeast Khong,,,,,,2017,9,Mission gap,September,Missing,
03,2017-10-01,Northeast Khong,,,,,,2017,10,Mission gap,October,Missing,
03,2017-11-01,Northeast Khong,,,,,,2017,11,Mission gap,November,Missing,
03,2017-12-01,Northeast Khong,,,,,,2017,12,Mission gap,December,Missing,
03,2018-01-01,Northeast Khong,,,,,,2018,1,Mission gap,January,Missing,
03,2018-02-01,Northeast Khong,,,,,,2018,2,Mission gap,February,Missing,
03,2018-03-01,Northeast Khong,,,,,,2018,3,Mission gap,March,Missing,
03,2018-04-01,Northeast Khong,,,,,,2018,4,Mission gap,April,Missing,
03,2018-05-01,Northeast Khong,,,,,,2018,5,GRACE-FO,May,Missing,
03,2018-06-01,Northeast Khong,0.8960835827080997,1.0,83.0,2018-06-16,2018-06-16,2018,6,GRACE-FO,June,Observed,
03,2018-07-01,Northeast Khong,5.5791913519582135,1.0,83.0,2018-07-10,2018-07-10,2018,7,GRACE-FO,July,Observed,
03,2018-08-01,Northeast Khong,,,,,,2018,8,GRACE-FO,August,Missing,
03,2018-09-01,Northeast Khong,,,,,,2018,9,GRACE-FO,September,Missing,
03,2018-10-01,Northeast Khong,17.88883559706594,1.0,83.0,2018-10-31,2018-10-31,2018,10,GRACE-FO,October,Observed,1.1018112114979774
03,2018-11-01,Northeast Khong,12.150687420942544,1.0,83.0,2018-11-16,2018-11-16,2018,11,GRACE-FO,November,Observed,-1.507749644182321
03,2018-12-01,Northeast Khong,3.9984901989932204,1.0,83.0,2018-12-16,2018-12-16,2018,12,GRACE-FO,December,Observed,-3.066771141956907
03,2019-01-01,Northeast Khong,-2.9256043369060785,1.0,83.0,2019-01-16,2019-01-16,2019,1,GRACE-FO,January,Observed,-5.0696681584944265
03,2019-02-01,Northeast Khong,-11.186041238015093,1.0,83.0,2019-02-15,2019-02-15,2019,2,GRACE-FO,February,Observed,-7.1299765276394735
03,2019-03-01,Northeast Khong,-17.587152884763025,1.0,83.0,2019-03-16,2019-03-16,2019,3,GRACE-FO,March,Observed,-6.735359849531904
03,2019-04-01,Northeast Khong,-22.38423648962471,1.0,83.0,2019-04-16,2019-04-16,2019,4,GRACE-FO,April,Observed,-4.860938391381789
03,2019-05-01,Northeast Khong,-17.09796462192818,1.0,83.0,2019-05-16,2019-05-16,2019,5,GRACE-FO,May,Observed,-5.569750490051855
03,2019-06-01,Northeast Khong,-19.132886582667094,1.0,83.0,2019-06-16,2019-06-16,2019,6,GRACE-FO,June,Observed,-6.852582598767898
03,2019-07-01,Northeast Khong,-15.02389233949227,1.0,83.0,2019-07-16,2019-07-16,2019,7,GRACE-FO,July,Observed,-8.062128286717625
03,2019-08-01,Northeast Khong,-2.7891930684562034,1.0,83.0,2019-08-16,2019-08-16,2019,8,GRACE-FO,August,Observed,-9.412756025090731
03,2019-09-01,Northeast Khong,15.757697648269483,1.0,83.0,2019-09-16,2019-09-16,2019,9,GRACE-FO,September,Observed,-10.147508252043442
03,2019-10-01,Northeast Khong,9.383090413025146,1.0,83.0,2019-10-16,2019-10-16,2019,10,GRACE-FO,October,Observed,-10.807421408486917
03,2019-11-01,Northeast Khong,-3.2432978836499826,1.0,83.0,2019-11-16,2019-11-16,2019,11,GRACE-FO,November,Observed,-10.83089892923852
03,2019-12-01,Northeast Khong,-10.51605805640351,1.0,83.0,2019-12-16,2019-12-16,2019,12,GRACE-FO,December,Observed,-11.83927597055346
03,2020-01-01,Northeast Khong,-19.133137197383345,1.0,83.0,2020-01-16,2020-01-16,2020,1,GRACE-FO,January,Observed,-11.85832524857681
03,2020-02-01,Northeast Khong,-20.003067961447613,1.0,83.0,2020-02-15,2020-02-15,2020,2,GRACE-FO,February,Observed,-12.210508785623324
03,2020-03-01,Northeast Khong,-25.506110762084724,1.0,83.0,2020-03-16,2020-03-16,2020,3,GRACE-FO,March,Observed,-12.5415561714968
03,2020-04-01,Northeast Khong,-22.665966738643935,1.0,83.0,2020-04-16,2020-04-16,2020,4,GRACE-FO,April,Observed,-13.366630288516587
03,2020-05-01,Northeast Khong,-29.198489117707492,1.0,83.0,2020-05-16,2020-05-16,2020,5,GRACE-FO,May,Observed,-13.137658492146436
03,2020-06-01,Northeast Khong,-19.361477918947276,1.0,83.0,2020-06-16,2020-06-16,2020,6,GRACE-FO,June,Observed,-12.07692149214745
03,2020-07-01,Northeast Khong,-19.25009478405042,1.0,83.0,2020-07-16,2020-07-16,2020,7,GRACE-FO,July,Observed,-11.298864251514175
03,2020-08-01,Northeast Khong,-6.761761698937953,1.0,83.0,2020-08-16,2020-08-16,2020,8,GRACE-FO,August,Observed,-10.562278474004076
03,2020-09-01,Northeast Khong,5.856808244032071,1.0,83.0,2020-09-16,2020-09-16,2020,9,GRACE-FO,September,Observed,-10.062085232556413
03,2020-10-01,Northeast Khong,12.130751969466973,1.0,83.0,2020-10-16,2020-10-16,2020,10,GRACE-FO,October,Observed,-9.323737481316572
03,2020-11-01,Northeast Khong,9.48554611633781,1.0,83.0,2020-11-16,2020-11-16,2020,11,GRACE-FO,November,Observed,-9.072260592098155
03,2020-12-01,Northeast Khong,-1.1793711688041755,1.0,83.0,2020-12-16,2020-12-16,2020,12,GRACE-FO,December,Observed,-8.094640869657788
03,2021-01-01,Northeast Khong,-10.294107867262175,1.0,83.0,2021-01-16,2021-01-16,2021,1,GRACE-FO,January,Observed,-7.571818248905046
03,2021-02-01,Northeast Khong,-14.000749064075649,1.0,83.0,2021-02-15,2021-02-15,2021,2,GRACE-FO,February,Observed,-6.217828333779441
03,2021-03-01,Northeast Khong,-16.645937747206652,1.0,83.0,2021-03-16,2021-03-16,2021,3,GRACE-FO,March,Observed,-5.28257316565356
03,2021-04-01,Northeast Khong,-19.648244068022922,1.0,83.0,2021-04-16,2021-04-16,2021,4,GRACE-FO,April,Observed,-4.380468481101688
03,2021-05-01,Northeast Khong,-17.467052448423082,1.0,83.0,2021-05-16,2021-05-16,2021,5,GRACE-FO,May,Observed,-3.6957150756701087
03,2021-06-01,Northeast Khong,-13.087606469914384,1.0,83.0,2021-06-16,2021-06-16,2021,6,GRACE-FO,June,Observed,-3.4912038991367247
03,2021-07-01,Northeast Khong,-3.0022158025431653,1.0,83.0,2021-07-16,2021-07-16,2021,7,GRACE-FO,July,Observed,-3.4197882604617127
03,2021-08-01,Northeast Khong,4.461300318572614,1.0,83.0,2021-08-16,2021-08-16,2021,8,GRACE-FO,August,Observed,-2.999248494471843
03,2021-09-01,Northeast Khong,16.682064458654562,1.0,83.0,2021-09-16,2021-09-16,2021,9,GRACE-FO,September,Observed,-2.3932892344552847
03,2021-10-01,Northeast Khong,20.347792834645908,1.0,83.0,2021-10-16,2021-10-16,2021,10,GRACE-FO,October,Observed,-1.9800693852078937
03,2021-11-01,Northeast Khong,11.939680234738427,1.0,83.0,2021-11-16,2021-11-16,2021,11,GRACE-FO,November,Observed,-1.4663100005640926
03,2021-12-01,Northeast Khong,-0.32238350470403193,1.0,83.0,2021-12-16,2021-12-16,2021,12,GRACE-FO,December,Observed,-0.663945974143164
03,2022-01-01,Northeast Khong,-5.247630675383744,1.0,83.0,2022-01-16,2022-01-16,2022,1,GRACE-FO,January,Observed,0.23432354385833598
03,2022-02-01,Northeast Khong,-6.729237943876945,1.0,83.0,2022-02-15,2022-02-15,2022,2,GRACE-FO,February,Observed,0.9468053478337651
03,2022-03-01,Northeast Khong,-11.687299556237964,1.0,83.0,2022-03-16,2022-03-16,2022,3,GRACE-FO,March,Observed,1.9333230841594682
03,2022-04-01,Northeast Khong,-13.483131452297306,1.0,83.0,2022-04-16,2022-04-16,2022,4,GRACE-FO,April,Observed,2.3430741446280163
03,2022-05-01,Northeast Khong,-7.838684131371941,1.0,83.0,2022-05-16,2022-05-16,2022,5,GRACE-FO,May,Observed,2.6903085963066915
03,2022-06-01,Northeast Khong,-2.3083722538963842,1.0,83.0,2022-06-16,2022-06-16,2022,6,GRACE-FO,June,Observed,2.7989798843542615
03,2022-07-01,Northeast Khong,5.5475658451619845,1.0,83.0,2022-07-16,2022-07-16,2022,7,GRACE-FO,July,Observed,3.3342639243884116
03,2022-08-01,Northeast Khong,16.29951315448105,1.0,83.0,2022-08-16,2022-08-16,2022,8,GRACE-FO,August,Observed,3.9353931993716302
03,2022-09-01,Northeast Khong,21.59907718427714,1.0,83.0,2022-09-16,2022-09-16,2022,9,GRACE-FO,September,Observed,3.9672948182562053
03,2022-10-01,Northeast Khong,24.514606254790017,1.0,83.0,2022-10-16,2022-10-16,2022,10,GRACE-FO,October,Observed,3.82003467534237
03,2022-11-01,Northeast Khong,13.243735691309261,1.0,83.0,2022-11-16,2022-11-16,2022,11,GRACE-FO,November,Observed,3.2953098950251243
03,2022-12-01,Northeast Khong,6.101024975705772,1.0,83.0,2022-12-16,2022-12-16,2022,12,GRACE-FO,December,Observed,2.125118426793001
03,2023-01-01,Northeast Khong,1.9659206244148821,1.0,83.0,2023-01-16,2023-01-16,2023,1,GRACE-FO,January,Observed,1.25901383618023
03,2023-02-01,Northeast Khong,-6.346418517262049,1.0,83.0,2023-02-15,2023-02-15,2023,2,GRACE-FO,February,Observed,0.45489499912907133
03,2023-03-01,Northeast Khong,-13.454421271203985,1.0,83.0,2023-03-16,2023-03-16,2023,3,GRACE-FO,March,Observed,-0.1056329818007146
03,2023-04-01,Northeast Khong,-19.779828816104253,1.0,83.0,2023-04-16,2023-04-16,2023,4,GRACE-FO,April,Observed,-0.2750399398951811
03,2023-05-01,Northeast Khong,-21.88098175015742,1.0,83.0,2023-05-16,2023-05-16,2023,5,GRACE-FO,May,Observed,-0.3234984164155949
03,2023-06-01,Northeast Khong,-12.701627341249635,1.0,83.0,2023-06-16,2023-06-16,2023,6,GRACE-FO,June,Observed,0.031406999102617426
03,2023-07-01,Northeast Khong,-4.101860199451921,1.0,83.0,2023-07-16,2023-07-16,2023,7,GRACE-FO,July,Observed,0.17367658046817044
03,2023-08-01,Northeast Khong,9.57317738332362,1.0,83.0,2023-08-16,2023-08-16,2023,8,GRACE-FO,August,Observed,-0.15288711183376455
03,2023-09-01,Northeast Khong,19.56619368714354,1.0,83.0,2023-09-16,2023-09-16,2023,9,GRACE-FO,September,Observed,-0.3428599982757264
03,2023-10-01,Northeast Khong,23.933104536545056,1.0,83.0,2023-10-16,2023-10-16,2023,10,GRACE-FO,October,Observed,-0.3480509257032865
03,2023-11-01,Northeast Khong,17.50260067752781,1.0,83.0,2023-11-16,2023-11-16,2023,11,GRACE-FO,November,Observed,-0.5846563747662294
03,2023-12-01,Northeast Khong,7.808259952092408,1.0,83.0,2023-12-16,2023-12-16,2023,12,GRACE-FO,December,Observed,-0.4683758232704269
03,2024-01-01,Northeast Khong,-1.9528436832083376,1.0,83.0,2024-01-16,2024-01-16,2024,1,GRACE-FO,January,Observed,-0.3531617584047814
03,2024-02-01,Northeast Khong,-8.626093154565591,1.0,83.0,2024-02-15,2024-02-15,2024,2,GRACE-FO,February,Observed,-0.04528984582456669
03,2024-03-01,Northeast Khong,-13.516712400334708,1.0,83.0,2024-03-16,2024-03-16,2024,3,GRACE-FO,March,Observed,0.22550023050297177
03,2024-04-01,Northeast Khong,-22.619094204859564,1.0,83.0,2024-04-16,2024-04-16,2024,4,GRACE-FO,April,Observed,0.7539101839534057
03,2024-05-01,Northeast Khong,-20.48561513220779,1.0,83.0,2024-05-16,2024-05-16,2024,5,GRACE-FO,May,Observed,0.8259716057592005
03,2024-06-01,Northeast Khong,-11.319058562861889,1.0,83.0,2024-06-16,2024-06-16,2024,6,GRACE-FO,June,Observed,-0.6900855825834004
03,2024-07-01,Northeast Khong,-0.4073972484893445,1.0,83.0,2024-07-16,2024-07-16,2024,7,GRACE-FO,July,Observed,-1.539920136050981
03,2024-08-01,Northeast Khong,12.822658299254082,1.0,83.0,2024-08-16,2024-08-16,2024,8,GRACE-FO,August,Observed,-1.494039741922386
03,2024-09-01,Northeast Khong,25.907113128548747,1.0,83.0,2024-09-16,2024-09-16,2024,9,GRACE-FO,September,Observed,-0.6025330653419854
03,2024-10-01,Northeast Khong,24.797841598214593,1.0,83.0,2024-10-16,2024-10-16,2024,10,GRACE-FO,October,Observed,
04,2002-04-01,Chi,-14.095904444053602,1.0,98.0,2002-04-18,2002-04-18,2002,4,GRACE,April,Observed,
04,2002-05-01,Chi,-12.58179932542065,1.0,98.0,2002-05-10,2002-05-10,2002,5,GRACE,May,Observed,
04,2002-06-01,Chi,,,,,,2002,6,GRACE,June,Missing,
04,2002-07-01,Chi,,,,,,2002,7,GRACE,July,Missing,
04,2002-08-01,Chi,24.119925192100634,1.0,98.0,2002-08-16,2002-08-16,2002,8,GRACE,August,Observed,13.82380460860742
04,2002-09-01,Chi,37.81949866607704,1.0,98.0,2002-09-16,2002-09-16,2002,9,GRACE,September,Observed,11.971470822683184
04,2002-10-01,Chi,31.35561229086985,1.0,98.0,2002-10-16,2002-10-16,2002,10,GRACE,October,Observed,10.134906598013773
04,2002-11-01,Chi,26.15683319439116,1.0,98.0,2002-11-16,2002-11-16,2002,11,GRACE,November,Observed,10.403941909804226
04,2002-12-01,Chi,14.171715206297868,1.0,98.0,2002-12-16,2002-12-16,2002,12,GRACE,December,Observed,10.845643280743221
04,2003-01-01,Chi,3.644556088597057,1.0,98.0,2003-01-16,2003-01-16,2003,1,GRACE,January,Observed,10.845643280743221
04,2003-02-01,Chi,-2.847199464710692,1.0,98.0,2003-02-15,2003-02-15,2003,2,GRACE,February,Observed,10.440148905635054
04,2003-03-01,Chi,-6.3941714240109375,1.0,98.0,2003-03-16,2003-03-16,2003,3,GRACE,March,Observed,9.38956733919009
04,2003-04-01,Chi,-11.405551326149064,1.0,98.0,2003-04-16,2003-04-16,2003,4,GRACE,April,Observed,8.360098756969256
04,2003-05-01,Chi,-8.164785616030686,1.0,98.0,2003-05-11,2003-05-11,2003,5,GRACE,May,Observed,7.638068054574205
04,2003-06-01,Chi,,,,,,2003,6,GRACE,June,Missing,
04,2003-07-01,Chi,6.385205154553375,1.0,98.0,2003-07-16,2003-07-16,2003,7,GRACE,July,Observed,5.268474472166451
04,2003-08-01,Chi,12.563527961206027,1.0,98.0,2003-08-16,2003-08-16,2003,8,GRACE,August,Observed,4.681240251473778
04,2003-09-01,Chi,26.495344261647862,1.0,98.0,2003-09-16,2003-09-16,2003,9,GRACE,September,Observed,4.116113353774755
04,2003-10-01,Chi,23.41327456452428,1.0,98.0,2003-10-16,2003-10-16,2003,10,GRACE,October,Observed,3.472076663221656
04,2003-11-01,Chi,11.580230862852293,1.0,98.0,2003-11-16,2003-11-16,2003,11,GRACE,November,Observed,3.181244967581477
04,2003-12-01,Chi,2.6827881313514497,1.0,98.0,2003-12-16,2003-12-16,2003,12,GRACE,December,Observed,2.8850964814207694
04,2004-01-01,Chi,-2.815020339022348,1.0,98.0,2004-01-07,2004-01-07,2004,1,GRACE,January,Observed,3.0423111097162643
04,2004-02-01,Chi,-9.063595339399946,1.0,98.0,2004-02-17,2004-02-17,2004,2,GRACE,February,Observed,3.586233460552846
04,2004-03-01,Chi,-13.478575020095029,1.0,98.0,2004-03-16,2004-03-16,2004,3,GRACE,March,Observed,4.775855515284376
04,2004-04-01,Chi,-14.604699978191029,1.0,98.0,2004-04-16,2004-04-16,2004,4,GRACE,April,Observed,5.211651750181363
04,2004-05-01,Chi,-11.422418963798474,1.0,98.0,2004-05-16,2004-05-16,2004,5,GRACE,May,Observed,4.941673753040567
04,2004-06-01,Chi,4.771672020966707,1.0,98.0,2004-06-16,2004-06-16,2004,6,GRACE,June,Observed,4.3798646628317535
04,2004-07-01,Chi,12.912273364592366,1.0,98.0,2004-07-16,2004-07-16,2004,7,GRACE,July,Observed,4.011915252833971
04,2004-08-01,Chi,26.83899261798438,1.0,98.0,2004-08-16,2004-08-16,2004,8,GRACE,August,Observed,2.9904257898873645
04,2004-09-01,Chi,31.724899080411706,1.0,98.0,2004-09-16,2004-09-16,2004,9,GRACE,September,Observed,2.110748496526059
04,2004-10-01,Chi,20.173538598834735,1.0,98.0,2004-10-16,2004-10-16,2004,10,GRACE,October,Observed,1.3595258982587424
04,2004-11-01,Chi,4.838521780346527,1.0,98.0,2004-11-16,2004-11-16,2004,11,GRACE,November,Observed,0.6109075530544713
04,2004-12-01,Chi,-1.7326047886219493,1.0,98.0,2004-12-16,2004-12-16,2004,12,GRACE,December,Observed,-0.3800668411188637
04,2005-01-01,Chi,-15.072893894381622,1.0,98.0,2005-01-16,2005-01-16,2005,1,GRACE,January,Observed,-2.1264404983748952
04,2005-02-01,Chi,-19.619722859735614,1.0,98.0,2005-02-15,2005-02-15,2005,2,GRACE,February,Observed,-3.753465757635975
04,2005-03-01,Chi,-22.493246199302824,1.0,98.0,2005-03-16,2005-03-16,2005,3,GRACE,March,Observed,-5.362855030619735
04,2005-04-01,Chi,-23.588120120642284,1.0,98.0,2005-04-16,2005-04-16,2005,4,GRACE,April,Observed,-6.334956393772458
04,2005-05-01,Chi,-23.314111693878495,1.0,98.0,2005-05-16,2005-05-16,2005,5,GRACE,May,Observed,-6.556799171859583
04,2005-06-01,Chi,-16.18481186610567,1.0,98.0,2005-06-16,2005-06-16,2005,6,GRACE,June,Observed,-5.91213338001283
04,2005-07-01,Chi,-6.6120297465405935,1.0,98.0,2005-07-16,2005-07-16,2005,7,GRACE,July,Observed,-5.505498856081945
04,2005-08-01,Chi,7.5263213421792585,1.0,98.0,2005-08-16,2005-08-16,2005,8,GRACE,August,Observed,-4.602991044635931
04,2005-09-01,Chi,20.059682722579023,1.0,98.0,2005-09-16,2005-09-16,2005,9,GRACE,September,Observed,-3.925415114488811
04,2005-10-01,Chi,17.51142526178925,1.0,98.0,2005-10-16,2005-10-16,2005,10,GRACE,October,Observed,-3.311024496002186
04,2005-11-01,Chi,12.574511282507556,1.0,98.0,2005-11-16,2005-11-16,2005,11,GRACE,November,Observed,-2.7968724752073038
04,2005-12-01,Chi,3.147009498548679,1.0,98.0,2005-12-16,2005-12-16,2005,12,GRACE,December,Observed,-1.9384132440461588
04,2006-01-01,Chi,-4.242800157029452,1.0,98.0,2006-01-16,2006-01-16,2006,1,GRACE,January,Observed,-1.035861243808738
04,2006-02-01,Chi,-11.488811697970185,1.0,98.0,2006-02-15,2006-02-15,2006,2,GRACE,February,Observed,-0.4428159131822486
04,2006-03-01,Chi,-15.120558777463321,1.0,98.0,2006-03-16,2006-03-16,2006,3,GRACE,March,Observed,0.07107969290096161
04,2006-04-01,Chi,-17.418295871103698,1.0,98.0,2006-04-16,2006-04-16,2006,4,GRACE,April,Observed,0.24348914924030396
04,2006-05-01,Chi,-13.01260091994475,1.0,98.0,2006-05-16,2006-05-16,2006,5,GRACE,May,Observed,1.0358624118718245
04,2006-06-01,Chi,-5.354187863256623,1.0,98.0,2006-06-16,2006-06-16,2006,6,GRACE,June,Observed,0.9772237032931311
04,2006-07-01,Chi,0.5045142209772805,1.0,98.0,2006-07-16,2006-07-16,2006,7,GRACE,July,Observed,1.0627290209426208
04,2006-08-01,Chi,13.693068615177781,1.0,98.0,2006-08-16,2006-08-16,2006,8,GRACE,August,Observed,0.9437328980887388
04,2006-09-01,Chi,22.12859619865113,1.0,98.0,2006-09-16,2006-09-16,2006,9,GRACE,September,Observed,0.8215446364460727
04,2006-10-01,Chi,27.019904413367495,1.0,98.0,2006-10-16,2006-10-16,2006,10,GRACE,October,Observed,0.7288978630019253
04,2006-11-01,Chi,11.870846779563236,1.0,98.0,2006-11-16,2006-11-16,2006,11,GRACE,November,Observed,0.6692612765591136
04,2006-12-01,Chi,4.173073310342556,1.0,98.0,2006-12-16,2006-12-16,2006,12,GRACE,December,Observed,0.6817188310632386
04,2007-01-01,Chi,-5.670753631276036,1.0,98.0,2007-01-16,2007-01-16,2007,1,GRACE,January,Observed,0.7730800043163413
04,2007-02-01,Chi,-12.955070837682179,1.0,98.0,2007-02-14,2007-02-14,2007,2,GRACE,February,Observed,0.5979272129741231
04,2007-03-01,Chi,-16.232320058793093,1.0,98.0,2007-03-16,2007-03-16,2007,3,GRACE,March,Observed,-0.2772775801735397
04,2007-04-01,Chi,-18.133934908417434,1.0,98.0,2007-04-16,2007-04-16,2007,4,GRACE,April,Observed,-0.9605577643115465
04,2007-05-01,Chi,-12.86311026589525,1.0,98.0,2007-05-16,2007-05-16,2007,5,GRACE,May,Observed,-1.4328515968391982
04,2007-06-01,Chi,-4.2578537842193915,1.0,98.0,2007-06-16,2007-06-16,2007,6,GRACE,June,Observed,-1.5433400043690282
04,2007-07-01,Chi,-1.5973192751293381,1.0,98.0,2007-07-16,2007-07-16,2007,7,GRACE,July,Observed,-1.918649803596612
04,2007-08-01,Chi,3.190611097405828,1.0,98.0,2007-08-16,2007-08-16,2007,8,GRACE,August,Observed,-2.123493402746666
04,2007-09-01,Chi,13.929233988995051,1.0,98.0,2007-09-16,2007-09-16,2007,9,GRACE,September,Observed,-2.0599255383813215
04,2007-10-01,Chi,21.352378423035677,1.0,98.0,2007-10-16,2007-10-16,2007,10,GRACE,October,Observed,-2.0497893453958054
04,2007-11-01,Chi,10.544985889205275,1.0,98.0,2007-11-16,2007-11-16,2007,11,GRACE,November,Observed,-1.9273966445051984
04,2007-12-01,Chi,-0.33064428038845084,1.0,98.0,2007-12-16,2007-12-16,2007,12,GRACE,December,Observed,-1.6340230696208453
04,2008-01-01,Chi,-8.128876821076688,1.0,98.0,2008-01-16,2008-01-16,2008,1,GRACE,January,Observed,-0.9655440767843335
04,2008-02-01,Chi,-12.192256465298046,1.0,98.0,2008-02-15,2008-02-15,2008,2,GRACE,February,Observed,-0.22230203380428049
04,2008-03-01,Chi,-16.110685742966897,1.0,98.0,2008-03-16,2008-03-16,2008,3,GRACE,March,Observed,0.6990839847952296
04,2008-04-01,Chi,-16.66522249773015,1.0,98.0,2008-04-16,2008-04-16,2008,4,GRACE,April,Observed,1.1401975676540548
04,2008-05-01,Chi,-9.342627367283013,1.0,98.0,2008-05-16,2008-05-16,2008,5,GRACE,May,Observed,1.1159819430513434
04,2008-06-01,Chi,3.76389412981875,1.0,98.0,2008-06-16,2008-06-16,2008,6,GRACE,June,Observed,1.7518564750216334
04,2008-07-01,Chi,7.3215852406313,1.0,98.0,2008-07-16,2008-07-16,2008,7,GRACE,July,Observed,2.141828390972303
04,2008-08-01,Chi,14.247243320599948,1.0,98.0,2008-08-16,2008-08-16,2008,8,GRACE,August,Observed,2.644729435312655
04,2008-09-01,Chi,19.222596983300953,1.0,98.0,2008-09-16,2008-09-16,2008,9,GRACE,September,Observed,2.6381375538983067
04,2008-10-01,Chi,21.06179092780314,1.0,98.0,2008-10-16,2008-10-16,2008,10,GRACE,October,Observed,2.6543888384015397
04,2008-11-01,Chi,18.175480272848755,1.0,98.0,2008-11-16,2008-11-16,2008,11,GRACE,November,Observed,2.816156577539106
04,2008-12-01,Chi,4.349018711019583,1.0,98.0,2008-12-16,2008-12-16,2008,12,GRACE,December,Observed,2.5726085309599966
04,2009-01-01,Chi,-2.0940642889924552,1.0,98.0,2009-01-16,2009-01-16,2009,1,GRACE,January,Observed,2.169483262618491
04,2009-02-01,Chi,-12.271359042270236,1.0,98.0,2009-02-15,2009-02-15,2009,2,GRACE,February,Observed,2.152195858588834
04,2009-03-01,Chi,-15.915670328928096,1.0,98.0,2009-03-16,2009-03-16,2009,3,GRACE,March,Observed,1.657084229914406
04,2009-04-01,Chi,-14.724009628079347,1.0,98.0,2009-04-16,2009-04-16,2009,4,GRACE,April,Observed,1.2546693734030117
04,2009-05-01,Chi,-12.265203926232331,1.0,98.0,2009-05-16,2009-05-16,2009,5,GRACE,May,Observed,1.2624255210368462
04,2009-06-01,Chi,-1.0736090902793176,1.0,98.0,2009-06-16,2009-06-16,2009,6,GRACE,June,Observed,0.5515383859336848
04,2009-07-01,Chi,7.114136392275414,1.0,98.0,2009-07-16,2009-07-16,2009,7,GRACE,July,Observed,0.207675994458597
04,2009-08-01,Chi,8.305903776506812,1.0,98.0,2009-08-16,2009-08-16,2009,8,GRACE,August,Observed,-0.21736790658149183
04,2009-09-01,Chi,14.393618705164222,1.0,98.0,2009-09-16,2009-09-16,2009,9,GRACE,September,Observed,-0.21898318395148086
04,2009-10-01,Chi,21.154864699409156,1.0,98.0,2009-10-16,2009-10-16,2009,10,GRACE,October,Observed,-0.4751128064846357
04,2009-11-01,Chi,9.644834651610816,1.0,98.0,2009-11-16,2009-11-16,2009,11,GRACE,November,Observed,-1.0296889910290201
04,2009-12-01,Chi,0.2226700133185304,1.0,98.0,2009-12-16,2009-12-16,2009,12,GRACE,December,Observed,-1.8155291363756163
04,2010-01-01,Chi,-7.194591101473521,1.0,98.0,2010-01-16,2010-01-16,2010,1,GRACE,January,Observed,-3.742629193460433
04,2010-02-01,Chi,-12.290742370710104,1.0,98.0,2010-02-15,2010-02-15,2010,2,GRACE,February,Observed,-5.546525022147809
04,2010-03-01,Chi,-18.989225799325954,1.0,98.0,2010-03-16,2010-03-16,2010,3,GRACE,March,Observed,-6.1601531393587825
04,2010-04-01,Chi,-21.37892384261196,1.0,98.0,2010-04-16,2010-04-16,2010,4,GRACE,April,Observed,-5.711994501353314
04,2010-05-01,Chi,-21.695285670391485,1.0,98.0,2010-05-16,2010-05-16,2010,5,GRACE,May,Observed,-5.549908941405149
04,2010-06-01,Chi,-24.198809775297118,1.0,98.0,2010-06-16,2010-06-16,2010,6,GRACE,June,Observed,-5.397663828432574
04,2010-07-01,Chi,-14.53261355197311,1.0,98.0,2010-07-16,2010-07-16,2010,7,GRACE,July,Observed,-5.337842224861361
04,2010-08-01,Chi,0.9423663699751402,1.0,98.0,2010-08-16,2010-08-16,2010,8,GRACE,August,Observed,-5.169046872442073
04,2010-09-01,Chi,19.77152236122984,1.0,98.0,2010-09-16,2010-09-16,2010,9,GRACE,September,Observed,-5.166010495134607
04,2010-10-01,Chi,23.099891418787152,1.0,98.0,2010-10-16,2010-10-16,2010,10,GRACE,October,Observed,-4.9010817001751485
04,2010-11-01,Chi,11.47177600728171,1.0,98.0,2010-11-16,2010-11-16,2010,11,GRACE,November,Observed,-4.4636331362295145
04,2010-12-01,Chi,0.9405292561730925,1.0,98.0,2010-12-14,2010-12-14,2010,12,GRACE,December,Observed,-3.474467082176284
04,2011-01-01,Chi,,,,,,2011,1,GRACE,January,Missing,
04,2011-02-01,Chi,-12.257342220327985,1.0,98.0,2011-02-18,2011-02-18,2011,2,GRACE,February,Observed,1.2096456051794482
04,2011-03-01,Chi,-16.075009054771908,1.0,98.0,2011-03-16,2011-03-16,2011,3,GRACE,March,Observed,4.213053498743477
04,2011-04-01,Chi,-16.566989639209993,1.0,98.0,2011-04-16,2011-04-16,2011,4,GRACE,April,Observed,5.72034577272578
04,2011-05-01,Chi,-10.814459075805948,1.0,98.0,2011-05-16,2011-05-16,2011,5,GRACE,May,Observed,6.756789054820733
04,2011-06-01,Chi,,,,,,2011,6,GRACE,June,Missing,
04,2011-07-01,Chi,11.58417062846338,1.0,98.0,2011-07-18,2011-07-18,2011,7,GRACE,July,Observed,6.864083566963707
04,2011-08-01,Chi,30.976445305615428,1.0,98.0,2011-08-16,2011-08-16,2011,8,GRACE,August,Observed,6.171368557090891
04,2011-09-01,Chi,34.84444510105288,1.0,98.0,2011-09-16,2011-09-16,2011,9,GRACE,September,Observed,6.701025433286089
04,2011-10-01,Chi,33.464324239736676,2.0,196.0,2011-10-16,2011-10-31,2011,10,GRACE,October,Observed,7.036753454029674
04,2011-11-01,Chi,,,,,,2011,11,GRACE,November,Missing,
04,2011-12-01,Chi,6.621166817920839,1.0,98.0,2011-12-28,2011-12-28,2011,12,GRACE,December,Observed,9.472594076604706
04,2012-01-01,Chi,-0.0630665317644583,1.0,98.0,2012-01-16,2012-01-16,2012,1,GRACE,January,Observed,8.626766378021813
04,2012-02-01,Chi,-6.960773458375994,1.0,98.0,2012-02-15,2012-02-15,2012,2,GRACE,February,Observed,7.966002803801406
04,2012-03-01,Chi,-12.717728847336064,1.0,98.0,2012-03-16,2012-03-16,2012,3,GRACE,March,Observed,5.931208047692468
04,2012-04-01,Chi,-12.495636565870335,1.0,98.0,2012-04-04,2012-04-04,2012,4,GRACE,April,Observed,4.159505335289941
04,2012-05-01,Chi,,,,,,2012,5,GRACE,May,Missing,
04,2012-06-01,Chi,1.0143170907757815,1.0,98.0,2012-06-16,2012-06-16,2012,6,GRACE,June,Observed,1.708715941486431
04,2012-07-01,Chi,4.9765348862593095,1.0,98.0,2012-07-16,2012-07-16,2012,7,GRACE,July,Observed,1.0928646315662123
04,2012-08-01,Chi,10.628497744526047,1.0,98.0,2012-08-16,2012-08-16,2012,8,GRACE,August,Observed,0.26895032091385807
04,2012-09-01,Chi,17.127417977027612,1.0,98.0,2012-09-13,2012-09-13,2012,9,GRACE,September,Observed,-0.26150858655691067
04,2012-10-01,Chi,,,,,,2012,10,GRACE,October,Missing,
04,2012-11-01,Chi,8.95643030170157,1.0,98.0,2012-11-18,2012-11-18,2012,11,GRACE,November,Observed,0.4051782940458292
04,2012-12-01,Chi,0.46265371871865163,1.0,98.0,2012-12-16,2012-12-16,2012,12,GRACE,December,Observed,-1.397141954243479
04,2013-01-01,Chi,-8.302209638288,1.0,98.0,2013-01-16,2013-01-16,2013,1,GRACE,January,Observed,-2.808835229108117
04,2013-02-01,Chi,-12.265362533083682,1.0,98.0,2013-02-14,2013-02-14,2013,2,GRACE,February,Observed,-3.3347004152933133
04,2013-03-01,Chi,,,,,,2013,3,GRACE,March,Missing,
04,2013-04-01,Chi,-18.951674901224827,1.0,98.0,2013-04-21,2013-04-21,2013,4,GRACE,April,Observed,-7.637864984310848
04,2013-05-01,Chi,-17.618024188847254,1.0,98.0,2013-05-16,2013-05-16,2013,5,GRACE,May,Observed,-4.266689248299277
04,2013-06-01,Chi,-13.102615657870599,1.0,98.0,2013-06-16,2013-06-16,2013,6,GRACE,June,Observed,-3.6190605337693835
04,2013-07-01,Chi,-0.2821169755926508,1.0,98.0,2013-07-16,2013-07-16,2013,7,GRACE,July,Observed,-2.7360398220305644
04,2013-08-01,Chi,,,,,,2013,8,GRACE,August,Missing,
04,2013-09-01,Chi,,,,,,2013,9,GRACE,September,Missing,
04,2013-10-01,Chi,22.702716639793298,1.0,98.0,2013-10-16,2013-10-16,2013,10,GRACE,October,Observed,-1.9864016286701
04,2013-11-01,Chi,14.785088732470609,1.0,98.0,2013-11-16,2013-11-16,2013,11,GRACE,November,Observed,-1.9569925615800448
04,2013-12-01,Chi,8.409840124368026,1.0,98.0,2013-12-16,2013-12-16,2013,12,GRACE,December,Observed,-1.5725836122774375
04,2014-01-01,Chi,0.5951070928739476,1.0,98.0,2014-01-09,2014-01-09,2014,1,GRACE,January,Observed,-1.5202522100109794
04,2014-02-01,Chi,,,,,,2014,2,GRACE,February,Missing,
04,2014-03-01,Chi,-14.41593552400145,1.0,98.0,2014-03-17,2014-03-17,2014,3,GRACE,March,Observed,-0.896788507278371
04,2014-04-01,Chi,-18.68699329741433,1.0,98.0,2014-04-16,2014-04-16,2014,4,GRACE,April,Observed,0.7035244311165304
04,2014-05-01,Chi,-14.15834364512379,1.0,98.0,2014-05-16,2014-05-16,2014,5,GRACE,May,Observed,0.009032809150092724
04,2014-06-01,Chi,-12.631633037472477,1.0,98.0,2014-06-13,2014-06-13,2014,6,GRACE,June,Observed,-0.9026959383108764
04,2014-07-01,Chi,,,,,,2014,7,GRACE,July,Missing,
04,2014-08-01,Chi,5.329056349000825,1.0,98.0,2014-08-16,2014-08-16,2014,8,GRACE,August,Observed,-2.9868016737614487
04,2014-09-01,Chi,15.106340876670645,1.0,98.0,2014-09-16,2014-09-16,2014,9,GRACE,September,Observed,-3.788778962501688
04,2014-10-01,Chi,15.757800420128921,1.0,98.0,2014-10-16,2014-10-16,2014,10,GRACE,October,Observed,-4.179380346906396
04,2014-11-01,Chi,5.667801257860918,1.0,98.0,2014-11-16,2014-11-16,2014,11,GRACE,November,Observed,-4.587077104305945
04,2014-12-01,Chi,,,,,,2014,12,GRACE,December,Missing,
04,2015-01-01,Chi,-8.849308463502302,1.0,98.0,2015-01-22,2015-01-22,2015,1,GRACE,January,Observed,-2.3850992950578975
04,2015-02-01,Chi,-11.006574561163845,1.0,98.0,2015-02-15,2015-02-15,2015,2,GRACE,February,Observed,-3.600501794550009
04,2015-03-01,Chi,-18.32194936804852,1.0,98.0,2015-03-16,2015-03-16,2015,3,GRACE,March,Observed,-4.540831074570294
04,2015-04-01,Chi,-22.763960871409825,2.0,196.0,2015-04-16,2015-04-27,2015,4,GRACE,April,Observed,-5.722519496337216
04,2015-05-01,Chi,,,,,,2015,5,GRACE,May,Missing,
04,2015-06-01,Chi,,,,,,2015,6,GRACE,June,Missing,
04,2015-07-01,Chi,-13.3237217904869,1.0,98.0,2015-07-15,2015-07-15,2015,7,GRACE,July,Observed,-10.504124076198604
04,2015-08-01,Chi,-3.1339071711817352,1.0,98.0,2015-08-16,2015-08-16,2015,8,GRACE,August,Observed,-11.345646076338937
04,2015-09-01,Chi,4.47114508076835,1.0,98.0,2015-09-14,2015-09-14,2015,9,GRACE,September,Observed,-11.652451330257161
04,2015-10-01,Chi,,,,,,2015,10,GRACE,October,Missing,
04,2015-11-01,Chi,,,,,,2015,11,GRACE,November,Missing,
04,2015-12-01,Chi,-11.104715464564046,1.0,98.0,2015-12-23,2015-12-23,2015,12,GRACE,December,Observed,-12.865296452835768
04,2016-01-01,Chi,-15.581484464624966,1.0,98.0,2016-01-16,2016-01-16,2016,1,GRACE,January,Observed,-14.190115435516134
04,2016-02-01,Chi,-13.461016592509635,1.0,98.0,2016-02-14,2016-02-14,2016,2,GRACE,February,Observed,-13.077936745172499
04,2016-03-01,Chi,-24.528183692177546,1.0,98.0,2016-03-16,2016-03-16,2016,3,GRACE,March,Observed,-13.091739980320341
04,2016-04-01,Chi,,,,,,2016,4,GRACE,April,Missing,
04,2016-05-01,Chi,-26.260487527909678,1.0,98.0,2016-05-20,2016-05-20,2016,5,GRACE,May,Observed,-15.287100612956428
04,2016-06-01,Chi,-24.78866729695905,1.0,98.0,2016-06-16,2016-06-16,2016,6,GRACE,June,Observed,-12.136826346993375
04,2016-07-01,Chi,-3.3141135773941786,1.0,98.0,2016-07-15,2016-07-15,2016,7,GRACE,July,Observed,-10.749960481360263
04,2016-08-01,Chi,-3.2581362875123157,1.0,98.0,2016-08-21,2016-08-21,2016,8,GRACE,August,Observed,-9.353906877918675
04,2016-09-01,Chi,,,,,,2016,9,GRACE,September,Missing,
04,2016-10-01,Chi,,,,,,2016,10,GRACE,October,Missing,
04,2016-11-01,Chi,13.065367780711032,1.0,98.0,2016-11-27,2016-11-27,2016,11,GRACE,November,Observed,-8.717607077581965
04,2016-12-01,Chi,1.3770773261339713,1.0,98.0,2016-12-24,2016-12-24,2016,12,GRACE,December,Observed,-7.569810553749217
04,2017-01-01,Chi,-3.0170020336506793,1.0,98.0,2017-01-21,2017-01-21,2017,1,GRACE,January,Observed,-5.088061653598286
04,2017-02-01,Chi,,,,,,2017,2,GRACE,February,Missing,
04,2017-03-01,Chi,-14.827174897651956,1.0,98.0,2017-03-31,2017-03-31,2017,3,GRACE,March,Observed,
04,2017-04-01,Chi,-17.435327184004823,1.0,98.0,2017-04-24,2017-04-24,2017,4,GRACE,April,Observed,
04,2017-05-01,Chi,-15.930318813414942,1.0,98.0,2017-05-13,2017-05-13,2017,5,GRACE,May,Observed,
04,2017-06-01,Chi,-2.4529271956006804,1.0,98.0,2017-06-10,2017-06-10,2017,6,GRACE,June,Observed,
04,2017-07-01,Chi,,,,,,2017,7,Mission gap,July,Missing,
04,2017-08-01,Chi,,,,,,2017,8,Mission gap,August,Missing,
04,2017-09-01,Chi,,,,,,2017,9,Mission gap,September,Missing,
04,2017-10-01,Chi,,,,,,2017,10,Mission gap,October,Missing,
04,2017-11-01,Chi,,,,,,2017,11,Mission gap,November,Missing,
04,2017-12-01,Chi,,,,,,2017,12,Mission gap,December,Missing,
04,2018-01-01,Chi,,,,,,2018,1,Mission gap,January,Missing,
04,2018-02-01,Chi,,,,,,2018,2,Mission gap,February,Missing,
04,2018-03-01,Chi,,,,,,2018,3,Mission gap,March,Missing,
04,2018-04-01,Chi,,,,,,2018,4,Mission gap,April,Missing,
04,2018-05-01,Chi,,,,,,2018,5,GRACE-FO,May,Missing,
04,2018-06-01,Chi,1.6082996188863452,1.0,98.0,2018-06-16,2018-06-16,2018,6,GRACE-FO,June,Observed,
04,2018-07-01,Chi,4.65538943691195,1.0,98.0,2018-07-10,2018-07-10,2018,7,GRACE-FO,July,Observed,
04,2018-08-01,Chi,,,,,,2018,8,GRACE-FO,August,Missing,
04,2018-09-01,Chi,,,,,,2018,9,GRACE-FO,September,Missing,
04,2018-10-01,Chi,16.895290036468303,1.0,98.0,2018-10-31,2018-10-31,2018,10,GRACE-FO,October,Observed,-1.3821147451732163
04,2018-11-01,Chi,8.937072043723619,1.0,98.0,2018-11-16,2018-11-16,2018,11,GRACE-FO,November,Observed,-3.932416256333724
04,2018-12-01,Chi,-0.012684824454831465,1.0,98.0,2018-12-16,2018-12-16,2018,12,GRACE-FO,December,Observed,-5.388718413883224
04,2019-01-01,Chi,-7.5008966148100225,1.0,98.0,2019-01-16,2019-01-16,2019,1,GRACE-FO,January,Observed,-7.7333640611917405
04,2019-02-01,Chi,-14.966743405824506,1.0,98.0,2019-02-15,2019-02-15,2019,2,GRACE-FO,February,Observed,-10.115881128410368
04,2019-03-01,Chi,-20.672644252286588,1.0,98.0,2019-03-16,2019-03-16,2019,3,GRACE-FO,March,Observed,-10.414169220531916
04,2019-04-01,Chi,-24.334828345617783,1.0,98.0,2019-04-16,2019-04-16,2019,4,GRACE-FO,April,Observed,-8.485846104324766
04,2019-05-01,Chi,-18.49543783182873,1.0,98.0,2019-05-16,2019-05-16,2019,5,GRACE-FO,May,Observed,-9.441364497889998
04,2019-06-01,Chi,-21.838156854198814,1.0,98.0,2019-06-16,2019-06-16,2019,6,GRACE-FO,June,Observed,-10.84330035800726
04,2019-07-01,Chi,-19.16978123527433,1.0,98.0,2019-07-16,2019-07-16,2019,7,GRACE-FO,July,Observed,-12.244522367187344
04,2019-08-01,Chi,-13.397050141747375,1.0,98.0,2019-08-16,2019-08-16,2019,8,GRACE-FO,August,Observed,-13.689043042770981
04,2019-09-01,Chi,12.725708173953873,1.0,98.0,2019-09-16,2019-09-16,2019,9,GRACE-FO,September,Observed,-14.41209001034953
04,2019-10-01,Chi,5.429069313685501,1.0,98.0,2019-10-16,2019-10-16,2019,10,GRACE-FO,October,Observed,-15.027967204756946
04,2019-11-01,Chi,-7.886158277683517,1.0,98.0,2019-11-16,2019-11-16,2019,11,GRACE-FO,November,Observed,-15.196227279942946
04,2019-12-01,Chi,-16.82734893461582,1.0,98.0,2019-12-16,2019-12-16,2019,12,GRACE-FO,December,Observed,-16.4435847308302
04,2020-01-01,Chi,-24.835144721813677,1.0,98.0,2020-01-16,2020-01-16,2020,1,GRACE-FO,January,Observed,-16.531460451126943
04,2020-02-01,Chi,-23.643307016767114,1.0,98.0,2020-02-15,2020-02-15,2020,2,GRACE-FO,February,Observed,-17.06722652476686
04,2020-03-01,Chi,-28.06317058517557,1.0,98.0,2020-03-16,2020-03-16,2020,3,GRACE-FO,March,Observed,-17.140664191360635
04,2020-04-01,Chi,-26.35394924784978,1.0,98.0,2020-04-16,2020-04-16,2020,4,GRACE-FO,April,Observed,-18.296854428835747
04,2020-05-01,Chi,-33.46372724247574,1.0,98.0,2020-05-16,2020-05-16,2020,5,GRACE-FO,May,Observed,-17.894011684124177
04,2020-06-01,Chi,-22.892665497759754,1.0,98.0,2020-06-16,2020-06-16,2020,6,GRACE-FO,June,Observed,-16.599188306318297
04,2020-07-01,Chi,-25.59897411895334,1.0,98.0,2020-07-16,2020-07-16,2020,7,GRACE-FO,July,Observed,-15.60416635661912
04,2020-08-01,Chi,-14.278302140872682,1.0,98.0,2020-08-16,2020-08-16,2020,8,GRACE-FO,August,Observed,-14.677426930170668
04,2020-09-01,Chi,-1.1485746757474429,1.0,98.0,2020-09-16,2020-09-16,2020,9,GRACE-FO,September,Observed,-14.080723938917458
04,2020-10-01,Chi,10.263182250224316,1.0,98.0,2020-10-16,2020-10-16,2020,10,GRACE-FO,October,Observed,-13.256226751660131
04,2020-11-01,Chi,7.6517222559870435,1.0,98.0,2020-11-16,2020-11-16,2020,11,GRACE-FO,November,Observed,-12.86281315957803
04,2020-12-01,Chi,-4.887085538225694,1.0,98.0,2020-12-16,2020-12-16,2020,12,GRACE-FO,December,Observed,-11.591493722034096
04,2021-01-01,Chi,-13.714271604432264,1.0,98.0,2021-01-16,2021-01-16,2021,1,GRACE-FO,January,Observed,-10.891197312874747
04,2021-02-01,Chi,-16.48287112172861,1.0,98.0,2021-02-15,2021-02-15,2021,2,GRACE-FO,February,Observed,-9.340598525552728
04,2021-03-01,Chi,-18.169204338087635,1.0,98.0,2021-03-16,2021-03-16,2021,3,GRACE-FO,March,Observed,-8.404435491459273
04,2021-04-01,Chi,-21.632986142864553,1.0,98.0,2021-04-16,2021-04-16,2021,4,GRACE-FO,April,Observed,-7.0628313528513935
04,2021-05-01,Chi,-18.20789399194854,1.0,98.0,2021-05-16,2021-05-16,2021,5,GRACE-FO,May,Observed,-6.081117744724863
04,2021-06-01,Chi,-14.489108587847566,1.0,98.0,2021-06-16,2021-06-16,2021,6,GRACE-FO,June,Observed,-5.707154527426231
04,2021-07-01,Chi,-6.9917886710891075,1.0,98.0,2021-07-16,2021-07-16,2021,7,GRACE-FO,July,Observed,-5.468969862118404
04,2021-08-01,Chi,-3.044345731751212,1.0,98.0,2021-08-16,2021-08-16,2021,8,GRACE-FO,August,Observed,-4.893253611439284
04,2021-09-01,Chi,14.950674987547107,1.0,98.0,2021-09-16,2021-09-16,2021,9,GRACE-FO,September,Observed,-4.253491441648207
04,2021-10-01,Chi,22.04374554774268,1.0,98.0,2021-10-16,2021-10-16,2021,10,GRACE-FO,October,Observed,-3.8326006253803873
04,2021-11-01,Chi,12.139280863570619,1.0,98.0,2021-11-16,2021-11-16,2021,11,GRACE-FO,November,Observed,-3.272527341320424
04,2021-12-01,Chi,-2.0288695545317577,1.0,98.0,2021-12-16,2021-12-16,2021,12,GRACE-FO,December,Observed,-2.4064121638492555
04,2022-01-01,Chi,-6.805676596282837,1.0,98.0,2022-01-16,2022-01-16,2022,1,GRACE-FO,January,Observed,-1.3849728098173728
04,2022-02-01,Chi,-8.805725084235682,1.0,98.0,2022-02-15,2022-02-15,2022,2,GRACE-FO,February,Observed,-0.5472299208021216
04,2022-03-01,Chi,-13.118514542873799,1.0,98.0,2022-03-16,2022-03-16,2022,3,GRACE-FO,March,Observed,0.8396995852713919
04,2022-04-01,Chi,-14.912106734144993,1.0,98.0,2022-04-16,2022-04-16,2022,4,GRACE-FO,April,Observed,1.2036878965988955
04,2022-05-01,Chi,-7.814511862294515,1.0,98.0,2022-05-16,2022-05-16,2022,5,GRACE-FO,May,Observed,1.6040771167652934
04,2022-06-01,Chi,-2.2318363394649743,1.0,98.0,2022-06-16,2022-06-16,2022,6,GRACE-FO,June,Observed,1.7368982190941977
04,2022-07-01,Chi,3.061125997093906,1.0,98.0,2022-07-16,2022-07-16,2022,7,GRACE-FO,July,Observed,2.4859196979826454
04,2022-08-01,Chi,13.598808341130951,1.0,98.0,2022-08-16,2022-08-16,2022,8,GRACE-FO,August,Observed,3.1205878571549213
04,2022-09-01,Chi,19.31853472347715,1.0,98.0,2022-09-16,2022-09-16,2022,9,GRACE-FO,September,Observed,3.219244816132965
04,2022-10-01,Chi,26.848416189739456,1.0,98.0,2022-10-16,2022-10-16,2022,10,GRACE-FO,October,Observed,3.1362032831257074
04,2022-11-01,Chi,13.733134091517469,1.0,98.0,2022-11-16,2022-11-16,2022,11,GRACE-FO,November,Observed,2.5982488546544062
04,2022-12-01,Chi,6.959388192129612,1.0,98.0,2022-12-16,2022-12-16,2022,12,GRACE-FO,December,Observed,1.285569802672142
04,2023-01-01,Chi,0.81034131378447,1.0,98.0,2023-01-16,2023-01-16,2023,1,GRACE-FO,January,Observed,0.3192644744527377
04,2023-02-01,Chi,-7.621841576499153,1.0,98.0,2023-02-15,2023-02-15,2023,2,GRACE-FO,February,Observed,-0.5297650952220709
04,2023-03-01,Chi,-14.11501293896089,1.0,98.0,2023-03-16,2023-03-16,2023,3,GRACE-FO,March,Observed,-1.4117067963144265
04,2023-04-01,Chi,-21.36755987580061,1.0,98.0,2023-04-16,2023-04-16,2023,4,GRACE-FO,April,Observed,-1.8269759263121432
04,2023-05-01,Chi,-23.56666048608168,1.0,98.0,2023-05-16,2023-05-16,2023,5,GRACE-FO,May,Observed,-2.032864334138422
04,2023-06-01,Chi,-13.82750027809783,1.0,98.0,2023-06-16,2023-06-16,2023,6,GRACE-FO,June,Observed,-1.7105983237574403
04,2023-07-01,Chi,-7.127228839003798,1.0,98.0,2023-07-16,2023-07-16,2023,7,GRACE-FO,July,Observed,-1.6946123311415544
04,2023-08-01,Chi,3.0155079280226844,1.0,98.0,2023-08-16,2023-08-16,2023,8,GRACE-FO,August,Observed,-2.1815674256441757
04,2023-09-01,Chi,14.33530516350455,1.0,98.0,2023-09-16,2023-09-16,2023,9,GRACE-FO,September,Observed,-2.445683011209859
04,2023-10-01,Chi,24.37775529582411,1.0,98.0,2023-10-16,2023-10-16,2023,10,GRACE-FO,October,Observed,-2.5081553345719803
04,2023-11-01,Chi,17.60032621608925,1.0,98.0,2023-11-16,2023-11-16,2023,11,GRACE-FO,November,Observed,-2.7771577259930154
04,2023-12-01,Chi,7.151220103520243,1.0,98.0,2023-12-16,2023-12-16,2023,12,GRACE-FO,December,Observed,-2.7471391405101593
04,2024-01-01,Chi,-5.033119820246987,1.0,98.0,2024-01-16,2024-01-16,2024,1,GRACE-FO,January,Observed,-2.777599778551973
04,2024-02-01,Chi,-10.79122860328735,1.0,98.0,2024-02-15,2024-02-15,2024,2,GRACE-FO,February,Observed,-2.5765123443147777
04,2024-03-01,Chi,-14.864680819306347,1.0,98.0,2024-03-16,2024-03-16,2024,3,GRACE-FO,March,Observed,-2.430500141944547
04,2024-04-01,Chi,-24.595588572853025,1.0,98.0,2024-04-16,2024-04-16,2024,4,GRACE-FO,April,Observed,-1.8574128789646434
04,2024-05-01,Chi,-23.206437460287418,1.0,98.0,2024-05-16,2024-05-16,2024,5,GRACE-FO,May,Observed,-1.973436631108764
04,2024-06-01,Chi,-14.193027934599588,1.0,98.0,2024-06-16,2024-06-16,2024,6,GRACE-FO,June,Observed,-3.7528696172176748
04,2024-07-01,Chi,-4.714179628157456,1.0,98.0,2024-07-16,2024-07-16,2024,7,GRACE-FO,July,Observed,-4.843278589291467
04,2024-08-01,Chi,4.7676543564654486,1.0,98.0,2024-08-16,2024-08-16,2024,8,GRACE-FO,August,Observed,-4.822185119185297
04,2024-09-01,Chi,21.212352319263395,1.0,98.0,2024-09-16,2024-09-16,2024,9,GRACE-FO,September,Observed,-4.076054683672542
04,2024-10-01,Chi,22.98547027009466,1.0,98.0,2024-10-16,2024-10-16,2024,10,GRACE-FO,October,Observed,
05,2002-04-01,Mun,-11.875740697460133,1.0,120.0,2002-04-18,2002-04-18,2002,4,GRACE,April,Observed,
05,2002-05-01,Mun,-10.013087766215772,1.0,120.0,2002-05-10,2002-05-10,2002,5,GRACE,May,Observed,
05,2002-06-01,Mun,,,,,,2002,6,GRACE,June,Missing,
05,2002-07-01,Mun,,,,,,2002,7,GRACE,July,Missing,
05,2002-08-01,Mun,25.039652549631093,1.0,120.0,2002-08-16,2002-08-16,2002,8,GRACE,August,Observed,16.46408026249111
05,2002-09-01,Mun,43.715376455758175,1.0,120.0,2002-09-16,2002-09-16,2002,9,GRACE,September,Observed,14.418837826944403
05,2002-10-01,Mun,36.55041710604387,1.0,120.0,2002-10-16,2002-10-16,2002,10,GRACE,October,Observed,12.262342266506712
05,2002-11-01,Mun,28.94065133710066,1.0,120.0,2002-11-16,2002-11-16,2002,11,GRACE,November,Observed,12.416089111523567
05,2002-12-01,Mun,16.023634232214626,1.0,120.0,2002-12-16,2002-12-16,2002,12,GRACE,December,Observed,12.681699988513383
05,2003-01-01,Mun,3.3317388828563512,1.0,120.0,2003-01-16,2003-01-16,2003,1,GRACE,January,Observed,12.681699988513383
05,2003-02-01,Mun,-1.9431016574292383,1.0,120.0,2003-02-15,2003-02-15,2003,2,GRACE,February,Observed,12.037341673905154
05,2003-03-01,Mun,-7.14611777743251,1.0,120.0,2003-03-16,2003-03-16,2003,3,GRACE,March,Observed,11.014217546734963
05,2003-04-01,Mun,-10.338272247291593,1.0,120.0,2003-04-16,2003-04-16,2003,4,GRACE,April,Observed,9.470530485023929
05,2003-05-01,Mun,-7.356978996317596,1.0,120.0,2003-05-11,2003-05-11,2003,5,GRACE,May,Observed,8.599387615690542
05,2003-06-01,Mun,,,,,,2003,6,GRACE,June,Missing,
05,2003-07-01,Mun,5.593758527822841,1.0,120.0,2003-07-16,2003-07-16,2003,7,GRACE,July,Observed,6.414682561132954
05,2003-08-01,Mun,13.785287150759007,1.0,120.0,2003-08-16,2003-08-16,2003,8,GRACE,August,Observed,6.04290564650215
05,2003-09-01,Mun,26.734818776936798,1.0,120.0,2003-09-16,2003-09-16,2003,9,GRACE,September,Observed,5.452832382697392
05,2003-10-01,Mun,26.96784554337661,1.0,120.0,2003-10-16,2003-10-16,2003,10,GRACE,October,Observed,5.007520005353289
05,2003-11-01,Mun,15.589087283149025,1.0,120.0,2003-11-16,2003-11-16,2003,11,GRACE,November,Observed,4.767172658473068
05,2003-12-01,Mun,5.343442686032794,1.0,120.0,2003-12-16,2003-12-16,2003,12,GRACE,December,Observed,4.514492779710279
05,2004-01-01,Mun,-0.7578071780824747,1.0,120.0,2004-01-07,2004-01-07,2004,1,GRACE,January,Observed,4.529714975379717
05,2004-02-01,Mun,-8.43390755928158,1.0,120.0,2004-02-17,2004-02-17,2004,2,GRACE,February,Observed,4.86054663619113
05,2004-03-01,Mun,-12.044553928217649,1.0,120.0,2004-03-16,2004-03-16,2004,3,GRACE,March,Observed,5.83582556250881
05,2004-04-01,Mun,-12.982093062974037,1.0,120.0,2004-04-16,2004-04-16,2004,4,GRACE,April,Observed,6.255229974807178
05,2004-05-01,Mun,-10.136457662708269,1.0,120.0,2004-05-16,2004-05-16,2004,5,GRACE,May,Observed,5.8599632128764965
05,2004-06-01,Mun,4.697159127743533,1.0,120.0,2004-06-16,2004-06-16,2004,6,GRACE,June,Observed,5.021273240957664
05,2004-07-01,Mun,9.563738457559799,1.0,120.0,2004-07-16,2004-07-16,2004,7,GRACE,July,Observed,4.466088658536818
05,2004-08-01,Mun,25.48863426657117,1.0,120.0,2004-08-16,2004-08-16,2004,8,GRACE,August,Observed,3.297765383214172
05,2004-09-01,Mun,31.767671724517218,1.0,120.0,2004-09-16,2004-09-16,2004,9,GRACE,September,Observed,2.3104526338747924
05,2004-10-01,Mun,22.224644400208433,1.0,120.0,2004-10-16,2004-10-16,2004,10,GRACE,October,Observed,1.3941157341876782
05,2004-11-01,Mun,5.524807620123031,1.0,120.0,2004-11-16,2004-11-16,2004,11,GRACE,November,Observed,0.585450069326992
05,2004-12-01,Mun,-1.318772303017358,1.0,120.0,2004-12-16,2004-12-16,2004,12,GRACE,December,Observed,-0.4421952330742176
05,2005-01-01,Mun,-14.777686481954222,1.0,120.0,2005-01-16,2005-01-16,2005,1,GRACE,January,Observed,-2.341360294289408
05,2005-02-01,Mun,-20.281660551354136,1.0,120.0,2005-02-15,2005-02-15,2005,2,GRACE,February,Observed,-3.712637880732998
05,2005-03-01,Mun,-23.040596724463022,1.0,120.0,2005-03-16,2005-03-16,2005,3,GRACE,March,Observed,-5.495214485281597
05,2005-04-01,Mun,-22.686081041302273,1.0,120.0,2005-04-16,2005-04-16,2005,4,GRACE,April,Observed,-6.561210457611775
05,2005-05-01,Mun,-22.46820129152278,1.0,120.0,2005-05-16,2005-05-16,2005,5,GRACE,May,Observed,-6.888222047177162
05,2005-06-01,Mun,-18.09282160683875,1.0,120.0,2005-06-16,2005-06-16,2005,6,GRACE,June,Observed,-6.210288745805716
05,2005-07-01,Mun,-6.891592579763285,1.0,120.0,2005-07-16,2005-07-16,2005,7,GRACE,July,Observed,-5.7926523666797936
05,2005-08-01,Mun,4.09771501198799,1.0,120.0,2005-08-16,2005-08-16,2005,8,GRACE,August,Observed,-4.946281761657246
05,2005-09-01,Mun,18.975720056555073,1.0,120.0,2005-09-16,2005-09-16,2005,9,GRACE,September,Observed,-4.2683064245273155
05,2005-10-01,Mun,18.300505325423796,1.0,120.0,2005-10-16,2005-10-16,2005,10,GRACE,October,Observed,-3.5819439204258763
05,2005-11-01,Mun,13.660007236580377,1.0,120.0,2005-11-16,2005-11-16,2005,11,GRACE,November,Observed,-3.0700132409005434
05,2005-12-01,Mun,3.692864246493716,1.0,120.0,2005-12-16,2005-12-16,2005,12,GRACE,December,Observed,-2.31527324522632
05,2006-01-01,Mun,-4.621239221683648,1.0,120.0,2006-01-16,2006-01-16,2006,1,GRACE,January,Observed,-1.4877486208784472
05,2006-02-01,Mun,-12.145956505794976,1.0,120.0,2006-02-15,2006-02-15,2006,2,GRACE,February,Observed,-0.9353112895894465
05,2006-03-01,Mun,-14.80424667524575,1.0,120.0,2006-03-16,2006-03-16,2006,3,GRACE,March,Observed,-0.23152580414280255
05,2006-04-01,Mun,-16.542912886998277,1.0,120.0,2006-04-16,2006-04-16,2006,4,GRACE,April,Observed,-0.01187674440097671
05,2006-05-01,Mun,-13.4113213434321,1.0,120.0,2006-05-16,2006-05-16,2006,5,GRACE,May,Observed,0.9748807679687888
05,2006-06-01,Mun,-8.162526114664278,1.0,120.0,2006-06-16,2006-06-16,2006,6,GRACE,June,Observed,0.943486490836149
05,2006-07-01,Mun,-0.2623446042952753,1.0,120.0,2006-07-16,2006-07-16,2006,7,GRACE,July,Observed,0.9819207491452673
05,2006-08-01,Mun,12.543140837347718,1.0,120.0,2006-08-16,2006-08-16,2006,8,GRACE,August,Observed,0.8432713284413801
05,2006-09-01,Mun,21.611508773456983,1.0,120.0,2006-09-16,2006-09-16,2006,9,GRACE,September,Observed,0.7242467625714216
05,2006-10-01,Mun,30.14159547386098,1.0,120.0,2006-10-16,2006-10-16,2006,10,GRACE,October,Observed,0.6228955374141784
05,2006-11-01,Mun,13.2832759109887,1.0,120.0,2006-11-16,2006-11-16,2006,11,GRACE,November,Observed,0.5306433667882878
05,2006-12-01,Mun,4.154075346203135,1.0,120.0,2006-12-16,2006-12-16,2006,12,GRACE,December,Observed,0.7454651832306839
05,2007-01-01,Mun,-6.285032270130294,1.0,120.0,2007-01-16,2007-01-16,2007,1,GRACE,January,Observed,1.0565619241274498
05,2007-02-01,Mun,-13.574251296234474,1.0,120.0,2007-02-14,2007-02-14,2007,2,GRACE,February,Observed,1.01715432655102
05,2007-03-01,Mun,-16.020461377132673,1.0,120.0,2007-03-16,2007-03-16,2007,3,GRACE,March,Observed,0.35490846925926617
05,2007-04-01,Mun,-17.64993893450896,1.0,120.0,2007-04-16,2007-04-16,2007,4,GRACE,April,Observed,-0.362169064742178
05,2007-05-01,Mun,-10.833459546123347,1.0,120.0,2007-05-16,2007-05-16,2007,5,GRACE,May,Observed,-0.9999881238145157
05,2007-06-01,Mun,-4.429365223903086,1.0,120.0,2007-06-16,2007-06-16,2007,6,GRACE,June,Observed,-0.9924691065085584
05,2007-07-01,Mun,-0.7352357752124373,1.0,120.0,2007-07-16,2007-07-16,2007,7,GRACE,July,Observed,-1.2224111433325024
05,2007-08-01,Mun,4.596190549846675,1.0,120.0,2007-08-16,2007-08-16,2007,8,GRACE,August,Observed,-1.35271179171729
05,2007-09-01,Mun,13.006578365439653,1.0,120.0,2007-09-16,2007-09-16,2007,9,GRACE,September,Observed,-1.327843870288119
05,2007-10-01,Mun,22.48776676499293,1.0,120.0,2007-10-16,2007-10-16,2007,10,GRACE,October,Observed,-1.3450968414827493
05,2007-11-01,Mun,13.373504118660188,1.0,120.0,2007-11-16,2007-11-16,2007,11,GRACE,November,Observed,-1.2535032566271918
05,2007-12-01,Mun,1.394770904315806,1.0,120.0,2007-12-16,2007-12-16,2007,12,GRACE,December,Observed,-1.0248083103241794
05,2008-01-01,Mun,-7.848640050747743,1.0,120.0,2008-01-16,2008-01-16,2008,1,GRACE,January,Observed,-0.5320797263408886
05,2008-02-01,Mun,-13.275836239084422,1.0,120.0,2008-02-15,2008-02-15,2008,2,GRACE,February,Observed,-0.30269476257522204
05,2008-03-01,Mun,-16.227497031468236,1.0,120.0,2008-03-16,2008-03-16,2008,3,GRACE,March,Observed,0.03095436743411358
05,2008-04-01,Mun,-16.55081591624227,1.0,120.0,2008-04-16,2008-04-16,2008,4,GRACE,April,Observed,0.38544268054599645
05,2008-05-01,Mun,-8.089120190487199,1.0,120.0,2008-05-16,2008-05-16,2008,5,GRACE,May,Observed,0.2619278626940848
05,2008-06-01,Mun,1.4833777838964035,1.0,120.0,2008-06-16,2008-06-16,2008,6,GRACE,June,Observed,0.730336151995915
05,2008-07-01,Mun,2.0173837899755616,1.0,120.0,2008-07-16,2008-07-16,2008,7,GRACE,July,Observed,0.9814387819608911
05,2008-08-01,Mun,8.599980109958702,1.0,120.0,2008-08-16,2008-08-16,2008,8,GRACE,August,Observed,1.3564114752097771
05,2008-09-01,Mun,17.260438122782247,1.0,120.0,2008-09-16,2008-09-16,2008,9,GRACE,September,Observed,1.3611357038420226
05,2008-10-01,Mun,21.00558895076999,1.0,120.0,2008-10-16,2008-10-16,2008,10,GRACE,October,Observed,1.4130102649173193
05,2008-11-01,Mun,18.99440359028215,1.0,120.0,2008-11-16,2008-11-16,2008,11,GRACE,November,Observed,1.6505616384042838
05,2008-12-01,Mun,4.408002463895519,1.0,120.0,2008-12-16,2008-12-16,2008,12,GRACE,December,Observed,1.413975072833951
05,2009-01-01,Mun,-3.34896773176111,1.0,120.0,2009-01-16,2009-01-16,2009,1,GRACE,January,Observed,1.182415953684709
05,2009-02-01,Mun,-13.219145495497479,1.0,120.0,2009-02-15,2009-02-15,2009,2,GRACE,February,Observed,1.2703058721330642
05,2009-03-01,Mun,-15.605002298564669,1.0,120.0,2009-03-16,2009-03-16,2009,3,GRACE,March,Observed,1.127486254893243
05,2009-04-01,Mun,-13.700199434398701,1.0,120.0,2009-04-16,2009-04-16,2009,4,GRACE,April,Observed,1.0502748863487124
05,2009-05-01,Mun,-10.928158977331192,1.0,120.0,2009-05-16,2009-05-16,2009,5,GRACE,May,Observed,1.40697099236127
05,2009-06-01,Mun,-1.2953316458945008,1.0,120.0,2009-06-16,2009-06-16,2009,6,GRACE,June,Observed,0.8483890789458685
05,2009-07-01,Mun,3.072062811355828,1.0,120.0,2009-07-16,2009-07-16,2009,7,GRACE,July,Observed,0.5856153253316053
05,2009-08-01,Mun,6.886144703080843,1.0,120.0,2009-08-16,2009-08-16,2009,8,GRACE,August,Observed,0.22957084856994428
05,2009-09-01,Mun,16.33390170024788,1.0,120.0,2009-09-16,2009-09-16,2009,9,GRACE,September,Observed,0.26911244920567184
05,2009-10-01,Mun,25.285942222920685,1.0,120.0,2009-10-16,2009-10-16,2009,10,GRACE,October,Observed,-0.005003142562415223
05,2009-11-01,Mun,12.29142062929733,1.0,120.0,2009-11-16,2009-11-16,2009,11,GRACE,November,Observed,-0.6020367196807022
05,2009-12-01,Mun,1.2547174205243616,1.0,120.0,2009-12-16,2009-12-16,2009,12,GRACE,December,Observed,-1.4783890440297769
05,2010-01-01,Mun,-7.621501452901042,1.0,120.0,2010-01-16,2010-01-16,2010,1,GRACE,January,Observed,-3.2653228791864577
05,2010-02-01,Mun,-12.744646287868747,1.0,120.0,2010-02-15,2010-02-15,2010,2,GRACE,February,Observed,-4.753342126371484
05,2010-03-01,Mun,-18.894389399781712,1.0,120.0,2010-03-16,2010-03-16,2010,3,GRACE,March,Observed,-5.595155993568032
05,2010-04-01,Mun,-20.864602359818146,1.0,120.0,2010-04-16,2010-04-16,2010,4,GRACE,April,Observed,-5.704304107535704
05,2010-05-01,Mun,-21.444386869520088,1.0,120.0,2010-05-16,2010-05-16,2010,5,GRACE,May,Observed,-5.990185678706889
05,2010-06-01,Mun,-22.73853766777467,1.0,120.0,2010-06-16,2010-06-16,2010,6,GRACE,June,Observed,-6.049653048384422
05,2010-07-01,Mun,-14.78416815486449,1.0,120.0,2010-07-16,2010-07-16,2010,7,GRACE,July,Observed,-6.16420118187746
05,2010-08-01,Mun,-3.2156217032777423,1.0,120.0,2010-08-16,2010-08-16,2010,8,GRACE,August,Observed,-6.031719339057134
05,2010-09-01,Mun,15.02412433263583,1.0,120.0,2010-09-16,2010-09-16,2010,9,GRACE,September,Observed,-6.071590556910976
05,2010-10-01,Mun,21.855363368866453,1.0,120.0,2010-10-16,2010-10-16,2010,10,GRACE,October,Observed,-5.888218537868952
05,2010-11-01,Mun,11.577812193166945,1.0,120.0,2010-11-16,2010-11-16,2010,11,GRACE,November,Observed,-5.533515668236857
05,2010-12-01,Mun,-0.11986018139210693,1.0,120.0,2010-12-14,2010-12-14,2010,12,GRACE,December,Observed,-4.694522208668533
05,2011-01-01,Mun,,,,,,2011,1,GRACE,January,Missing,
05,2011-02-01,Mun,-13.183229684260992,1.0,120.0,2011-02-18,2011-02-18,2011,2,GRACE,February,Observed,-1.0163141154788036
05,2011-03-01,Mun,-16.87729719031947,1.0,120.0,2011-03-16,2011-03-16,2011,3,GRACE,March,Observed,1.5272961126057114
05,2011-04-01,Mun,-16.962870793865086,1.0,120.0,2011-04-16,2011-04-16,2011,4,GRACE,April,Observed,3.1748897914909757
05,2011-05-01,Mun,-12.215458814268526,1.0,120.0,2011-05-16,2011-05-16,2011,5,GRACE,May,Observed,4.573268293434202
05,2011-06-01,Mun,,,,,,2011,6,GRACE,June,Missing,
05,2011-07-01,Mun,3.953897317926674,1.0,120.0,2011-07-18,2011-07-18,2011,7,GRACE,July,Observed,4.453403204857043
05,2011-08-01,Mun,22.220480577567407,1.0,120.0,2011-08-16,2011-08-16,2011,8,GRACE,August,Observed,3.801382576520157
05,2011-09-01,Mun,31.500061121488475,1.0,120.0,2011-09-16,2011-09-16,2011,9,GRACE,September,Observed,4.297270633819844
05,2011-10-01,Mun,35.83914838829871,2.0,240.0,2011-10-16,2011-10-31,2011,10,GRACE,October,Observed,4.524038327187557
05,2011-11-01,Mun,,,,,,2011,11,GRACE,November,Missing,
05,2011-12-01,Mun,5.805897921146214,1.0,120.0,2011-12-28,2011-12-28,2011,12,GRACE,December,Observed,6.811712279323986
05,2012-01-01,Mun,-2.066803078511819,1.0,120.0,2012-01-16,2012-01-16,2012,1,GRACE,January,Observed,5.614580403880301
05,2012-02-01,Mun,-8.22434911126413,1.0,120.0,2012-02-15,2012-02-15,2012,2,GRACE,February,Observed,5.215849946075098
05,2012-03-01,Mun,-14.609620256642337,1.0,120.0,2012-03-16,2012-03-16,2012,3,GRACE,March,Observed,3.158124468928701
05,2012-04-01,Mun,-13.113302366093311,1.0,120.0,2012-04-04,2012-04-04,2012,4,GRACE,April,Observed,1.2027180830652995
05,2012-05-01,Mun,,,,,,2012,5,GRACE,May,Missing,
05,2012-06-01,Mun,-5.1596064751128665,1.0,120.0,2012-06-16,2012-06-16,2012,6,GRACE,June,Observed,-1.6322888857400362
05,2012-07-01,Mun,-0.03340726012535052,1.0,120.0,2012-07-16,2012-07-16,2012,7,GRACE,July,Observed,-2.4898269691536217
05,2012-08-01,Mun,1.6432258061034395,1.0,120.0,2012-08-16,2012-08-16,2012,8,GRACE,August,Observed,-3.3177341638702402
05,2012-09-01,Mun,11.94599726285446,1.0,120.0,2012-09-13,2012-09-13,2012,9,GRACE,September,Observed,-3.9192663724721193
05,2012-10-01,Mun,,,,,,2012,10,GRACE,October,Missing,
05,2012-11-01,Mun,7.489078700245355,1.0,120.0,2012-11-18,2012-11-18,2012,11,GRACE,November,Observed,-3.5575384702176516
05,2012-12-01,Mun,-2.769482912989643,1.0,120.0,2012-12-16,2012-12-16,2012,12,GRACE,December,Observed,-5.135225383800639
05,2013-01-01,Mun,-10.345875025678005,1.0,120.0,2013-01-16,2013-01-16,2013,1,GRACE,January,Observed,-6.129003245063216
05,2013-02-01,Mun,-14.23967119728292,1.0,120.0,2013-02-14,2013-02-14,2013,2,GRACE,February,Observed,-6.375681138011216
05,2013-03-01,Mun,,,,,,2013,3,GRACE,March,Missing,
05,2013-04-01,Mun,-20.54810512997332,1.0,120.0,2013-04-21,2013-04-21,2013,4,GRACE,April,Observed,-9.668254306133758
05,2013-05-01,Mun,-19.334407606047527,1.0,120.0,2013-05-16,2013-05-16,2013,5,GRACE,May,Observed,-5.686411654351809
05,2013-06-01,Mun,-15.097385087738635,1.0,120.0,2013-06-16,2013-06-16,2013,6,GRACE,June,Observed,-4.593318371166583
05,2013-07-01,Mun,-2.500186189605356,1.0,120.0,2013-07-16,2013-07-16,2013,7,GRACE,July,Observed,-3.3498129202596827
05,2013-08-01,Mun,,,,,,2013,8,GRACE,August,Missing,
05,2013-09-01,Mun,,,,,,2013,9,GRACE,September,Missing,
05,2013-10-01,Mun,26.16832955990379,1.0,120.0,2013-10-16,2013-10-16,2013,10,GRACE,October,Observed,-2.2955802732243265
05,2013-11-01,Mun,17.326918248912385,1.0,120.0,2013-11-16,2013-11-16,2013,11,GRACE,November,Observed,-1.9853200523720835
05,2013-12-01,Mun,8.422066145172458,1.0,120.0,2013-12-16,2013-12-16,2013,12,GRACE,December,Observed,-1.4354185487283209
05,2014-01-01,Mun,-0.12573013487513796,1.0,120.0,2014-01-09,2014-01-09,2014,1,GRACE,January,Observed,-1.2872686920844516
05,2014-02-01,Mun,,,,,,2014,2,GRACE,February,Missing,
05,2014-03-01,Mun,-14.971722264767582,1.0,120.0,2014-03-17,2014-03-17,2014,3,GRACE,March,Observed,-0.46668636944087954
05,2014-04-01,Mun,-17.75576314230313,1.0,120.0,2014-04-16,2014-04-16,2014,4,GRACE,April,Observed,0.7932378069882219
05,2014-05-01,Mun,-14.385294073253664,1.0,120.0,2014-05-16,2014-05-16,2014,5,GRACE,May,Observed,-0.39662557153849837
05,2014-06-01,Mun,-13.76403637794381,1.0,120.0,2014-06-13,2014-06-13,2014,6,GRACE,June,Observed,-1.7251774737008816
05,2014-07-01,Mun,,,,,,2014,7,GRACE,July,Missing,
05,2014-08-01,Mun,4.885054714186792,1.0,120.0,2014-08-16,2014-08-16,2014,8,GRACE,August,Observed,-4.026789222604192
05,2014-09-01,Mun,12.132555394850135,1.0,120.0,2014-09-16,2014-09-16,2014,9,GRACE,September,Observed,-4.832660203828759
05,2014-10-01,Mun,14.269695774636586,1.0,120.0,2014-10-16,2014-10-16,2014,10,GRACE,October,Observed,-5.33966912385472
05,2014-11-01,Mun,4.041399227288549,1.0,120.0,2014-11-16,2014-11-16,2014,11,GRACE,November,Observed,-6.084610075724872
05,2014-12-01,Mun,,,,,,2014,12,GRACE,December,Missing,
05,2015-01-01,Mun,-10.692992256131593,1.0,120.0,2015-01-22,2015-01-22,2015,1,GRACE,January,Observed,-4.087096288256405
05,2015-02-01,Mun,-12.085499034849857,1.0,120.0,2015-02-15,2015-02-15,2015,2,GRACE,February,Observed,-4.932644528006628
05,2015-03-01,Mun,-20.041811465027187,1.0,120.0,2015-03-16,2015-03-16,2015,3,GRACE,March,Observed,-6.615476848671026
05,2015-04-01,Mun,-25.205172661004653,2.0,240.0,2015-04-16,2015-04-27,2015,4,GRACE,April,Observed,-8.136844510337193
05,2015-05-01,Mun,,,,,,2015,5,GRACE,May,Missing,
05,2015-06-01,Mun,,,,,,2015,6,GRACE,June,Missing,
05,2015-07-01,Mun,-11.697030446008402,1.0,120.0,2015-07-15,2015-07-15,2015,7,GRACE,July,Observed,-13.379922093260888
05,2015-08-01,Mun,-10.260436171792795,1.0,120.0,2015-08-16,2015-08-16,2015,8,GRACE,August,Observed,-14.158363437011214
05,2015-09-01,Mun,-1.5597535601453758,1.0,120.0,2015-09-14,2015-09-14,2015,9,GRACE,September,Observed,-14.662591893137433
05,2015-10-01,Mun,,,,,,2015,10,GRACE,October,Missing,
05,2015-11-01,Mun,,,,,,2015,11,GRACE,November,Missing,
05,2015-12-01,Mun,-15.496681151127222,1.0,120.0,2015-12-23,2015-12-23,2015,12,GRACE,December,Observed,-15.751268176965677
05,2016-01-01,Mun,-16.9205230061342,1.0,120.0,2016-01-16,2016-01-16,2016,1,GRACE,January,Observed,-17.056323221825394
05,2016-02-01,Mun,-16.119326683859622,1.0,120.0,2016-02-14,2016-02-14,2016,2,GRACE,February,Observed,-16.431377457608388
05,2016-03-01,Mun,-25.651827394161828,1.0,120.0,2016-03-16,2016-03-16,2016,3,GRACE,March,Observed,-16.455226844425955
05,2016-04-01,Mun,,,,,,2016,4,GRACE,April,Missing,
05,2016-05-01,Mun,-28.304567002495954,1.0,120.0,2016-05-20,2016-05-20,2016,5,GRACE,May,Observed,-18.31716100496103
05,2016-06-01,Mun,-27.496763580703124,1.0,120.0,2016-06-16,2016-06-16,2016,6,GRACE,June,Observed,-14.831361473355388
05,2016-07-01,Mun,-6.07251856805536,1.0,120.0,2016-07-15,2016-07-15,2016,7,GRACE,July,Observed,-12.851191753732527
05,2016-08-01,Mun,-10.475080653150906,1.0,120.0,2016-08-21,2016-08-21,2016,8,GRACE,August,Observed,-11.387250914805922
05,2016-09-01,Mun,,,,,,2016,9,GRACE,September,Missing,
05,2016-10-01,Mun,,,,,,2016,10,GRACE,October,Missing,
05,2016-11-01,Mun,13.055034779489763,1.0,120.0,2016-11-27,2016-11-27,2016,11,GRACE,November,Observed,-10.090777669336761
05,2016-12-01,Mun,2.324846325478497,1.0,120.0,2016-12-24,2016-12-24,2016,12,GRACE,December,Observed,-8.589490509191283
05,2017-01-01,Mun,-3.7450554557947484,1.0,120.0,2017-01-21,2017-01-21,2017,1,GRACE,January,Observed,-5.763367977362391
05,2017-02-01,Mun,,,,,,2017,2,GRACE,February,Missing,
05,2017-03-01,Mun,-14.192143731225988,1.0,120.0,2017-03-31,2017-03-31,2017,3,GRACE,March,Observed,
05,2017-04-01,Mun,-15.910751137573003,1.0,120.0,2017-04-24,2017-04-24,2017,4,GRACE,April,Observed,
05,2017-05-01,Mun,-14.792982561186651,1.0,120.0,2017-05-13,2017-05-13,2017,5,GRACE,May,Observed,
05,2017-06-01,Mun,-2.0616607942431093,1.0,120.0,2017-06-10,2017-06-10,2017,6,GRACE,June,Observed,
05,2017-07-01,Mun,,,,,,2017,7,Mission gap,July,Missing,
05,2017-08-01,Mun,,,,,,2017,8,Mission gap,August,Missing,
05,2017-09-01,Mun,,,,,,2017,9,Mission gap,September,Missing,
05,2017-10-01,Mun,,,,,,2017,10,Mission gap,October,Missing,
05,2017-11-01,Mun,,,,,,2017,11,Mission gap,November,Missing,
05,2017-12-01,Mun,,,,,,2017,12,Mission gap,December,Missing,
05,2018-01-01,Mun,,,,,,2018,1,Mission gap,January,Missing,
05,2018-02-01,Mun,,,,,,2018,2,Mission gap,February,Missing,
05,2018-03-01,Mun,,,,,,2018,3,Mission gap,March,Missing,
05,2018-04-01,Mun,,,,,,2018,4,Mission gap,April,Missing,
05,2018-05-01,Mun,,,,,,2018,5,GRACE-FO,May,Missing,
05,2018-06-01,Mun,0.1914594011731437,1.0,120.0,2018-06-16,2018-06-16,2018,6,GRACE-FO,June,Observed,
05,2018-07-01,Mun,0.18412420598780957,1.0,120.0,2018-07-10,2018-07-10,2018,7,GRACE-FO,July,Observed,
05,2018-08-01,Mun,,,,,,2018,8,GRACE-FO,August,Missing,
05,2018-09-01,Mun,,,,,,2018,9,GRACE-FO,September,Missing,
05,2018-10-01,Mun,15.450024159216454,1.0,120.0,2018-10-31,2018-10-31,2018,10,GRACE-FO,October,Observed,-4.115226805880044
05,2018-11-01,Mun,4.410076601031074,1.0,120.0,2018-11-16,2018-11-16,2018,11,GRACE-FO,November,Observed,-6.371948365355193
05,2018-12-01,Mun,-2.820639728837947,1.0,120.0,2018-12-16,2018-12-16,2018,12,GRACE-FO,December,Observed,-7.739543704683219
05,2019-01-01,Mun,-10.615812001586514,1.0,120.0,2019-01-16,2019-01-16,2019,1,GRACE-FO,January,Observed,-10.025767243912053
05,2019-02-01,Mun,-17.23472832694603,1.0,120.0,2019-02-15,2019-02-15,2019,2,GRACE-FO,February,Observed,-11.724801015500294
05,2019-03-01,Mun,-22.486318757078333,1.0,120.0,2019-03-16,2019-03-16,2019,3,GRACE-FO,March,Observed,-12.321634012266395
05,2019-04-01,Mun,-24.425720841156377,1.0,120.0,2019-04-16,2019-04-16,2019,4,GRACE-FO,April,Observed,-10.382897997021855
05,2019-05-01,Mun,-20.04790175863545,1.0,120.0,2019-05-16,2019-05-16,2019,5,GRACE-FO,May,Observed,-11.278361732591241
05,2019-06-01,Mun,-22.670775991115196,1.0,120.0,2019-06-16,2019-06-16,2019,6,GRACE-FO,June,Observed,-12.23246666719564
05,2019-07-01,Mun,-16.806213509894608,1.0,120.0,2019-07-16,2019-07-16,2019,7,GRACE-FO,July,Observed,-13.273653842353758
05,2019-08-01,Mun,-18.289963979927418,1.0,120.0,2019-08-16,2019-08-16,2019,8,GRACE-FO,August,Observed,-14.256603217849323
05,2019-09-01,Mun,10.943198170668106,1.0,120.0,2019-09-16,2019-09-16,2019,9,GRACE-FO,September,Observed,-14.860254983710503
05,2019-10-01,Mun,4.704459332383835,1.0,120.0,2019-10-16,2019-10-16,2019,10,GRACE-FO,October,Observed,-15.411096544253759
05,2019-11-01,Mun,-7.039182614221759,1.0,120.0,2019-11-16,2019-11-16,2019,11,GRACE-FO,November,Observed,-15.642111773834722
05,2019-12-01,Mun,-15.314885830735328,1.0,120.0,2019-12-16,2019-12-16,2019,12,GRACE-FO,December,Observed,-16.85518243399064
05,2020-01-01,Mun,-22.411204507533295,1.0,120.0,2020-01-16,2020-01-16,2020,1,GRACE-FO,January,Observed,-17.065714969051474
05,2020-02-01,Mun,-24.478549517280182,1.0,120.0,2020-02-15,2020-02-15,2020,2,GRACE-FO,February,Observed,-17.73592876122668
05,2020-03-01,Mun,-29.096417483597417,1.0,120.0,2020-03-16,2020-03-16,2020,3,GRACE-FO,March,Observed,-17.78308272291009
05,2020-04-01,Mun,-27.197903596127933,1.0,120.0,2020-04-16,2020-04-16,2020,4,GRACE-FO,April,Observed,-19.21453033387218
05,2020-05-01,Mun,-34.60474968050651,1.0,120.0,2020-05-16,2020-05-16,2020,5,GRACE-FO,May,Observed,-18.67928233692213
05,2020-06-01,Mun,-25.197166411845203,1.0,120.0,2020-06-16,2020-06-16,2020,6,GRACE-FO,June,Observed,-17.292296772168164
05,2020-07-01,Mun,-24.848779015997064,1.0,120.0,2020-07-16,2020-07-16,2020,7,GRACE-FO,July,Observed,-16.376648592249733
05,2020-08-01,Mun,-18.85581152012835,1.0,120.0,2020-08-16,2020-08-16,2020,8,GRACE-FO,August,Observed,-15.52515580556615
05,2020-09-01,Mun,-6.234173160876905,1.0,120.0,2020-09-16,2020-09-16,2020,9,GRACE-FO,September,Observed,-14.834589717015882
05,2020-10-01,Mun,11.12743529578437,1.0,120.0,2020-10-16,2020-10-16,2020,10,GRACE-FO,October,Observed,-13.913695705543553
05,2020-11-01,Mun,9.60464416282585,1.0,120.0,2020-11-16,2020-11-16,2020,11,GRACE-FO,November,Observed,-13.356018745779503
05,2020-12-01,Mun,-4.327107671714186,1.0,120.0,2020-12-16,2020-12-16,2020,12,GRACE-FO,December,Observed,-12.012876991149888
05,2021-01-01,Mun,-12.193291067330275,1.0,120.0,2021-01-16,2021-01-16,2021,1,GRACE-FO,January,Observed,-11.223313386423778
05,2021-02-01,Mun,-16.191756454676963,1.0,120.0,2021-02-15,2021-02-15,2021,2,GRACE-FO,February,Observed,-9.998171574771419
05,2021-03-01,Mun,-18.045689345929457,1.0,120.0,2021-03-16,2021-03-16,2021,3,GRACE-FO,March,Observed,-9.106761883409419
05,2021-04-01,Mun,-20.505780078959344,1.0,120.0,2021-04-16,2021-04-16,2021,4,GRACE-FO,April,Observed,-7.54436914456921
05,2021-05-01,Mun,-18.487048624951115,1.0,120.0,2021-05-16,2021-05-16,2021,5,GRACE-FO,May,Observed,-6.594725815517229
05,2021-06-01,Mun,-15.722403155131891,1.0,120.0,2021-06-16,2021-06-16,2021,6,GRACE-FO,June,Observed,-6.190460006278127
05,2021-07-01,Mun,-10.147077276168757,1.0,120.0,2021-07-16,2021-07-16,2021,7,GRACE-FO,July,Observed,-5.744172049118846
05,2021-08-01,Mun,-8.158895223784338,1.0,120.0,2021-08-16,2021-08-16,2021,8,GRACE-FO,August,Observed,-5.219171110411675
05,2021-09-01,Mun,12.514539705205603,1.0,120.0,2021-09-16,2021-09-16,2021,9,GRACE-FO,September,Observed,-4.526281186025315
05,2021-10-01,Mun,22.523155244408137,1.0,120.0,2021-10-16,2021-10-16,2021,10,GRACE-FO,October,Observed,-4.156419878385266
05,2021-11-01,Mun,14.455833873695063,1.0,120.0,2021-11-16,2021-11-16,2021,11,GRACE-FO,November,Observed,-3.6482862754728687
05,2021-12-01,Mun,1.0283478141971891,1.0,120.0,2021-12-16,2021-12-16,2021,12,GRACE-FO,December,Observed,-2.62976592013433
05,2022-01-01,Mun,-5.893279802844206,1.0,120.0,2022-01-16,2022-01-16,2022,1,GRACE-FO,January,Observed,-1.568340895153499
05,2022-02-01,Mun,-7.877077362040654,1.0,120.0,2022-02-15,2022-02-15,2022,2,GRACE-FO,February,Observed,-0.6555412561280415
05,2022-03-01,Mun,-13.607353654248874,1.0,120.0,2022-03-16,2022-03-16,2022,3,GRACE-FO,March,Observed,0.8685547749271003
05,2022-04-01,Mun,-14.408176844010567,1.0,120.0,2022-04-16,2022-04-16,2022,4,GRACE-FO,April,Observed,1.2650172281238368
05,2022-05-01,Mun,-6.264804360888652,1.0,120.0,2022-05-16,2022-05-16,2022,5,GRACE-FO,May,Observed,1.7992967784535405
05,2022-06-01,Mun,-2.985302855361919,1.0,120.0,2022-06-16,2022-06-16,2022,6,GRACE-FO,June,Observed,1.8593328739966857
05,2022-07-01,Mun,0.806518392136734,1.0,120.0,2022-07-16,2022-07-16,2022,7,GRACE-FO,July,Observed,2.3898104619900304
05,2022-08-01,Mun,10.130257148877364,1.0,120.0,2022-08-16,2022-08-16,2022,8,GRACE-FO,August,Observed,3.003843177868855
05,2022-09-01,Mun,17.27208914356644,1.0,120.0,2022-09-16,2022-09-16,2022,9,GRACE-FO,September,Observed,3.023258702188525
05,2022-10-01,Mun,28.934509848364584,1.0,120.0,2022-10-16,2022-10-16,2022,10,GRACE-FO,October,Observed,3.0418864274057604
05,2022-11-01,Mun,15.176267020212805,1.0,120.0,2022-11-16,2022-11-16,2022,11,GRACE-FO,November,Observed,2.4543642672105093
05,2022-12-01,Mun,7.394078870117331,1.0,120.0,2022-12-16,2022-12-16,2022,12,GRACE-FO,December,Observed,1.2265162097055777
05,2023-01-01,Mun,1.4751127877016794,1.0,120.0,2023-01-16,2023-01-16,2023,1,GRACE-FO,January,Observed,0.45205397029939026
05,2023-02-01,Mun,-7.644091070204608,1.0,120.0,2023-02-15,2023-02-15,2023,2,GRACE-FO,February,Observed,-0.2407029068943006
05,2023-03-01,Mun,-13.383820951642045,1.0,120.0,2023-03-16,2023-03-16,2023,3,GRACE-FO,March,Observed,-1.184468453321642
05,2023-04-01,Mun,-21.45844276635359,1.0,120.0,2023-04-16,2023-04-16,2023,4,GRACE-FO,April,Observed,-1.6908331785134694
05,2023-05-01,Mun,-20.998981050947823,1.0,120.0,2023-05-16,2023-05-16,2023,5,GRACE-FO,May,Observed,-2.1502440943265673
05,2023-06-01,Mun,-12.278849728236173,1.0,120.0,2023-06-16,2023-06-16,2023,6,GRACE-FO,June,Observed,-2.015985621912111
05,2023-07-01,Mun,-7.506564134187556,1.0,120.0,2023-07-16,2023-07-16,2023,7,GRACE-FO,July,Observed,-2.104828581506378
05,2023-08-01,Mun,-1.194929408250732,1.0,120.0,2023-08-16,2023-08-16,2023,8,GRACE-FO,August,Observed,-2.703567989327322
05,2023-09-01,Mun,11.195712441264511,1.0,120.0,2023-09-16,2023-09-16,2023,9,GRACE-FO,September,Observed,-3.173792610081374
05,2023-10-01,Mun,23.421578858607415,1.0,120.0,2023-10-16,2023-10-16,2023,10,GRACE-FO,October,Observed,-3.3236508753135965
05,2023-11-01,Mun,16.787368689186277,1.0,120.0,2023-11-16,2023-11-16,2023,11,GRACE-FO,November,Observed,-3.722429040283592
05,2023-12-01,Mun,6.3279633549861245,1.0,120.0,2023-12-16,2023-12-16,2023,12,GRACE-FO,December,Observed,-4.089096710291379
05,2024-01-01,Mun,-5.709760106149646,1.0,120.0,2024-01-16,2024-01-16,2024,1,GRACE-FO,January,Observed,-4.531474843142475
05,2024-02-01,Mun,-13.286786519253234,1.0,120.0,2024-02-15,2024-02-15,2024,2,GRACE-FO,February,Observed,-4.365446886645546
05,2024-03-01,Mun,-15.182120134428715,1.0,120.0,2024-03-16,2024-03-16,2024,3,GRACE-FO,March,Observed,-4.354253905153672
05,2024-04-01,Mun,-26.24378074599354,1.0,120.0,2024-04-16,2024-04-16,2024,4,GRACE-FO,April,Observed,-4.114706345210823
05,2024-05-01,Mun,-25.39899309104127,1.0,120.0,2024-05-16,2024-05-16,2024,5,GRACE-FO,May,Observed,-4.497292577088862
05,2024-06-01,Mun,-17.587387322449324,1.0,120.0,2024-06-16,2024-06-16,2024,6,GRACE-FO,June,Observed,-6.432261783113874
05,2024-07-01,Mun,-5.514228656224401,1.0,120.0,2024-07-16,2024-07-16,2024,7,GRACE-FO,July,Observed,-7.708284296923876
05,2024-08-01,Mun,-1.0606136303482463,1.0,120.0,2024-08-16,2024-08-16,2024,8,GRACE-FO,August,Observed,-7.930342540343233
05,2024-09-01,Mun,14.070283160578699,1.0,120.0,2024-09-16,2024-09-16,2024,9,GRACE-FO,September,Observed,-7.260787042979484
05,2024-10-01,Mun,18.830544076070943,1.0,120.0,2024-10-16,2024-10-16,2024,10,GRACE-FO,October,Observed,
06,2002-04-01,Ping,-19.003956273440448,1.0,79.0,2002-04-18,2002-04-18,2002,4,GRACE,April,Observed,
06,2002-05-01,Ping,-17.2241549935468,1.0,79.0,2002-05-10,2002-05-10,2002,5,GRACE,May,Observed,
06,2002-06-01,Ping,,,,,,2002,6,GRACE,June,Missing,
06,2002-07-01,Ping,,,,,,2002,7,GRACE,July,Missing,
06,2002-08-01,Ping,20.845766384068092,1.0,79.0,2002-08-16,2002-08-16,2002,8,GRACE,August,Observed,8.40309657774825
06,2002-09-01,Ping,27.035110622079852,1.0,79.0,2002-09-16,2002-09-16,2002,9,GRACE,September,Observed,6.681489547157427
06,2002-10-01,Ping,26.5293697445416,1.0,79.0,2002-10-16,2002-10-16,2002,10,GRACE,October,Observed,4.945834864970408
06,2002-11-01,Ping,19.048873073649727,1.0,79.0,2002-11-16,2002-11-16,2002,11,GRACE,November,Observed,5.374330052022541
06,2002-12-01,Ping,7.852673678186354,1.0,79.0,2002-12-16,2002-12-16,2002,12,GRACE,December,Observed,6.298526037565938
06,2003-01-01,Ping,2.1410903864476243,1.0,79.0,2003-01-16,2003-01-16,2003,1,GRACE,January,Observed,6.298526037565938
06,2003-02-01,Ping,-7.091366697569162,1.0,79.0,2003-02-15,2003-02-15,2003,2,GRACE,February,Observed,6.426529710922439
06,2003-03-01,Ping,-10.675057274712758,1.0,79.0,2003-03-16,2003-03-16,2003,3,GRACE,March,Observed,5.864259113634301
06,2003-04-01,Ping,-14.71900440291912,1.0,79.0,2003-04-16,2003-04-16,2003,4,GRACE,April,Observed,5.315101325154481
06,2003-05-01,Ping,-7.982195138112827,1.0,79.0,2003-05-11,2003-05-11,2003,5,GRACE,May,Observed,4.529883778101221
06,2003-06-01,Ping,,,,,,2003,6,GRACE,June,Missing,
06,2003-07-01,Ping,7.706566444487445,1.0,79.0,2003-07-16,2003-07-16,2003,7,GRACE,July,Observed,2.6317295076414973
06,2003-08-01,Ping,14.660789813898564,1.0,79.0,2003-08-16,2003-08-16,2003,8,GRACE,August,Observed,1.9038506120822227
06,2003-09-01,Ping,20.994374948801855,1.0,79.0,2003-09-16,2003-09-16,2003,9,GRACE,September,Observed,1.215175540063781
06,2003-10-01,Ping,17.891976726955725,1.0,79.0,2003-10-16,2003-10-16,2003,10,GRACE,October,Observed,0.3959898948051814
06,2003-11-01,Ping,7.830618835128613,1.0,79.0,2003-11-16,2003-11-16,2003,11,GRACE,November,Observed,-0.35378383254114093
06,2003-12-01,Ping,-1.8087690583494855,1.0,79.0,2003-12-16,2003-12-16,2003,12,GRACE,December,Observed,-1.4640070980884794
06,2004-01-01,Ping,-5.8655774647043994,1.0,79.0,2004-01-07,2004-01-07,2004,1,GRACE,January,Observed,-1.527051890905555
06,2004-02-01,Ping,-14.666792489772021,1.0,79.0,2004-02-17,2004-02-17,2004,2,GRACE,February,Observed,-1.2411163488218404
06,2004-03-01,Ping,-19.686099372557354,1.0,79.0,2004-03-16,2004-03-16,2004,3,GRACE,March,Observed,-0.47372716093041706
06,2004-04-01,Ping,-22.966515403728664,1.0,79.0,2004-04-16,2004-04-16,2004,4,GRACE,April,Observed,0.23441558432107504
06,2004-05-01,Ping,-20.194651059133548,1.0,79.0,2004-05-16,2004-05-16,2004,5,GRACE,May,Observed,0.27666444606272006
06,2004-06-01,Ping,-2.2205446118933896,1.0,79.0,2004-06-16,2004-06-16,2004,6,GRACE,June,Observed,0.027488167709530886
06,2004-07-01,Ping,11.13779294949202,1.0,79.0,2004-07-16,2004-07-16,2004,7,GRACE,July,Observed,-0.02988164250928471
06,2004-08-01,Ping,23.869460068595647,1.0,79.0,2004-08-16,2004-08-16,2004,8,GRACE,August,Observed,-0.7380332864201474
06,2004-09-01,Ping,29.49208789181976,1.0,79.0,2004-09-16,2004-09-16,2004,9,GRACE,September,Observed,-0.9909249334650477
06,2004-10-01,Ping,18.398963067855465,1.0,79.0,2004-10-16,2004-10-16,2004,10,GRACE,October,Observed,-1.3690823496620945
06,2004-11-01,Ping,4.840503494890343,1.0,79.0,2004-11-16,2004-11-16,2004,11,GRACE,November,Observed,-1.8290947929365367
06,2004-12-01,Ping,-2.4972067809752727,1.0,79.0,2004-12-16,2004-12-16,2004,12,GRACE,December,Observed,-2.5298132665497404
06,2005-01-01,Ping,-14.363397191634753,1.0,79.0,2005-01-16,2005-01-16,2005,1,GRACE,January,Observed,-3.477291327745333
06,2005-02-01,Ping,-17.701492254310825,1.0,79.0,2005-02-15,2005-02-15,2005,2,GRACE,February,Observed,-4.7086067620902305
06,2005-03-01,Ping,-24.223988366921915,1.0,79.0,2005-03-16,2005-03-16,2005,3,GRACE,March,Observed,-5.548894449715664
06,2005-04-01,Ping,-28.48666472302197,1.0,79.0,2005-04-16,2005-04-16,2005,4,GRACE,April,Observed,-6.346348590133148
06,2005-05-01,Ping,-28.603272742491992,1.0,79.0,2005-05-16,2005-05-16,2005,5,GRACE,May,Observed,-6.517432743486393
06,2005-06-01,Ping,-13.590281346240504,1.0,79.0,2005-06-16,2005-06-16,2005,6,GRACE,June,Observed,-5.834260615879528
06,2005-07-01,Ping,-3.6379922626467427,1.0,79.0,2005-07-16,2005-07-16,2005,7,GRACE,July,Observed,-5.321130330593518
06,2005-08-01,Ping,13.786007817090447,1.0,79.0,2005-08-16,2005-08-16,2005,8,GRACE,August,Observed,-4.581002116682825
06,2005-09-01,Ping,19.922638206809946,1.0,79.0,2005-09-16,2005-09-16,2005,9,GRACE,September,Observed,-4.171895711093103
06,2005-10-01,Ping,16.34595322761653,1.0,79.0,2005-10-16,2005-10-16,2005,10,GRACE,October,Observed,-3.630560269681668
06,2005-11-01,Ping,13.038569026172715,1.0,79.0,2005-11-16,2005-11-16,2005,11,GRACE,November,Observed,-2.9315764423281885
06,2005-12-01,Ping,3.6603566424568417,1.0,79.0,2005-12-16,2005-12-16,2005,12,GRACE,December,Observed,-1.543343147510705
06,2006-01-01,Ping,-5.481858624706434,1.0,79.0,2006-01-16,2006-01-16,2006,1,GRACE,January,Observed,-0.6916955809077973
06,2006-02-01,Ping,-12.792215387234156,1.0,79.0,2006-02-15,2006-02-15,2006,2,GRACE,February,Observed,0.5506177551933176
06,2006-03-01,Ping,-17.727963069984696,1.0,79.0,2006-03-16,2006-03-16,2006,3,GRACE,March,Observed,1.104842807014247
06,2006-04-01,Ping,-20.098858794780213,1.0,79.0,2006-04-16,2006-04-16,2006,4,GRACE,April,Observed,1.6917600888252224
06,2006-05-01,Ping,-11.944473204682188,1.0,79.0,2006-05-16,2006-05-16,2006,5,GRACE,May,Observed,2.9383367384384176
06,2006-06-01,Ping,-3.370510547005615,1.0,79.0,2006-06-16,2006-06-16,2006,6,GRACE,June,Observed,3.1304921886942068
06,2006-07-01,Ping,11.269767770566636,1.0,79.0,2006-07-16,2006-07-16,2006,7,GRACE,July,Observed,3.130714845550941
06,2006-08-01,Ping,20.4367084389416,1.0,79.0,2006-08-16,2006-08-16,2006,8,GRACE,August,Observed,3.023911261685001
06,2006-09-01,Ping,26.96564558854165,1.0,79.0,2006-09-16,2006-09-16,2006,9,GRACE,September,Observed,3.0930552830860045
06,2006-10-01,Ping,31.30487302297487,1.0,79.0,2006-10-16,2006-10-16,2006,10,GRACE,October,Observed,3.0391113965497083
06,2006-11-01,Ping,15.344434429242185,1.0,79.0,2006-11-16,2006-11-16,2006,11,GRACE,November,Observed,3.0145394229650075
06,2006-12-01,Ping,3.663028524737655,1.0,79.0,2006-12-16,2006-12-16,2006,12,GRACE,December,Observed,3.2170931829695615
06,2007-01-01,Ping,-6.763501631097717,1.0,79.0,2007-01-16,2007-01-16,2007,1,GRACE,January,Observed,3.152869305307672
06,2007-02-01,Ping,-11.962487130422115,1.0,79.0,2007-02-14,2007-02-14,2007,2,GRACE,February,Observed,2.7450946665464913
06,2007-03-01,Ping,-18.37528970842025,1.0,79.0,2007-03-16,2007-03-16,2007,3,GRACE,March,Observed,2.2791280300958
06,2007-04-01,Ping,-20.393722477796622,1.0,79.0,2007-04-16,2007-04-16,2007,4,GRACE,April,Observed,1.9827731809065634
06,2007-05-01,Ping,-9.513828084627539,1.0,79.0,2007-05-16,2007-05-16,2007,5,GRACE,May,Observed,1.7272256927252876
06,2007-06-01,Ping,-4.141197078948289,1.0,79.0,2007-06-16,2007-06-16,2007,6,GRACE,June,Observed,1.646514978748459
06,2007-07-01,Ping,6.376472105432471,1.0,79.0,2007-07-16,2007-07-16,2007,7,GRACE,July,Observed,1.3322706590337852
06,2007-08-01,Ping,14.845108801533305,1.0,79.0,2007-08-16,2007-08-16,2007,8,GRACE,August,Observed,1.2717391782705152
06,2007-09-01,Ping,23.40938739827081,1.0,79.0,2007-09-16,2007-09-16,2007,9,GRACE,September,Observed,1.2556583538846908
06,2007-10-01,Ping,28.23830316479956,1.0,79.0,2007-10-16,2007-10-16,2007,10,GRACE,October,Observed,1.2921636331602173
06,2007-11-01,Ping,14.375905861520241,1.0,79.0,2007-11-16,2007-11-16,2007,11,GRACE,November,Observed,1.4269893526890096
06,2007-12-01,Ping,-0.10790331183843134,1.0,79.0,2007-12-16,2007-12-16,2007,12,GRACE,December,Observed,1.6306629532224262
06,2008-01-01,Ping,-7.489879400256956,1.0,79.0,2008-01-16,2008-01-16,2008,1,GRACE,January,Observed,1.841208315942824
06,2008-02-01,Ping,-12.155457023052008,1.0,79.0,2008-02-15,2008-02-15,2008,2,GRACE,February,Observed,2.2489525334043603
06,2008-03-01,Ping,-17.937226357113936,1.0,79.0,2008-03-16,2008-03-16,2008,3,GRACE,March,Observed,2.742228417505359
06,2008-04-01,Ping,-18.775813843451115,1.0,79.0,2008-04-16,2008-04-16,2008,4,GRACE,April,Observed,2.732130128243151
06,2008-05-01,Ping,-7.069744878226541,1.0,79.0,2008-05-16,2008-05-16,2008,5,GRACE,May,Observed,2.0995196053330734
06,2008-06-01,Ping,-1.6146527263035086,1.0,79.0,2008-06-16,2008-06-16,2008,6,GRACE,June,Observed,2.207067586393587
06,2008-07-01,Ping,11.269402714970905,1.0,79.0,2008-07-16,2008-07-16,2008,7,GRACE,July,Observed,2.4190583306694364
06,2008-08-01,Ping,20.764419410745283,1.0,79.0,2008-08-16,2008-08-16,2008,8,GRACE,August,Observed,2.4602333245045966
06,2008-09-01,Ping,23.288207927124315,1.0,79.0,2008-09-16,2008-09-16,2008,9,GRACE,September,Observed,2.4572749431615954
06,2008-10-01,Ping,20.64697688987863,1.0,79.0,2008-10-16,2008-10-16,2008,10,GRACE,October,Observed,2.436469069623487
06,2008-11-01,Ping,15.666481634246406,1.0,79.0,2008-11-16,2008-11-16,2008,11,GRACE,November,Observed,2.5128225220220686
06,2008-12-01,Ping,2.4359856194717624,1.0,79.0,2008-12-16,2008-12-16,2008,12,GRACE,December,Observed,1.8811448699650788
06,2009-01-01,Ping,-6.995779474235031,1.0,79.0,2009-01-16,2009-01-16,2009,1,GRACE,January,Observed,1.6817718764953902
06,2009-02-01,Ping,-12.190957599168032,1.0,79.0,2009-02-15,2009-02-15,2009,2,GRACE,February,Observed,1.1991474143816474
06,2009-03-01,Ping,-18.18689683957123,1.0,79.0,2009-03-16,2009-03-16,2009,3,GRACE,March,Observed,0.6690867356855873
06,2009-04-01,Ping,-17.859572414668136,1.0,79.0,2009-04-16,2009-04-16,2009,4,GRACE,April,Observed,0.007610852635592617
06,2009-05-01,Ping,-14.649876702910422,1.0,79.0,2009-05-16,2009-05-16,2009,5,GRACE,May,Observed,-0.4301021319358749
06,2009-06-01,Ping,-4.0071286479397745,1.0,79.0,2009-06-16,2009-06-16,2009,6,GRACE,June,Observed,-1.1513064410038356
06,2009-07-01,Ping,5.477909169605995,1.0,79.0,2009-07-16,2009-07-16,2009,7,GRACE,July,Observed,-1.5310318026118948
06,2009-08-01,Ping,14.403691266392563,1.0,79.0,2009-08-16,2009-08-16,2009,8,GRACE,August,Observed,-1.699857433092771
06,2009-09-01,Ping,15.350497330524378,1.0,79.0,2009-09-16,2009-09-16,2009,9,GRACE,September,Observed,-1.969997321912013
06,2009-10-01,Ping,15.39442107502102,1.0,79.0,2009-10-16,2009-10-16,2009,10,GRACE,October,Observed,-2.1764233293519424
06,2009-11-01,Ping,7.012029925430879,1.0,79.0,2009-11-16,2009-11-16,2009,11,GRACE,November,Observed,-3.160053166807888
06,2009-12-01,Ping,-2.1207187198249504,1.0,79.0,2009-12-16,2009-12-16,2009,12,GRACE,December,Observed,-4.145224698948641
06,2010-01-01,Ping,-9.021687040005544,1.0,79.0,2010-01-16,2010-01-16,2010,1,GRACE,January,Observed,-5.2144828667176855
06,2010-02-01,Ping,-15.432636264998939,1.0,79.0,2010-02-15,2010-02-15,2010,2,GRACE,February,Observed,-6.533383513366874
06,2010-03-01,Ping,-20.664008928850382,1.0,79.0,2010-03-16,2010-03-16,2010,3,GRACE,March,Observed,-7.0830884768853215
06,2010-04-01,Ping,-29.663130464139478,1.0,79.0,2010-04-16,2010-04-16,2010,4,GRACE,April,Observed,-7.111775857216478
06,2010-05-01,Ping,-26.471935088599455,1.0,79.0,2010-05-16,2010-05-16,2010,5,GRACE,May,Observed,-6.528659038885908
06,2010-06-01,Ping,-16.838226661168317,1.0,79.0,2010-06-16,2010-06-16,2010,6,GRACE,June,Observed,-6.250956477674979
06,2010-07-01,Ping,-10.348898590184266,1.0,79.0,2010-07-16,2010-07-16,2010,7,GRACE,July,Observed,-5.948082009929916
06,2010-08-01,Ping,7.807231704171208,1.0,79.0,2010-08-16,2010-08-16,2010,8,GRACE,August,Observed,-5.668663370832132
06,2010-09-01,Ping,15.006248766550499,1.0,79.0,2010-09-16,2010-09-16,2010,9,GRACE,September,Observed,-5.572171275584076
06,2010-10-01,Ping,22.391822894987843,1.0,79.0,2010-10-16,2010-10-16,2010,10,GRACE,October,Observed,-5.24680661457433
06,2010-11-01,Ping,10.344460659962031,1.0,79.0,2010-11-16,2010-11-16,2010,11,GRACE,November,Observed,-4.253282230548459
06,2010-12-01,Ping,1.5137748931158084,1.0,79.0,2010-12-14,2010-12-14,2010,12,GRACE,December,Observed,-2.281020649327886
06,2011-01-01,Ping,,,,,,2011,1,GRACE,January,Missing,
06,2011-02-01,Ping,-14.37122321727033,1.0,79.0,2011-02-18,2011-02-18,2011,2,GRACE,February,Observed,2.0702561459564652
06,2011-03-01,Ping,-17.084997657743173,1.0,79.0,2011-03-16,2011-03-16,2011,3,GRACE,March,Observed,4.404169629911781
06,2011-04-01,Ping,-18.734362239854903,1.0,79.0,2011-04-16,2011-04-16,2011,4,GRACE,April,Observed,7.8234687052891445
06,2011-05-01,Ping,-4.777057695173146,1.0,79.0,2011-05-16,2011-05-16,2011,5,GRACE,May,Observed,9.262539734096089
06,2011-06-01,Ping,,,,,,2011,6,GRACE,June,Missing,
06,2011-07-01,Ping,18.606663350818813,1.0,79.0,2011-07-18,2011-07-18,2011,7,GRACE,July,Observed,9.307234030843206
06,2011-08-01,Ping,31.146366543724366,1.0,79.0,2011-08-16,2011-08-16,2011,8,GRACE,August,Observed,8.244838741501537
06,2011-09-01,Ping,49.199239520324134,1.0,79.0,2011-09-16,2011-09-16,2011,9,GRACE,September,Observed,8.646781407100379
06,2011-10-01,Ping,36.78253318305728,2.0,158.0,2011-10-16,2011-10-31,2011,10,GRACE,October,Observed,9.116082936049168
06,2011-11-01,Ping,,,,,,2011,11,GRACE,November,Missing,
06,2011-12-01,Ping,2.997944489705822,1.0,79.0,2011-12-28,2011-12-28,2011,12,GRACE,December,Observed,11.109522717163095
06,2012-01-01,Ping,-1.3167188625734854,1.0,79.0,2012-01-16,2012-01-16,2012,1,GRACE,January,Observed,9.443996138738804
06,2012-02-01,Ping,-10.351796561281922,1.0,79.0,2012-02-15,2012-02-15,2012,2,GRACE,February,Observed,8.392210859362667
06,2012-03-01,Ping,-12.391982368255299,1.0,79.0,2012-03-16,2012-03-16,2012,3,GRACE,March,Observed,7.245525781619106
06,2012-04-01,Ping,-14.686544841051852,1.0,79.0,2012-04-04,2012-04-04,2012,4,GRACE,April,Observed,5.109059927689964
06,2012-05-01,Ping,,,,,,2012,5,GRACE,May,Missing,
06,2012-06-01,Ping,-5.545743067079822,1.0,79.0,2012-06-16,2012-06-16,2012,6,GRACE,June,Observed,2.406163505055646
06,2012-07-01,Ping,8.08881055705744,1.0,79.0,2012-07-16,2012-07-16,2012,7,GRACE,July,Observed,2.29653804720738
06,2012-08-01,Ping,19.679515766288763,1.0,79.0,2012-08-16,2012-08-16,2012,8,GRACE,August,Observed,2.0012552528725975
06,2012-09-01,Ping,27.83458098103271,1.0,79.0,2012-09-13,2012-09-13,2012,9,GRACE,September,Observed,1.9759884321239807
06,2012-10-01,Ping,,,,,,2012,10,GRACE,October,Missing,
06,2012-11-01,Ping,9.753568956714108,1.0,79.0,2012-11-18,2012-11-18,2012,11,GRACE,November,Observed,2.9519822246289396
06,2012-12-01,Ping,1.9016899112231653,1.0,79.0,2012-12-16,2012-12-16,2012,12,GRACE,December,Observed,0.6690236260474194
06,2013-01-01,Ping,-4.2695468059213155,1.0,79.0,2013-01-16,2013-01-16,2013,1,GRACE,January,Observed,0.23434753898340438
06,2013-02-01,Ping,-10.604464768768093,1.0,79.0,2013-02-14,2013-02-14,2013,2,GRACE,February,Observed,-0.31577321213232573
06,2013-03-01,Ping,,,,,,2013,3,GRACE,March,Missing,
06,2013-04-01,Ping,-20.2705715088865,1.0,79.0,2013-04-21,2013-04-21,2013,4,GRACE,April,Observed,-6.3339786085805905
06,2013-05-01,Ping,-19.87760376118626,1.0,79.0,2013-05-16,2013-05-16,2013,5,GRACE,May,Observed,-2.7470355377461133
06,2013-06-01,Ping,-9.892503937719969,1.0,79.0,2013-06-16,2013-06-16,2013,6,GRACE,June,Observed,-2.166742214644264
06,2013-07-01,Ping,2.5876030459001376,1.0,79.0,2013-07-16,2013-07-16,2013,7,GRACE,July,Observed,-1.7671897638254574
06,2013-08-01,Ping,,,,,,2013,8,GRACE,August,Missing,
06,2013-09-01,Ping,,,,,,2013,9,GRACE,September,Missing,
06,2013-10-01,Ping,25.948509028929703,1.0,79.0,2013-10-16,2013-10-16,2013,10,GRACE,October,Observed,-2.096424984852971
06,2013-11-01,Ping,14.976208864630765,1.0,79.0,2013-11-16,2013-11-16,2013,11,GRACE,November,Observed,-2.101940139295169
06,2013-12-01,Ping,5.497661968592417,1.0,79.0,2013-12-16,2013-12-16,2013,12,GRACE,December,Observed,-1.7061037341272265
06,2014-01-01,Ping,-1.1546357434318733,1.0,79.0,2014-01-09,2014-01-09,2014,1,GRACE,January,Observed,-1.967158122764191
06,2014-02-01,Ping,,,,,,2014,2,GRACE,February,Missing,
06,2014-03-01,Ping,-16.682492820505157,1.0,79.0,2014-03-17,2014-03-17,2014,3,GRACE,March,Observed,-1.091952438313406
06,2014-04-01,Ping,-20.320207898866286,1.0,79.0,2014-04-16,2014-04-16,2014,4,GRACE,April,Observed,0.8690426911887066
06,2014-05-01,Ping,-16.315076114674778,1.0,79.0,2014-05-16,2014-05-16,2014,5,GRACE,May,Observed,0.06991079078549589
06,2014-06-01,Ping,-12.241993435452649,1.0,79.0,2014-06-13,2014-06-13,2014,6,GRACE,June,Observed,-0.40547373137977605
06,2014-07-01,Ping,,,,,,2014,7,GRACE,July,Missing,
06,2014-08-01,Ping,10.464454205957203,1.0,79.0,2014-08-16,2014-08-16,2014,8,GRACE,August,Observed,-1.5995569730240158
06,2014-09-01,Ping,18.51799885670772,1.0,79.0,2014-09-16,2014-09-16,2014,9,GRACE,September,Observed,-2.776833858837276
06,2014-10-01,Ping,17.957190024897596,1.0,79.0,2014-10-16,2014-10-16,2014,10,GRACE,October,Observed,-2.86002883252325
06,2014-11-01,Ping,10.222363642978046,1.0,79.0,2014-11-16,2014-11-16,2014,11,GRACE,November,Observed,-3.026820831489377
06,2014-12-01,Ping,,,,,,2014,12,GRACE,December,Missing,
06,2015-01-01,Ping,-5.998249218257837,1.0,79.0,2015-01-22,2015-01-22,2015,1,GRACE,January,Observed,-0.2138923455957933
06,2015-02-01,Ping,-13.372325831156617,1.0,79.0,2015-02-15,2015-02-15,2015,2,GRACE,February,Observed,-0.17136340099892614
06,2015-03-01,Ping,-17.514442557364898,1.0,79.0,2015-03-16,2015-03-16,2015,3,GRACE,March,Observed,0.07488920369789238
06,2015-04-01,Ping,-21.988127888527558,2.0,158.0,2015-04-16,2015-04-27,2015,4,GRACE,April,Observed,-0.596456090145205
06,2015-05-01,Ping,,,,,,2015,5,GRACE,May,Missing,
06,2015-06-01,Ping,,,,,,2015,6,GRACE,June,Missing,
06,2015-07-01,Ping,0.16886815577601091,1.0,79.0,2015-07-15,2015-07-15,2015,7,GRACE,July,Observed,-5.435694498773261
06,2015-08-01,Ping,12.68072764822857,1.0,79.0,2015-08-16,2015-08-16,2015,8,GRACE,August,Observed,-5.999798352717409
06,2015-09-01,Ping,12.475891212119846,1.0,79.0,2015-09-14,2015-09-14,2015,9,GRACE,September,Observed,-6.304628053015909
06,2015-10-01,Ping,,,,,,2015,10,GRACE,October,Missing,
06,2015-11-01,Ping,,,,,,2015,11,GRACE,November,Missing,
06,2015-12-01,Ping,-9.937897511003602,1.0,79.0,2015-12-23,2015-12-23,2015,12,GRACE,December,Observed,-9.18757662437331
06,2016-01-01,Ping,-10.511080049811028,1.0,79.0,2016-01-16,2016-01-16,2016,1,GRACE,January,Observed,-9.5811892407655
06,2016-02-01,Ping,-15.810963433544611,1.0,79.0,2016-02-14,2016-02-14,2016,2,GRACE,February,Observed,-9.639124601338013
06,2016-03-01,Ping,-25.24167537309664,1.0,79.0,2016-03-16,2016-03-16,2016,3,GRACE,March,Observed,-9.834140154107907
06,2016-04-01,Ping,,,,,,2016,4,GRACE,April,Missing,
06,2016-05-01,Ping,-37.324483643655036,1.0,79.0,2016-05-20,2016-05-20,2016,5,GRACE,May,Observed,-12.622894074886377
06,2016-06-01,Ping,-12.730090171903013,1.0,79.0,2016-06-16,2016-06-16,2016,6,GRACE,June,Observed,-10.059281621692232
06,2016-07-01,Ping,-0.35255008937660015,1.0,79.0,2016-07-15,2016-07-15,2016,7,GRACE,July,Observed,-9.229800007091391
06,2016-08-01,Ping,10.92558767329952,1.0,79.0,2016-08-21,2016-08-21,2016,8,GRACE,August,Observed,-8.93199838374969
06,2016-09-01,Ping,,,,,,2016,9,GRACE,September,Missing,
06,2016-10-01,Ping,,,,,,2016,10,GRACE,October,Missing,
06,2016-11-01,Ping,10.449618003860921,1.0,79.0,2016-11-27,2016-11-27,2016,11,GRACE,November,Observed,-9.05903094150487
06,2016-12-01,Ping,-2.472562979596019,1.0,79.0,2016-12-24,2016-12-24,2016,12,GRACE,December,Observed,-7.374636184506817
06,2017-01-01,Ping,-7.83086543973573,1.0,79.0,2017-01-21,2017-01-21,2017,1,GRACE,January,Observed,-6.9758533338895585
06,2017-02-01,Ping,,,,,,2017,2,GRACE,February,Missing,
06,2017-03-01,Ping,-18.76298298420218,1.0,79.0,2017-03-31,2017-03-31,2017,3,GRACE,March,Observed,
06,2017-04-01,Ping,-23.4329488422357,1.0,79.0,2017-04-24,2017-04-24,2017,4,GRACE,April,Observed,
06,2017-05-01,Ping,-22.16493083067256,1.0,79.0,2017-05-13,2017-05-13,2017,5,GRACE,May,Observed,
06,2017-06-01,Ping,-9.14104451634769,1.0,79.0,2017-06-10,2017-06-10,2017,6,GRACE,June,Observed,
06,2017-07-01,Ping,,,,,,2017,7,Mission gap,July,Missing,
06,2017-08-01,Ping,,,,,,2017,8,Mission gap,August,Missing,
06,2017-09-01,Ping,,,,,,2017,9,Mission gap,September,Missing,
06,2017-10-01,Ping,,,,,,2017,10,Mission gap,October,Missing,
06,2017-11-01,Ping,,,,,,2017,11,Mission gap,November,Missing,
06,2017-12-01,Ping,,,,,,2017,12,Mission gap,December,Missing,
06,2018-01-01,Ping,,,,,,2018,1,Mission gap,January,Missing,
06,2018-02-01,Ping,,,,,,2018,2,Mission gap,February,Missing,
06,2018-03-01,Ping,,,,,,2018,3,Mission gap,March,Missing,
06,2018-04-01,Ping,,,,,,2018,4,Mission gap,April,Missing,
06,2018-05-01,Ping,,,,,,2018,5,GRACE-FO,May,Missing,
06,2018-06-01,Ping,-1.4483868289793214,1.0,79.0,2018-06-16,2018-06-16,2018,6,GRACE-FO,June,Observed,
06,2018-07-01,Ping,9.948944707610723,1.0,79.0,2018-07-10,2018-07-10,2018,7,GRACE-FO,July,Observed,
06,2018-08-01,Ping,,,,,,2018,8,GRACE-FO,August,Missing,
06,2018-09-01,Ping,,,,,,2018,9,GRACE-FO,September,Missing,
06,2018-10-01,Ping,20.199384213735236,1.0,79.0,2018-10-31,2018-10-31,2018,10,GRACE-FO,October,Observed,1.2828584685332078
06,2018-11-01,Ping,11.561476486797593,1.0,79.0,2018-11-16,2018-11-16,2018,11,GRACE-FO,November,Observed,-1.3358142541446445
06,2018-12-01,Ping,2.5942873369285118,1.0,79.0,2018-12-16,2018-12-16,2018,12,GRACE-FO,December,Observed,-3.4489390270316123
06,2019-01-01,Ping,-6.529338404260986,1.0,79.0,2019-01-16,2019-01-16,2019,1,GRACE-FO,January,Observed,-4.803883988242442
06,2019-02-01,Ping,-10.360539874883646,1.0,79.0,2019-02-15,2019-02-15,2019,2,GRACE-FO,February,Observed,-6.514349364307075
06,2019-03-01,Ping,-15.702959888682448,1.0,79.0,2019-03-16,2019-03-16,2019,3,GRACE-FO,March,Observed,-4.972645943323148
06,2019-04-01,Ping,-22.285196035567463,1.0,79.0,2019-04-16,2019-04-16,2019,4,GRACE-FO,April,Observed,-3.377927171389666
06,2019-05-01,Ping,-22.46706198301432,1.0,79.0,2019-05-16,2019-05-16,2019,5,GRACE-FO,May,Observed,-5.24828064245789
06,2019-06-01,Ping,-14.997836441087623,1.0,79.0,2019-06-16,2019-06-16,2019,6,GRACE-FO,June,Observed,-6.413800510537196
06,2019-07-01,Ping,-7.155709053035602,1.0,79.0,2019-07-16,2019-07-16,2019,7,GRACE-FO,July,Observed,-7.53299505760661
06,2019-08-01,Ping,10.444388266516132,1.0,79.0,2019-08-16,2019-08-16,2019,8,GRACE-FO,August,Observed,-8.207760142342403
06,2019-09-01,Ping,14.163979319878631,1.0,79.0,2019-09-16,2019-09-16,2019,9,GRACE-FO,September,Observed,-9.63400378269617
06,2019-10-01,Ping,-2.244857439083462,1.0,79.0,2019-10-16,2019-10-16,2019,10,GRACE-FO,October,Observed,-10.424379952424216
06,2019-11-01,Ping,-2.424761930154068,1.0,79.0,2019-11-16,2019-11-16,2019,11,GRACE-FO,November,Observed,-11.318713549643837
06,2019-12-01,Ping,-10.836047227904466,1.0,79.0,2019-12-16,2019-12-16,2019,12,GRACE-FO,December,Observed,-12.015164508264071
06,2020-01-01,Ping,-14.6265194210905,1.0,79.0,2020-01-16,2020-01-16,2020,1,GRACE-FO,January,Observed,-13.30791371127237
06,2020-02-01,Ping,-27.47546355912887,1.0,79.0,2020-02-15,2020-02-15,2020,2,GRACE-FO,February,Observed,-14.10300587290333
06,2020-03-01,Ping,-25.187473925418963,1.0,79.0,2020-03-16,2020-03-16,2020,3,GRACE-FO,March,Observed,-14.952846374148661
06,2020-04-01,Ping,-33.0171992022029,1.0,79.0,2020-04-16,2020-04-16,2020,4,GRACE-FO,April,Observed,-15.700456448175458
06,2020-05-01,Ping,-30.824473486457155,1.0,79.0,2020-05-16,2020-05-16,2020,5,GRACE-FO,May,Observed,-15.031871723035957
06,2020-06-01,Ping,-30.510826877187228,1.0,79.0,2020-06-16,2020-06-16,2020,6,GRACE-FO,June,Observed,-15.077554263035639
06,2020-07-01,Ping,-16.696814992607106,1.0,79.0,2020-07-16,2020-07-16,2020,7,GRACE-FO,July,Observed,-16.077283745168586
06,2020-08-01,Ping,0.24630225157216684,1.0,79.0,2020-08-16,2020-08-16,2020,8,GRACE-FO,August,Observed,-16.823957192781446
06,2020-09-01,Ping,5.19265843155704,1.0,79.0,2020-09-16,2020-09-16,2020,9,GRACE-FO,September,Observed,-16.29866858326542
06,2020-10-01,Ping,5.778159262590546,1.0,79.0,2020-10-16,2020-10-16,2020,10,GRACE-FO,October,Observed,-16.566122953820955
06,2020-11-01,Ping,-2.972952410150222,1.0,79.0,2020-11-16,2020-11-16,2020,11,GRACE-FO,November,Observed,-15.822039398013517
06,2020-12-01,Ping,-22.83280101349981,1.0,79.0,2020-12-16,2020-12-16,2020,12,GRACE-FO,December,Observed,-15.435077069122626
06,2021-01-01,Ping,-23.58660079244485,1.0,79.0,2021-01-16,2021-01-16,2021,1,GRACE-FO,January,Observed,-14.141092062519613
06,2021-02-01,Ping,-21.17200024493658,1.0,79.0,2021-02-15,2021-02-15,2021,2,GRACE-FO,February,Observed,-13.482258034911801
06,2021-03-01,Ping,-28.39692637208532,1.0,79.0,2021-03-16,2021-03-16,2021,3,GRACE-FO,March,Observed,-13.4341685680348
06,2021-04-01,Ping,-24.08819653251371,1.0,79.0,2021-04-16,2021-04-16,2021,4,GRACE-FO,April,Observed,-13.188759962591908
06,2021-05-01,Ping,-26.180925539766427,1.0,79.0,2021-05-16,2021-05-16,2021,5,GRACE-FO,May,Observed,-12.61252441164497
06,2021-06-01,Ping,-14.983006797951084,1.0,79.0,2021-06-16,2021-06-16,2021,6,GRACE-FO,June,Observed,-11.978632350156774
06,2021-07-01,Ping,-8.790806661313363,1.0,79.0,2021-07-16,2021-07-16,2021,7,GRACE-FO,July,Observed,-10.61962765756488
06,2021-08-01,Ping,0.8233758540961941,1.0,79.0,2021-08-16,2021-08-16,2021,8,GRACE-FO,August,Observed,-9.825811592840925
06,2021-09-01,Ping,8.137561696871755,1.0,79.0,2021-09-16,2021-09-16,2021,9,GRACE-FO,September,Observed,-9.576694119402942
06,2021-10-01,Ping,12.6929858739538,1.0,79.0,2021-10-16,2021-10-16,2021,10,GRACE-FO,October,Observed,-8.651761388023205
06,2021-11-01,Ping,4.633752327708111,1.0,79.0,2021-11-16,2021-11-16,2021,11,GRACE-FO,November,Observed,-8.267915974385033
06,2021-12-01,Ping,-6.524744702397091,1.0,79.0,2021-12-16,2021-12-16,2021,12,GRACE-FO,December,Observed,-7.119084479307055
06,2022-01-01,Ping,-14.060808015757384,1.0,79.0,2022-01-16,2022-01-16,2022,1,GRACE-FO,January,Observed,-6.496702628016962
06,2022-02-01,Ping,-18.182590563680783,1.0,79.0,2022-02-15,2022-02-15,2022,2,GRACE-FO,February,Observed,-5.975047278903312
06,2022-03-01,Ping,-17.29773359552848,1.0,79.0,2022-03-16,2022-03-16,2022,3,GRACE-FO,March,Observed,-5.220415176259221
06,2022-04-01,Ping,-19.482051568855645,1.0,79.0,2022-04-16,2022-04-16,2022,4,GRACE-FO,April,Observed,-4.4619836422886365
06,2022-05-01,Ping,-12.394947598830703,1.0,79.0,2022-05-16,2022-05-16,2022,5,GRACE-FO,May,Observed,-3.922054768502413
06,2022-06-01,Ping,-7.514424582469947,1.0,79.0,2022-06-16,2022-06-16,2022,6,GRACE-FO,June,Observed,-3.4610913392530804
06,2022-07-01,Ping,-2.5309424719495794,1.0,79.0,2022-07-16,2022-07-16,2022,7,GRACE-FO,July,Observed,-2.759900309889286
06,2022-08-01,Ping,9.878961085825306,1.0,79.0,2022-08-16,2022-08-16,2022,8,GRACE-FO,August,Observed,-2.5062296949220584
06,2022-09-01,Ping,17.238740104518758,1.0,79.0,2022-09-16,2022-09-16,2022,9,GRACE-FO,September,Observed,-1.9051824328206772
06,2022-10-01,Ping,19.172132359388485,1.0,79.0,2022-10-16,2022-10-16,2022,10,GRACE-FO,October,Observed,-1.9134557950873339
06,2022-11-01,Ping,10.165313478700101,1.0,79.0,2022-11-16,2022-11-16,2022,11,GRACE-FO,November,Observed,-2.1771450223032596
06,2022-12-01,Ping,1.8895476499684418,1.0,79.0,2022-12-16,2022-12-16,2022,12,GRACE-FO,December,Observed,-3.153201742372076
06,2023-01-01,Ping,-11.016760636150652,1.0,79.0,2023-01-16,2023-01-16,2023,1,GRACE-FO,January,Observed,-4.123575266203447
06,2023-02-01,Ping,-10.970023418464212,1.0,79.0,2023-02-15,2023-02-15,2023,2,GRACE-FO,February,Observed,-4.520859940394037
06,2023-03-01,Ping,-17.39701394272836,1.0,79.0,2023-03-16,2023-03-16,2023,3,GRACE-FO,March,Observed,-4.75799199277195
06,2023-04-01,Ping,-22.646322295446755,1.0,79.0,2023-04-16,2023-04-16,2023,4,GRACE-FO,April,Observed,-5.232714564814981
06,2023-05-01,Ping,-24.1076282396565,1.0,79.0,2023-05-16,2023-05-16,2023,5,GRACE-FO,May,Observed,-5.010442407259066
06,2023-06-01,Ping,-19.158906868446394,1.0,79.0,2023-06-16,2023-06-16,2023,6,GRACE-FO,June,Observed,-4.697453630707888
06,2023-07-01,Ping,-7.298358562236663,1.0,79.0,2023-07-16,2023-07-16,2023,7,GRACE-FO,July,Observed,-4.79050276103541
06,2023-08-01,Ping,7.0333764572903466,1.0,79.0,2023-08-16,2023-08-16,2023,8,GRACE-FO,August,Observed,-4.6750249855938515
06,2023-09-01,Ping,11.542069240002373,1.0,79.0,2023-09-16,2023-09-16,2023,9,GRACE-FO,September,Observed,-4.948004498632945
06,2023-10-01,Ping,21.839398250059475,1.0,79.0,2023-10-16,2023-10-16,2023,10,GRACE-FO,October,Observed,-4.99296497864697
06,2023-11-01,Ping,13.921178797314244,1.0,79.0,2023-11-16,2023-11-16,2023,11,GRACE-FO,November,Observed,-5.535249470337288
06,2023-12-01,Ping,0.7729580860381742,1.0,79.0,2023-12-16,2023-12-16,2023,12,GRACE-FO,December,Observed,-5.921862720382452
06,2024-01-01,Ping,-9.631027330851953,1.0,79.0,2024-01-16,2024-01-16,2024,1,GRACE-FO,January,Observed,-5.197920467875602
06,2024-02-01,Ping,-14.245777574933328,1.0,79.0,2024-02-15,2024-02-15,2024,2,GRACE-FO,February,Observed,-5.1264973357486925
06,2024-03-01,Ping,-17.936539702896663,1.0,79.0,2024-03-16,2024-03-16,2024,3,GRACE-FO,March,Observed,-4.346232988899366
06,2024-04-01,Ping,-29.153736195730563,1.0,79.0,2024-04-16,2024-04-16,2024,4,GRACE-FO,April,Observed,-3.1637224024951016
06,2024-05-01,Ping,-28.746987240198482,1.0,79.0,2024-05-16,2024-05-16,2024,5,GRACE-FO,May,Observed,-2.4617821280661523
06,2024-06-01,Ping,-10.471599838364195,1.0,79.0,2024-06-16,2024-06-16,2024,6,GRACE-FO,June,Observed,-3.951142212191643
06,2024-07-01,Ping,-6.441280976713729,1.0,79.0,2024-07-16,2024-07-16,2024,7,GRACE-FO,July,Observed,-4.423552242014624
06,2024-08-01,Ping,16.39654861948226,1.0,79.0,2024-08-16,2024-08-16,2024,8,GRACE-FO,August,Observed,-3.8449438988104774
06,2024-09-01,Ping,25.73219627685354,1.0,79.0,2024-09-16,2024-09-16,2024,9,GRACE-FO,September,Observed,-2.544839689295121
06,2024-10-01,Ping,30.26268154320687,1.0,79.0,2024-10-16,2024-10-16,2024,10,GRACE-FO,October,Observed,
07,2002-04-01,Wang,-18.57243688905892,1.0,30.0,2002-04-18,2002-04-18,2002,4,GRACE,April,Observed,
07,2002-05-01,Wang,-17.15372766238258,1.0,30.0,2002-05-10,2002-05-10,2002,5,GRACE,May,Observed,
07,2002-06-01,Wang,,,,,,2002,6,GRACE,June,Missing,
07,2002-07-01,Wang,,,,,,2002,7,GRACE,July,Missing,
07,2002-08-01,Wang,21.41808160594122,1.0,30.0,2002-08-16,2002-08-16,2002,8,GRACE,August,Observed,8.531556417952471
07,2002-09-01,Wang,26.74076138811653,1.0,30.0,2002-09-16,2002-09-16,2002,9,GRACE,September,Observed,6.692707090624244
07,2002-10-01,Wang,26.12824265964649,1.0,30.0,2002-10-16,2002-10-16,2002,10,GRACE,October,Observed,4.916749871226692
07,2002-11-01,Wang,19.177311388348517,1.0,30.0,2002-11-16,2002-11-16,2002,11,GRACE,November,Observed,5.262406575967974
07,2002-12-01,Wang,8.345725114864267,1.0,30.0,2002-12-16,2002-12-16,2002,12,GRACE,December,Observed,6.137115476536052
07,2003-01-01,Wang,2.1684937381442455,1.0,30.0,2003-01-16,2003-01-16,2003,1,GRACE,January,Observed,6.137115476536052
07,2003-02-01,Wang,-8.01808752800157,1.0,30.0,2003-02-15,2003-02-15,2003,2,GRACE,February,Observed,6.097290461185241
07,2003-03-01,Wang,-11.066865103351278,1.0,30.0,2003-03-16,2003-03-16,2003,3,GRACE,March,Observed,5.325961421984451
07,2003-04-01,Wang,-15.115869841646097,1.0,30.0,2003-04-16,2003-04-16,2003,4,GRACE,April,Observed,4.69822198904086
07,2003-05-01,Wang,-8.40663865670181,1.0,30.0,2003-05-11,2003-05-11,2003,5,GRACE,May,Observed,3.8446487531683946
07,2003-06-01,Wang,,,,,,2003,6,GRACE,June,Missing,
07,2003-07-01,Wang,5.69904030767713,1.0,30.0,2003-07-16,2003-07-16,2003,7,GRACE,July,Observed,1.6853179116819375
07,2003-08-01,Wang,12.933462174732545,1.0,30.0,2003-08-16,2003-08-16,2003,8,GRACE,August,Observed,0.7917218982027592
07,2003-09-01,Wang,19.83562762573702,1.0,30.0,2003-09-16,2003-09-16,2003,9,GRACE,September,Observed,0.15763200775985534
07,2003-10-01,Wang,16.738937065049374,1.0,30.0,2003-10-16,2003-10-16,2003,10,GRACE,October,Observed,-0.6705590970354048
07,2003-11-01,Wang,6.774169803098905,1.0,30.0,2003-11-16,2003-11-16,2003,11,GRACE,November,Observed,-1.3677300166037119
07,2003-12-01,Wang,-3.003772556237155,1.0,30.0,2003-12-16,2003-12-16,2003,12,GRACE,December,Observed,-2.385155200375384
07,2004-01-01,Wang,-7.661062410126713,1.0,30.0,2004-01-07,2004-01-07,2004,1,GRACE,January,Observed,-2.371161469457929
07,2004-02-01,Wang,-14.993076322873511,1.0,30.0,2004-02-17,2004-02-17,2004,2,GRACE,February,Observed,-1.9729316447060032
07,2004-03-01,Wang,-20.17696725609914,1.0,30.0,2004-03-16,2004-03-16,2004,3,GRACE,March,Observed,-1.1233355543458037
07,2004-04-01,Wang,-22.784749956897475,1.0,30.0,2004-04-16,2004-04-16,2004,4,GRACE,April,Observed,-0.15560879592270163
07,2004-05-01,Wang,-19.598315678190204,1.0,30.0,2004-05-16,2004-05-16,2004,5,GRACE,May,Observed,-0.06443833123324261
07,2004-06-01,Wang,-2.2172304293659204,1.0,30.0,2004-06-16,2004-06-16,2004,6,GRACE,June,Observed,-0.3262260509370433
07,2004-07-01,Wang,10.477798204700237,1.0,30.0,2004-07-16,2004-07-16,2004,7,GRACE,July,Observed,-0.3236965703283227
07,2004-08-01,Wang,23.128615259054943,1.0,30.0,2004-08-16,2004-08-16,2004,8,GRACE,August,Observed,-0.9348070998094875
07,2004-09-01,Wang,31.448348726814245,1.0,30.0,2004-09-16,2004-09-16,2004,9,GRACE,September,Observed,-1.2177868153063887
07,2004-10-01,Wang,17.83298264132288,1.0,30.0,2004-10-16,2004-10-16,2004,10,GRACE,October,Observed,-1.5737236165432893
07,2004-11-01,Wang,3.6327171666532965,1.0,30.0,2004-11-16,2004-11-16,2004,11,GRACE,November,Observed,-2.0301751255667457
07,2004-12-01,Wang,-2.9734187889325074,1.0,30.0,2004-12-16,2004-12-16,2004,12,GRACE,December,Observed,-2.7379174502946633
07,2005-01-01,Wang,-14.994388763900691,1.0,30.0,2005-01-16,2005-01-16,2005,1,GRACE,January,Observed,-3.631500747015865
07,2005-02-01,Wang,-18.388832908836324,1.0,30.0,2005-02-15,2005-02-15,2005,2,GRACE,February,Observed,-4.8739087848845815
07,2005-03-01,Wang,-24.448208870941947,1.0,30.0,2005-03-16,2005-03-16,2005,3,GRACE,March,Observed,-5.627395183646459
07,2005-04-01,Wang,-28.26216806517895,1.0,30.0,2005-04-16,2005-04-16,2005,4,GRACE,April,Observed,-6.571932664312126
07,2005-05-01,Wang,-28.09122357492522,1.0,30.0,2005-05-16,2005-05-16,2005,5,GRACE,May,Observed,-6.723592144014186
07,2005-06-01,Wang,-12.94022999002034,1.0,30.0,2005-06-16,2005-06-16,2005,6,GRACE,June,Observed,-5.930147578328374
07,2005-07-01,Wang,-4.431098249724366,1.0,30.0,2005-07-16,2005-07-16,2005,7,GRACE,July,Observed,-5.384750984320882
07,2005-08-01,Wang,14.086778473912426,1.0,30.0,2005-08-16,2005-08-16,2005,8,GRACE,August,Observed,-4.565441724200625
07,2005-09-01,Wang,20.113898958826237,1.0,30.0,2005-09-16,2005-09-16,2005,9,GRACE,September,Observed,-4.077604809181005
07,2005-10-01,Wang,16.01306888489816,1.0,30.0,2005-10-16,2005-10-16,2005,10,GRACE,October,Observed,-3.4925338207923637
07,2005-11-01,Wang,13.154051954883032,1.0,30.0,2005-11-16,2005-11-16,2005,11,GRACE,November,Observed,-2.77610991282508
07,2005-12-01,Wang,3.5713403391573966,1.0,30.0,2005-12-16,2005-12-16,2005,12,GRACE,December,Observed,-1.4259440376246737
07,2006-01-01,Wang,-5.162677642457602,1.0,30.0,2006-01-16,2006-01-16,2006,1,GRACE,January,Observed,-0.5931468144574495
07,2006-02-01,Wang,-12.534789928600887,1.0,30.0,2006-02-15,2006-02-15,2006,2,GRACE,February,Observed,0.5816277501886487
07,2006-03-01,Wang,-17.427357010278246,1.0,30.0,2006-03-16,2006-03-16,2006,3,GRACE,March,Observed,1.103285404359858
07,2006-04-01,Wang,-19.665081169571543,1.0,30.0,2006-04-16,2006-04-16,2006,4,GRACE,April,Observed,1.6642283070155892
07,2006-05-01,Wang,-11.889233072520348,1.0,30.0,2006-05-16,2006-05-16,2006,5,GRACE,May,Observed,2.88272237490448
07,2006-06-01,Wang,-2.94666331201365,1.0,30.0,2006-06-16,2006-06-16,2006,6,GRACE,June,Observed,3.0602078366560868
07,2006-07-01,Wang,9.666196526028813,1.0,30.0,2006-07-16,2006-07-16,2006,7,GRACE,July,Observed,3.078120045252979
07,2006-08-01,Wang,20.346670323966936,1.0,30.0,2006-08-16,2006-08-16,2006,8,GRACE,August,Observed,2.9110206778007437
07,2006-09-01,Wang,26.845213790695013,1.0,30.0,2006-09-16,2006-09-16,2006,9,GRACE,September,Observed,2.935816460036667
07,2006-10-01,Wang,30.634997699564853,1.0,30.0,2006-10-16,2006-10-16,2006,10,GRACE,October,Observed,2.857102556869883
07,2006-11-01,Wang,15.283877495902308,1.0,30.0,2006-11-16,2006-11-16,2006,11,GRACE,November,Observed,2.849271882841407
07,2006-12-01,Wang,3.786286842320108,1.0,30.0,2006-12-16,2006-12-16,2006,12,GRACE,December,Observed,2.9657788198614896
07,2007-01-01,Wang,-7.167870051884433,1.0,30.0,2007-01-16,2007-01-16,2007,1,GRACE,January,Observed,2.910819638525368
07,2007-02-01,Wang,-12.237240541769808,1.0,30.0,2007-02-14,2007-02-14,2007,2,GRACE,February,Observed,2.522174123820932
07,2007-03-01,Wang,-18.37192384827965,1.0,30.0,2007-03-16,2007-03-16,2007,3,GRACE,March,Observed,1.9495356766166803
07,2007-04-01,Wang,-19.759049257913254,1.0,30.0,2007-04-16,2007-04-16,2007,4,GRACE,April,Observed,1.62731183058347
07,2007-05-01,Wang,-10.491149828279354,1.0,30.0,2007-05-16,2007-05-16,2007,5,GRACE,May,Observed,1.2722648676770278
07,2007-06-01,Wang,-3.6061734880471032,1.0,30.0,2007-06-16,2007-06-16,2007,6,GRACE,June,Observed,1.184839365198544
07,2007-07-01,Wang,5.0024503495755726,1.0,30.0,2007-07-16,2007-07-16,2007,7,GRACE,July,Observed,0.8272155021872173
07,2007-08-01,Wang,13.475008957515914,1.0,30.0,2007-08-16,2007-08-16,2007,8,GRACE,August,Observed,0.76830102917921
07,2007-09-01,Wang,22.978527638296487,1.0,30.0,2007-09-16,2007-09-16,2007,9,GRACE,September,Observed,0.776691669726349
07,2007-10-01,Wang,26.374434144687548,1.0,30.0,2007-10-16,2007-10-16,2007,10,GRACE,October,Observed,0.8568498248193771
07,2007-11-01,Wang,14.234771466160502,1.0,30.0,2007-11-16,2007-11-16,2007,11,GRACE,November,Observed,1.0031074215576858
07,2007-12-01,Wang,-0.5051995138158141,1.0,30.0,2007-12-16,2007-12-16,2007,12,GRACE,December,Observed,1.241359330886208
07,2008-01-01,Wang,-7.874843727980518,1.0,30.0,2008-01-16,2008-01-16,2008,1,GRACE,January,Observed,1.5101034085506155
07,2008-02-01,Wang,-12.13655285520414,1.0,30.0,2008-02-15,2008-02-15,2008,2,GRACE,February,Observed,2.153073723538215
07,2008-03-01,Wang,-17.410025987163312,1.0,30.0,2008-03-16,2008-03-16,2008,3,GRACE,March,Observed,2.8863631959506137
07,2008-04-01,Wang,-18.003958097053548,1.0,30.0,2008-04-16,2008-04-16,2008,4,GRACE,April,Observed,3.0323645403147705
07,2008-05-01,Wang,-7.632126916337088,1.0,30.0,2008-05-16,2008-05-16,2008,5,GRACE,May,Observed,2.619700127283641
07,2008-06-01,Wang,-0.3812445560742107,1.0,30.0,2008-06-16,2008-06-16,2008,6,GRACE,June,Observed,2.824623707343733
07,2008-07-01,Wang,12.718094129426765,1.0,30.0,2008-07-16,2008-07-16,2008,7,GRACE,July,Observed,3.1198151110613828
07,2008-08-01,Wang,22.274482626464696,1.0,30.0,2008-08-16,2008-08-16,2008,8,GRACE,August,Observed,3.2584871758081912
07,2008-09-01,Wang,24.730543770666372,1.0,30.0,2008-09-16,2008-09-16,2008,9,GRACE,September,Observed,3.2914638362427993
07,2008-10-01,Wang,21.422461188313992,1.0,30.0,2008-10-16,2008-10-16,2008,10,GRACE,October,Observed,3.244198443961442
07,2008-11-01,Wang,16.6938544268816,1.0,30.0,2008-11-16,2008-11-16,2008,11,GRACE,November,Observed,3.319336248250545
07,2008-12-01,Wang,3.0370973307959908,1.0,30.0,2008-12-16,2008-12-16,2008,12,GRACE,December,Observed,2.8063241000952295
07,2009-01-01,Wang,-6.210778951018814,1.0,30.0,2009-01-16,2009-01-16,2009,1,GRACE,January,Observed,2.57888903185859
07,2009-02-01,Wang,-11.740832929988855,1.0,30.0,2009-02-15,2009-02-15,2009,2,GRACE,February,Observed,2.048672700036053
07,2009-03-01,Wang,-17.977210694539593,1.0,30.0,2009-03-16,2009-03-16,2009,3,GRACE,March,Observed,1.3681625851533041
07,2009-04-01,Wang,-17.102304445584316,1.0,30.0,2009-04-16,2009-04-16,2009,4,GRACE,April,Observed,0.4960894241385085
07,2009-05-01,Wang,-13.788272694200874,1.0,30.0,2009-05-16,2009-05-16,2009,5,GRACE,May,Observed,0.011319318891979346
07,2009-06-01,Wang,-3.1104653749138786,1.0,30.0,2009-06-16,2009-06-16,2009,6,GRACE,June,Observed,-0.8203492066621236
07,2009-07-01,Wang,6.355498147556317,1.0,30.0,2009-07-16,2009-07-16,2009,7,GRACE,July,Observed,-1.3167030006716507
07,2009-08-01,Wang,14.108361247871708,1.0,30.0,2009-08-16,2009-08-16,2009,8,GRACE,August,Observed,-1.5867308956005173
07,2009-09-01,Wang,14.265665838488827,1.0,30.0,2009-09-16,2009-09-16,2009,9,GRACE,September,Observed,-1.8947077345091126
07,2009-10-01,Wang,15.605219925355643,1.0,30.0,2009-10-16,2009-10-16,2009,10,GRACE,October,Observed,-2.121601487730796
07,2009-11-01,Wang,6.713832120232366,1.0,30.0,2009-11-16,2009-11-16,2009,11,GRACE,November,Observed,-3.1987051315102746
07,2009-12-01,Wang,-2.919148197318333,1.0,30.0,2009-12-16,2009-12-16,2009,12,GRACE,December,Observed,-4.180198052967897
07,2010-01-01,Wang,-9.451113690165213,1.0,30.0,2010-01-16,2010-01-16,2010,1,GRACE,January,Observed,-5.45070900675988
07,2010-02-01,Wang,-15.436554996892,1.0,30.0,2010-02-15,2010-02-15,2010,2,GRACE,February,Observed,-6.922037768820954
07,2010-03-01,Wang,-20.699935733199794,1.0,30.0,2010-03-16,2010-03-16,2010,3,GRACE,March,Observed,-7.412111519963886
07,2010-04-01,Wang,-30.02754817093806,1.0,30.0,2010-04-16,2010-04-16,2010,4,GRACE,April,Observed,-7.410058261857821
07,2010-05-01,Wang,-25.566187751692333,1.0,30.0,2010-05-16,2010-05-16,2010,5,GRACE,May,Observed,-6.815273557193829
07,2010-06-01,Wang,-18.35659682041767,1.0,30.0,2010-06-16,2010-06-16,2010,6,GRACE,June,Observed,-6.521481041815595
07,2010-07-01,Wang,-11.300446997176593,1.0,30.0,2010-07-16,2010-07-16,2010,7,GRACE,July,Observed,-6.154261457275336
07,2010-08-01,Wang,8.227476234156544,1.0,30.0,2010-08-16,2010-08-16,2010,8,GRACE,August,Observed,-5.85454761792171
07,2010-09-01,Wang,14.290304935761606,1.0,30.0,2010-09-16,2010-09-16,2010,9,GRACE,September,Observed,-5.733754121592458
07,2010-10-01,Wang,22.74263638132355,1.0,30.0,2010-10-16,2010-10-16,2010,10,GRACE,October,Observed,-5.3915107485809495
07,2010-11-01,Wang,10.239342304771148,1.0,30.0,2010-11-16,2010-11-16,2010,11,GRACE,November,Observed,-4.260085924774123
07,2010-12-01,Wang,1.487486817164793,1.0,30.0,2010-12-14,2010-12-14,2010,12,GRACE,December,Observed,-2.2396468006747168
07,2011-01-01,Wang,,,,,,2011,1,GRACE,January,Missing,
07,2011-02-01,Wang,-14.107826537270222,1.0,30.0,2011-02-18,2011-02-18,2011,2,GRACE,February,Observed,2.5941833575006212
07,2011-03-01,Wang,-16.9352586300732,1.0,30.0,2011-03-16,2011-03-16,2011,3,GRACE,March,Observed,5.429513670899686
07,2011-04-01,Wang,-17.58187510906297,1.0,30.0,2011-04-16,2011-04-16,2011,4,GRACE,April,Observed,9.463980245048493
07,2011-05-01,Wang,-3.3413573865988666,1.0,30.0,2011-05-16,2011-05-16,2011,5,GRACE,May,Observed,10.82502505612722
07,2011-06-01,Wang,,,,,,2011,6,GRACE,June,Missing,
07,2011-07-01,Wang,20.920904564833833,1.0,30.0,2011-07-18,2011-07-18,2011,7,GRACE,July,Observed,11.203025948571854
07,2011-08-01,Wang,36.58077936814719,1.0,30.0,2011-08-16,2011-08-16,2011,8,GRACE,August,Observed,10.100076020866073
07,2011-09-01,Wang,54.63497067724966,1.0,30.0,2011-09-16,2011-09-16,2011,9,GRACE,September,Observed,10.606504436941938
07,2011-10-01,Wang,36.353084492110824,2.0,60.0,2011-10-16,2011-10-31,2011,10,GRACE,October,Observed,11.208469943409648
07,2011-11-01,Wang,,,,,,2011,11,GRACE,November,Missing,
07,2011-12-01,Wang,4.303812097810426,1.0,30.0,2011-12-28,2011-12-28,2011,12,GRACE,December,Observed,13.280759935984195
07,2012-01-01,Wang,0.17352667151402892,1.0,30.0,2012-01-16,2012-01-16,2012,1,GRACE,January,Observed,11.540849054140372
07,2012-02-01,Wang,-9.04354237651154,1.0,30.0,2012-02-15,2012-02-15,2012,2,GRACE,February,Observed,10.467410811210206
07,2012-03-01,Wang,-10.915603565396113,1.0,30.0,2012-03-16,2012-03-16,2012,3,GRACE,March,Observed,8.941210263888504
07,2012-04-01,Wang,-13.481092505900564,1.0,30.0,2012-04-04,2012-04-04,2012,4,GRACE,April,Observed,6.480323745263495
07,2012-05-01,Wang,,,,,,2012,5,GRACE,May,Missing,
07,2012-06-01,Wang,-4.1183488824540335,1.0,30.0,2012-06-16,2012-06-16,2012,6,GRACE,June,Observed,3.9040571485176074
07,2012-07-01,Wang,10.186522135532167,1.0,30.0,2012-07-16,2012-07-16,2012,7,GRACE,July,Observed,3.7480550623004354
07,2012-08-01,Wang,21.318773894930168,1.0,30.0,2012-08-16,2012-08-16,2012,8,GRACE,August,Observed,3.4018860418510783
07,2012-09-01,Wang,30.026105490999573,1.0,30.0,2012-09-13,2012-09-13,2012,9,GRACE,September,Observed,3.2968280233088274
07,2012-10-01,Wang,,,,,,2012,10,GRACE,October,Missing,
07,2012-11-01,Wang,10.590418524651955,1.0,30.0,2012-11-18,2012-11-18,2012,11,GRACE,November,Observed,4.246032749291126
07,2012-12-01,Wang,2.743791235638707,1.0,30.0,2012-12-16,2012-12-16,2012,12,GRACE,December,Observed,2.016370841797851
07,2013-01-01,Wang,-3.2881635329795458,1.0,30.0,2013-01-16,2013-01-16,2013,1,GRACE,January,Observed,1.5035832932187048
07,2013-02-01,Wang,-10.094122561934045,1.0,30.0,2013-02-14,2013-02-14,2013,2,GRACE,February,Observed,0.8142731009948843
07,2013-03-01,Wang,,,,,,2013,3,GRACE,March,Missing,
07,2013-04-01,Wang,-19.150681560764824,1.0,30.0,2013-04-21,2013-04-21,2013,4,GRACE,April,Observed,-5.400268546997612
07,2013-05-01,Wang,-18.050586325641618,1.0,30.0,2013-05-16,2013-05-16,2013,5,GRACE,May,Observed,-1.951638060853418
07,2013-06-01,Wang,-9.246224368245496,1.0,30.0,2013-06-16,2013-06-16,2013,6,GRACE,June,Observed,-1.4004620250488475
07,2013-07-01,Wang,3.2934202132939623,1.0,30.0,2013-07-16,2013-07-16,2013,7,GRACE,July,Observed,-0.8933910557673899
07,2013-08-01,Wang,,,,,,2013,8,GRACE,August,Missing,
07,2013-09-01,Wang,,,,,,2013,9,GRACE,September,Missing,
07,2013-10-01,Wang,25.637405828300135,1.0,30.0,2013-10-16,2013-10-16,2013,10,GRACE,October,Observed,-1.1797387673877746
07,2013-11-01,Wang,15.55100284689309,1.0,30.0,2013-11-16,2013-11-16,2013,11,GRACE,November,Observed,-1.077316036030697
07,2013-12-01,Wang,7.3074299591718255,1.0,30.0,2013-12-16,2013-12-16,2013,12,GRACE,December,Observed,-0.647941449041131
07,2014-01-01,Wang,0.028579966631384755,1.0,30.0,2014-01-09,2014-01-09,2014,1,GRACE,January,Observed,-0.8852442617035388
07,2014-02-01,Wang,,,,,,2014,2,GRACE,February,Missing,
07,2014-03-01,Wang,-15.987995466128439,1.0,30.0,2014-03-17,2014-03-17,2014,3,GRACE,March,Observed,0.03219723142075775
07,2014-04-01,Wang,-18.228876978551124,1.0,30.0,2014-04-16,2014-04-16,2014,4,GRACE,April,Observed,2.13854199473685
07,2014-05-01,Wang,-14.186215042735524,1.0,30.0,2014-05-16,2014-05-16,2014,5,GRACE,May,Observed,1.5237593499215047
07,2014-06-01,Wang,-11.381949682207166,1.0,30.0,2014-06-13,2014-06-13,2014,6,GRACE,June,Observed,1.0662528167965104
07,2014-07-01,Wang,,,,,,2014,7,GRACE,July,Missing,
07,2014-08-01,Wang,11.550393651412632,1.0,30.0,2014-08-16,2014-08-16,2014,8,GRACE,August,Observed,-0.17125166581075513
07,2014-09-01,Wang,21.095644864581676,1.0,30.0,2014-09-16,2014-09-16,2014,9,GRACE,September,Observed,-1.3902641526948842
07,2014-10-01,Wang,19.48957938014669,1.0,30.0,2014-10-16,2014-10-16,2014,10,GRACE,October,Observed,-1.4745099575951988
07,2014-11-01,Wang,10.975937515643146,1.0,30.0,2014-11-16,2014-11-16,2014,11,GRACE,November,Observed,-1.6717533755840364
07,2014-12-01,Wang,,,,,,2014,12,GRACE,December,Missing,
07,2015-01-01,Wang,-4.867783234458691,1.0,30.0,2015-01-22,2015-01-22,2015,1,GRACE,January,Observed,1.1063288711377908
07,2015-02-01,Wang,-12.361376534652047,1.0,30.0,2015-02-15,2015-02-15,2015,2,GRACE,February,Observed,0.9854460491663137
07,2015-03-01,Wang,-16.830453515131584,1.0,30.0,2015-03-16,2015-03-16,2015,3,GRACE,March,Observed,1.104066088479254
07,2015-04-01,Wang,-20.2013111584395,2.0,60.0,2015-04-16,2015-04-27,2015,4,GRACE,April,Observed,0.15905033345065572
07,2015-05-01,Wang,,,,,,2015,5,GRACE,May,Missing,
07,2015-06-01,Wang,,,,,,2015,6,GRACE,June,Missing,
07,2015-07-01,Wang,0.01838347339449365,1.0,30.0,2015-07-15,2015-07-15,2015,7,GRACE,July,Observed,-4.695736110978399
07,2015-08-01,Wang,12.617974005229094,1.0,30.0,2015-08-16,2015-08-16,2015,8,GRACE,August,Observed,-5.361869318381009
07,2015-09-01,Wang,12.590503069324292,1.0,30.0,2015-09-14,2015-09-14,2015,9,GRACE,September,Observed,-5.645347056765452
07,2015-10-01,Wang,,,,,,2015,10,GRACE,October,Missing,
07,2015-11-01,Wang,,,,,,2015,11,GRACE,November,Missing,
07,2015-12-01,Wang,-8.531824993093256,1.0,30.0,2015-12-23,2015-12-23,2015,12,GRACE,December,Observed,-8.22466506493171
07,2016-01-01,Wang,-10.19684889367957,1.0,30.0,2016-01-16,2016-01-16,2016,1,GRACE,January,Observed,-8.738643159352717
07,2016-02-01,Wang,-14.629198441727594,1.0,30.0,2016-02-14,2016-02-14,2016,2,GRACE,February,Observed,-8.785277880259434
07,2016-03-01,Wang,-24.22393911509984,1.0,30.0,2016-03-16,2016-03-16,2016,3,GRACE,March,Observed,-8.99017661588564
07,2016-04-01,Wang,,,,,,2016,4,GRACE,April,Missing,
07,2016-05-01,Wang,-33.442369623801305,1.0,30.0,2016-05-20,2016-05-20,2016,5,GRACE,May,Observed,-11.687761576536882
07,2016-06-01,Wang,-12.850467914720774,1.0,30.0,2016-06-16,2016-06-16,2016,6,GRACE,June,Observed,-9.151135564120402
07,2016-07-01,Wang,-0.4013290147659546,1.0,30.0,2016-07-15,2016-07-15,2016,7,GRACE,July,Observed,-8.46167062640496
07,2016-08-01,Wang,10.77388538459323,1.0,30.0,2016-08-21,2016-08-21,2016,8,GRACE,August,Observed,-8.135475501518922
07,2016-09-01,Wang,,,,,,2016,9,GRACE,September,Missing,
07,2016-10-01,Wang,,,,,,2016,10,GRACE,October,Missing,
07,2016-11-01,Wang,11.141872535211451,1.0,30.0,2016-11-27,2016-11-27,2016,11,GRACE,November,Observed,-8.192195302853719
07,2016-12-01,Wang,-2.326640553654292,1.0,30.0,2016-12-24,2016-12-24,2016,12,GRACE,December,Observed,-6.802419227626648
07,2017-01-01,Wang,-7.2610927697052245,1.0,30.0,2017-01-21,2017-01-21,2017,1,GRACE,January,Observed,-6.315956141016386
07,2017-02-01,Wang,,,,,,2017,2,GRACE,February,Missing,
07,2017-03-01,Wang,-17.8044898077833,1.0,30.0,2017-03-31,2017-03-31,2017,3,GRACE,March,Observed,
07,2017-04-01,Wang,-21.559125961057305,1.0,30.0,2017-04-24,2017-04-24,2017,4,GRACE,April,Observed,
07,2017-05-01,Wang,-20.93438494675767,1.0,30.0,2017-05-13,2017-05-13,2017,5,GRACE,May,Observed,
07,2017-06-01,Wang,-8.472300135228416,1.0,30.0,2017-06-10,2017-06-10,2017,6,GRACE,June,Observed,
07,2017-07-01,Wang,,,,,,2017,7,Mission gap,July,Missing,
07,2017-08-01,Wang,,,,,,2017,8,Mission gap,August,Missing,
07,2017-09-01,Wang,,,,,,2017,9,Mission gap,September,Missing,
07,2017-10-01,Wang,,,,,,2017,10,Mission gap,October,Missing,
07,2017-11-01,Wang,,,,,,2017,11,Mission gap,November,Missing,
07,2017-12-01,Wang,,,,,,2017,12,Mission gap,December,Missing,
07,2018-01-01,Wang,,,,,,2018,1,Mission gap,January,Missing,
07,2018-02-01,Wang,,,,,,2018,2,Mission gap,February,Missing,
07,2018-03-01,Wang,,,,,,2018,3,Mission gap,March,Missing,
07,2018-04-01,Wang,,,,,,2018,4,Mission gap,April,Missing,
07,2018-05-01,Wang,,,,,,2018,5,GRACE-FO,May,Missing,
07,2018-06-01,Wang,0.30583933898461674,1.0,30.0,2018-06-16,2018-06-16,2018,6,GRACE-FO,June,Observed,
07,2018-07-01,Wang,11.334274539214931,1.0,30.0,2018-07-10,2018-07-10,2018,7,GRACE-FO,July,Observed,
07,2018-08-01,Wang,,,,,,2018,8,GRACE-FO,August,Missing,
07,2018-09-01,Wang,,,,,,2018,9,GRACE-FO,September,Missing,
07,2018-10-01,Wang,21.164083231724792,1.0,30.0,2018-10-31,2018-10-31,2018,10,GRACE-FO,October,Observed,2.7480301368649696
07,2018-11-01,Wang,12.564382046529202,1.0,30.0,2018-11-16,2018-11-16,2018,11,GRACE-FO,November,Observed,0.153208972072745
07,2018-12-01,Wang,4.464713948451874,1.0,30.0,2018-12-16,2018-12-16,2018,12,GRACE-FO,December,Observed,-1.8924554881951514
07,2019-01-01,Wang,-3.91098713781969,1.0,30.0,2019-01-16,2019-01-16,2019,1,GRACE-FO,January,Observed,-3.5024449686410244
07,2019-02-01,Wang,-9.619304335901996,1.0,30.0,2019-02-15,2019-02-15,2019,2,GRACE-FO,February,Observed,-5.687092562322792
07,2019-03-01,Wang,-14.318760536263984,1.0,30.0,2019-03-16,2019-03-16,2019,3,GRACE-FO,March,Observed,-4.372489289257039
07,2019-04-01,Wang,-20.60536034626505,1.0,30.0,2019-04-16,2019-04-16,2019,4,GRACE-FO,April,Observed,-3.0518905311590125
07,2019-05-01,Wang,-20.30343563060622,1.0,30.0,2019-05-16,2019-05-16,2019,5,GRACE-FO,May,Observed,-5.09700697508942
07,2019-06-01,Wang,-15.794055465474111,1.0,30.0,2019-06-16,2019-06-16,2019,6,GRACE-FO,June,Observed,-6.525395950724785
07,2019-07-01,Wang,-10.512201397602748,1.0,30.0,2019-07-16,2019-07-16,2019,7,GRACE-FO,July,Observed,-8.049563008218236
07,2019-08-01,Wang,8.773543441400502,1.0,30.0,2019-08-16,2019-08-16,2019,8,GRACE-FO,August,Observed,-9.142148010336983
07,2019-09-01,Wang,11.474695807919266,1.0,30.0,2019-09-16,2019-09-16,2019,9,GRACE-FO,September,Observed,-10.757732108812448
07,2019-10-01,Wang,-3.3773140954401013,1.0,30.0,2019-10-16,2019-10-16,2019,10,GRACE-FO,October,Observed,-11.680545597382205
07,2019-11-01,Wang,-4.576285661095164,1.0,30.0,2019-11-16,2019-11-16,2019,11,GRACE-FO,November,Observed,-12.672859711345524
07,2019-12-01,Wang,-13.825290741469544,1.0,30.0,2019-12-16,2019-12-16,2019,12,GRACE-FO,December,Observed,-13.56298054488064
07,2020-01-01,Wang,-17.022007163244655,1.0,30.0,2020-01-16,2020-01-16,2020,1,GRACE-FO,January,Observed,-14.672751794317236
07,2020-02-01,Wang,-29.00631351760756,1.0,30.0,2020-02-15,2020-02-15,2020,2,GRACE-FO,February,Observed,-15.34375830101292
07,2020-03-01,Wang,-25.39252239910108,1.0,30.0,2020-03-16,2020-03-16,2020,3,GRACE-FO,March,Observed,-16.28081603614874
07,2020-04-01,Wang,-32.513129713824895,1.0,30.0,2020-04-16,2020-04-16,2020,4,GRACE-FO,April,Observed,-16.858702202857604
07,2020-05-01,Wang,-30.984885633027602,1.0,30.0,2020-05-16,2020-05-16,2020,5,GRACE-FO,May,Observed,-16.29815949024198
07,2020-06-01,Wang,-29.11131045871324,1.0,30.0,2020-06-16,2020-06-16,2020,6,GRACE-FO,June,Observed,-16.184649744790566
07,2020-07-01,Wang,-18.564279477950976,1.0,30.0,2020-07-16,2020-07-16,2020,7,GRACE-FO,July,Observed,-17.11208378714596
07,2020-08-01,Wang,-2.471149380229325,1.0,30.0,2020-08-16,2020-08-16,2020,8,GRACE-FO,August,Observed,-17.68406149740577
07,2020-09-01,Wang,4.5400618074128785,1.0,30.0,2020-09-16,2020-09-16,2020,9,GRACE-FO,September,Observed,-17.02502859553401
07,2020-10-01,Wang,3.349198455947404,1.0,30.0,2020-10-16,2020-10-16,2020,10,GRACE-FO,October,Observed,-17.17311713428533
07,2020-11-01,Wang,-3.214168715678194,1.0,30.0,2020-11-16,2020-11-16,2020,11,GRACE-FO,November,Observed,-16.49782044241518
07,2020-12-01,Wang,-24.954499249734276,1.0,30.0,2020-12-16,2020-12-16,2020,12,GRACE-FO,December,Observed,-15.945322536020043
07,2021-01-01,Wang,-23.885739686362403,1.0,30.0,2021-01-16,2021-01-16,2021,1,GRACE-FO,January,Observed,-14.65714938287285
07,2021-02-01,Wang,-21.097918695146408,1.0,30.0,2021-02-15,2021-02-15,2021,2,GRACE-FO,February,Observed,-13.856873723734521
07,2021-03-01,Wang,-27.16958486411696,1.0,30.0,2021-03-16,2021-03-16,2021,3,GRACE-FO,March,Observed,-13.65283820286839
07,2021-04-01,Wang,-24.40956941138305,1.0,30.0,2021-04-16,2021-04-16,2021,4,GRACE-FO,April,Observed,-13.497589899144566
07,2021-05-01,Wang,-24.354910756285975,1.0,30.0,2021-05-16,2021-05-16,2021,5,GRACE-FO,May,Observed,-12.784467888698158
07,2021-06-01,Wang,-13.653232620946916,1.0,30.0,2021-06-16,2021-06-16,2021,6,GRACE-FO,June,Observed,-12.185929111217815
07,2021-07-01,Wang,-8.960971568291031,1.0,30.0,2021-07-16,2021-07-16,2021,7,GRACE-FO,July,Observed,-10.73654183804004
07,2021-08-01,Wang,-0.022723129835756955,1.0,30.0,2021-08-16,2021-08-16,2021,8,GRACE-FO,August,Observed,-9.997631860327036
07,2021-09-01,Wang,6.4030414520987256,1.0,30.0,2021-09-16,2021-09-16,2021,9,GRACE-FO,September,Observed,-9.729712753352215
07,2021-10-01,Wang,11.90666258130435,1.0,30.0,2021-10-16,2021-10-16,2021,10,GRACE-FO,October,Observed,-8.847137504213887
07,2021-11-01,Wang,3.9682966140859324,1.0,30.0,2021-11-16,2021-11-16,2021,11,GRACE-FO,November,Observed,-8.343684937260761
07,2021-12-01,Wang,-7.561851971601004,1.0,30.0,2021-12-16,2021-12-16,2021,12,GRACE-FO,December,Observed,-7.329481545734048
07,2022-01-01,Wang,-15.018819953806352,1.0,30.0,2022-01-16,2022-01-16,2022,1,GRACE-FO,January,Observed,-6.72496125671418
07,2022-02-01,Wang,-17.882889411448552,1.0,30.0,2022-02-15,2022-02-15,2022,2,GRACE-FO,February,Observed,-6.073863029266689
07,2022-03-01,Wang,-16.578681874457025,1.0,30.0,2022-03-16,2022-03-16,2022,3,GRACE-FO,March,Observed,-5.109425511510694
07,2022-04-01,Wang,-18.36813860794554,1.0,30.0,2022-04-16,2022-04-16,2022,4,GRACE-FO,April,Observed,-4.161833360368227
07,2022-05-01,Wang,-12.184470057965415,1.0,30.0,2022-05-16,2022-05-16,2022,5,GRACE-FO,May,Observed,-3.465877425401686
07,2022-06-01,Wang,-6.398989152708514,1.0,30.0,2022-06-16,2022-06-16,2022,6,GRACE-FO,June,Observed,-2.9205416195240015
07,2022-07-01,Wang,-1.1477928389211243,1.0,30.0,2022-07-16,2022-07-16,2022,7,GRACE-FO,July,Observed,-2.0982430362751536
07,2022-08-01,Wang,11.550527083236169,1.0,30.0,2022-08-16,2022-08-16,2022,8,GRACE-FO,August,Observed,-1.6842322016144131
07,2022-09-01,Wang,17.774147265808324,1.0,30.0,2022-09-16,2022-09-16,2022,9,GRACE-FO,September,Observed,-1.0668563359659895
07,2022-10-01,Wang,20.258133800902847,1.0,30.0,2022-10-16,2022-10-16,2022,10,GRACE-FO,October,Observed,-1.0849471070613632
07,2022-11-01,Wang,10.51232628461815,1.0,30.0,2022-11-16,2022-11-16,2022,11,GRACE-FO,November,Observed,-1.399612537695382
07,2022-12-01,Wang,2.305731027385172,1.0,30.0,2022-12-16,2022-12-16,2022,12,GRACE-FO,December,Observed,-2.345975858858003
07,2023-01-01,Wang,-10.050689937877467,1.0,30.0,2023-01-16,2023-01-16,2023,1,GRACE-FO,January,Observed,-3.404289402704142
07,2023-02-01,Wang,-10.474379023667465,1.0,30.0,2023-02-15,2023-02-15,2023,2,GRACE-FO,February,Observed,-3.9075682862830425
07,2023-03-01,Wang,-16.795771127601512,1.0,30.0,2023-03-16,2023-03-16,2023,3,GRACE-FO,March,Observed,-4.122238003579361
07,2023-04-01,Wang,-22.144123775553766,1.0,30.0,2023-04-16,2023-04-16,2023,4,GRACE-FO,April,Observed,-4.510643094157881
07,2023-05-01,Wang,-23.540829911916866,1.0,30.0,2023-05-16,2023-05-16,2023,5,GRACE-FO,May,Observed,-4.33895598737676
07,2023-06-01,Wang,-19.098751678862175,1.0,30.0,2023-06-16,2023-06-16,2023,6,GRACE-FO,June,Observed,-3.9856011615816853
07,2023-07-01,Wang,-7.187139441867935,1.0,30.0,2023-07-16,2023-07-16,2023,7,GRACE-FO,July,Observed,-3.9603542871479243
07,2023-08-01,Wang,8.974490475680346,1.0,30.0,2023-08-16,2023-08-16,2023,8,GRACE-FO,August,Observed,-3.9343034384420874
07,2023-09-01,Wang,13.113286178866097,1.0,30.0,2023-09-16,2023-09-16,2023,9,GRACE-FO,September,Observed,-4.160035962008864
07,2023-10-01,Wang,22.318379082276273,1.0,30.0,2023-10-16,2023-10-16,2023,10,GRACE-FO,October,Observed,-4.199759177726144
07,2023-11-01,Wang,14.75258419415906,1.0,30.0,2023-11-16,2023-11-16,2023,11,GRACE-FO,November,Observed,-4.736521162434564
07,2023-12-01,Wang,2.6086935205902972,1.0,30.0,2023-12-16,2023-12-16,2023,12,GRACE-FO,December,Observed,-5.120307282849528
07,2024-01-01,Wang,-9.738079753407419,1.0,30.0,2024-01-16,2024-01-16,2024,1,GRACE-FO,January,Observed,-4.328578430471126
07,2024-02-01,Wang,-13.183169306468786,1.0,30.0,2024-02-15,2024-02-15,2024,2,GRACE-FO,February,Observed,-4.210728009913127
07,2024-03-01,Wang,-17.272449716208875,1.0,30.0,2024-03-16,2024-03-16,2024,3,GRACE-FO,March,Observed,-3.505883142123114
07,2024-04-01,Wang,-28.585267592054805,1.0,30.0,2024-04-16,2024-04-16,2024,4,GRACE-FO,April,Observed,-2.1443778703142082
07,2024-05-01,Wang,-28.146263356896434,1.0,30.0,2024-05-16,2024-05-16,2024,5,GRACE-FO,May,Observed,-1.3585453861200694
07,2024-06-01,Wang,-9.598005450321338,1.0,30.0,2024-06-16,2024-06-16,2024,6,GRACE-FO,June,Observed,-2.8231935297818085
07,2024-07-01,Wang,-5.772934395171957,1.0,30.0,2024-07-16,2024-07-16,2024,7,GRACE-FO,July,Observed,-3.3663822348190195
07,2024-08-01,Wang,17.4326288891605,1.0,30.0,2024-08-16,2024-08-16,2024,8,GRACE-FO,August,Observed,-2.6584158438647525
07,2024-09-01,Wang,29.451349440572965,1.0,30.0,2024-09-16,2024-09-16,2024,9,GRACE-FO,September,Observed,-1.3428216610392483
07,2024-10-01,Wang,31.74836889260594,1.0,30.0,2024-10-16,2024-10-16,2024,10,GRACE-FO,October,Observed,
08,2002-04-01,Yom,-17.176341471416258,1.0,58.0,2002-04-18,2002-04-18,2002,4,GRACE,April,Observed,
08,2002-05-01,Yom,-14.508098238846392,1.0,58.0,2002-05-10,2002-05-10,2002,5,GRACE,May,Observed,
08,2002-06-01,Yom,,,,,,2002,6,GRACE,June,Missing,
08,2002-07-01,Yom,,,,,,2002,7,GRACE,July,Missing,
08,2002-08-01,Yom,21.307196712614914,1.0,58.0,2002-08-16,2002-08-16,2002,8,GRACE,August,Observed,9.966838926772015
08,2002-09-01,Yom,28.71945160007431,1.0,58.0,2002-09-16,2002-09-16,2002,9,GRACE,September,Observed,8.244821264230271
08,2002-10-01,Yom,27.562598573518077,1.0,58.0,2002-10-16,2002-10-16,2002,10,GRACE,October,Observed,6.585479260839724
08,2002-11-01,Yom,21.234280625613557,1.0,58.0,2002-11-16,2002-11-16,2002,11,GRACE,November,Observed,7.039675083965169
08,2002-12-01,Yom,9.699198345483673,1.0,58.0,2002-12-16,2002-12-16,2002,12,GRACE,December,Observed,7.973354457552597
08,2003-01-01,Yom,2.89642526713424,1.0,58.0,2003-01-16,2003-01-16,2003,1,GRACE,January,Observed,7.973354457552597
08,2003-02-01,Yom,-5.531320036103686,1.0,58.0,2003-02-15,2003-02-15,2003,2,GRACE,February,Observed,7.918221554913467
08,2003-03-01,Yom,-8.348598769675194,1.0,58.0,2003-03-16,2003-03-16,2003,3,GRACE,March,Observed,7.234229869325305
08,2003-04-01,Yom,-12.634383240161817,1.0,58.0,2003-04-16,2003-04-16,2003,4,GRACE,April,Observed,6.64756389498273
08,2003-05-01,Yom,-5.17130450297211,1.0,58.0,2003-05-11,2003-05-11,2003,5,GRACE,May,Observed,5.838388606078045
08,2003-06-01,Yom,,,,,,2003,6,GRACE,June,Missing,
08,2003-07-01,Yom,7.366892528522167,1.0,58.0,2003-07-16,2003-07-16,2003,7,GRACE,July,Observed,3.7597789894346985
08,2003-08-01,Yom,13.783288171145156,1.0,58.0,2003-08-16,2003-08-16,2003,8,GRACE,August,Observed,2.885827545084346
08,2003-09-01,Yom,22.266125882305968,1.0,58.0,2003-09-16,2003-09-16,2003,9,GRACE,September,Observed,2.206649697115085
08,2003-10-01,Yom,18.66167039556655,1.0,58.0,2003-10-16,2003-10-16,2003,10,GRACE,October,Observed,1.3037471343038087
08,2003-11-01,Yom,8.709167133082708,1.0,58.0,2003-11-16,2003-11-16,2003,11,GRACE,November,Observed,0.640299985511893
08,2003-12-01,Yom,-0.6403939450622929,1.0,58.0,2003-12-16,2003-12-16,2003,12,GRACE,December,Observed,-0.3293083404698074
08,2004-01-01,Yom,-6.717040620719641,1.0,58.0,2004-01-07,2004-01-07,2004,1,GRACE,January,Observed,-0.2641080674532474
08,2004-02-01,Yom,-13.002276363765555,1.0,58.0,2004-02-17,2004-02-17,2004,2,GRACE,February,Observed,0.20924313248414275
08,2004-03-01,Yom,-18.280526960599232,1.0,58.0,2004-03-16,2004-03-16,2004,3,GRACE,March,Observed,1.0922606583007313
08,2004-04-01,Yom,-19.93230187687289,1.0,58.0,2004-04-16,2004-04-16,2004,4,GRACE,April,Observed,1.8047469300695322
08,2004-05-01,Yom,-15.836996088770814,1.0,58.0,2004-05-16,2004-05-16,2004,5,GRACE,May,Observed,1.7022828851227843
08,2004-06-01,Yom,0.45309493572891285,1.0,58.0,2004-06-16,2004-06-16,2004,6,GRACE,June,Observed,1.3673180535927292
08,2004-07-01,Yom,13.047106927770848,1.0,58.0,2004-07-16,2004-07-16,2004,7,GRACE,July,Observed,1.2124862242819436
08,2004-08-01,Yom,24.379498480944218,1.0,58.0,2004-08-16,2004-08-16,2004,8,GRACE,August,Observed,0.4666299513170003
08,2004-09-01,Yom,30.815961143531577,1.0,58.0,2004-09-16,2004-09-16,2004,9,GRACE,September,Observed,0.012788155082400424
08,2004-10-01,Yom,17.432101856205577,1.0,58.0,2004-10-16,2004-10-16,2004,10,GRACE,October,Observed,-0.4588838871705881
08,2004-11-01,Yom,4.6895891547220465,1.0,58.0,2004-11-16,2004-11-16,2004,11,GRACE,November,Observed,-1.0647793620838597
08,2004-12-01,Yom,-2.498375896791719,1.0,58.0,2004-12-16,2004-12-16,2004,12,GRACE,December,Observed,-1.9261415148858718
08,2005-01-01,Yom,-15.66731589629896,1.0,58.0,2005-01-16,2005-01-16,2005,1,GRACE,January,Observed,-2.993260476501849
08,2005-02-01,Yom,-18.44837791858075,1.0,58.0,2005-02-15,2005-02-15,2005,2,GRACE,February,Observed,-4.58095324962064
08,2005-03-01,Yom,-23.940591467635095,1.0,58.0,2005-03-16,2005-03-16,2005,3,GRACE,March,Observed,-5.549022313283376
08,2005-04-01,Yom,-27.20304757583215,1.0,58.0,2005-04-16,2005-04-16,2005,4,GRACE,April,Observed,-6.5417725197957965
08,2005-05-01,Yom,-26.173341922394957,1.0,58.0,2005-05-16,2005-05-16,2005,5,GRACE,May,Observed,-6.681222406682764
08,2005-06-01,Yom,-12.352332603662814,1.0,58.0,2005-06-16,2005-06-16,2005,6,GRACE,June,Observed,-5.99770321534186
08,2005-07-01,Yom,-6.005206349654642,1.0,58.0,2005-07-16,2005-07-16,2005,7,GRACE,July,Observed,-5.516195695696731
08,2005-08-01,Yom,12.762669716991386,1.0,58.0,2005-08-16,2005-08-16,2005,8,GRACE,August,Observed,-4.6248249184263654
08,2005-09-01,Yom,18.902958665382528,1.0,58.0,2005-09-16,2005-09-16,2005,9,GRACE,September,Observed,-4.126093436424925
08,2005-10-01,Yom,15.758703213561972,1.0,58.0,2005-10-16,2005-10-16,2005,10,GRACE,October,Observed,-3.548705469650533
08,2005-11-01,Yom,12.891819450812887,1.0,58.0,2005-11-16,2005-11-16,2005,11,GRACE,November,Observed,-2.8477623073205423
08,2005-12-01,Yom,3.2797143389498262,1.0,58.0,2005-12-16,2005-12-16,2005,12,GRACE,December,Observed,-1.6170266306449068
08,2006-01-01,Yom,-4.970866569054559,1.0,58.0,2006-01-16,2006-01-16,2006,1,GRACE,January,Observed,-0.7381373417632355
08,2006-02-01,Yom,-12.463600134563475,1.0,58.0,2006-02-15,2006-02-15,2006,2,GRACE,February,Observed,0.5422960436503548
08,2006-03-01,Yom,-17.01193586634239,1.0,58.0,2006-03-16,2006-03-16,2006,3,GRACE,March,Observed,1.168110676292117
08,2006-04-01,Yom,-18.791729627872265,1.0,58.0,2006-04-16,2006-04-16,2006,4,GRACE,April,Observed,1.786177677693874
08,2006-05-01,Yom,-11.404513802287326,1.0,58.0,2006-05-16,2006-05-16,2006,5,GRACE,May,Observed,2.8562787837670665
08,2006-06-01,Yom,-1.8056611370827595,1.0,58.0,2006-06-16,2006-06-16,2006,6,GRACE,June,Observed,3.0071365787878648
08,2006-07-01,Yom,9.359994275308441,1.0,58.0,2006-07-16,2006-07-16,2006,7,GRACE,July,Observed,3.053666813946066
08,2006-08-01,Yom,20.272445308692532,1.0,58.0,2006-08-16,2006-08-16,2006,8,GRACE,August,Observed,2.8863917566497848
08,2006-09-01,Yom,26.319762682203613,1.0,58.0,2006-09-16,2006-09-16,2006,9,GRACE,September,Observed,2.893028250960525
08,2006-10-01,Yom,28.59991648644028,1.0,58.0,2006-10-16,2006-10-16,2006,10,GRACE,October,Observed,2.795069368644097
08,2006-11-01,Yom,14.70211299106247,1.0,58.0,2006-11-16,2006-11-16,2006,11,GRACE,November,Observed,2.767799621417398
08,2006-12-01,Yom,3.838077160848237,1.0,58.0,2006-12-16,2006-12-16,2006,12,GRACE,December,Observed,2.7809897210755636
08,2007-01-01,Yom,-6.9781672566099315,1.0,58.0,2007-01-16,2007-01-16,2007,1,GRACE,January,Observed,2.6897100218902668
08,2007-02-01,Yom,-12.383962202834596,1.0,58.0,2007-02-14,2007-02-14,2007,2,GRACE,February,Observed,2.2519959387139883
08,2007-03-01,Yom,-18.18744245413952,1.0,58.0,2007-03-16,2007-03-16,2007,3,GRACE,March,Observed,1.4553191037903275
08,2007-04-01,Yom,-19.11896659459265,1.0,58.0,2007-04-16,2007-04-16,2007,4,GRACE,April,Observed,0.9562575958742601
08,2007-05-01,Yom,-11.246232606389343,1.0,58.0,2007-05-16,2007-05-16,2007,5,GRACE,May,Observed,0.5794188931310499
08,2007-06-01,Yom,-2.90101752730633,1.0,58.0,2007-06-16,2007-06-16,2007,6,GRACE,June,Observed,0.45057486403884567
08,2007-07-01,Yom,4.107425277193107,1.0,58.0,2007-07-16,2007-07-16,2007,7,GRACE,July,Observed,0.05917858180399458
08,2007-08-01,Yom,10.7123232896086,1.0,58.0,2007-08-16,2007-08-16,2007,8,GRACE,August,Observed,-0.04568810721769564
08,2007-09-01,Yom,20.331024587210806,1.0,58.0,2007-09-16,2007-09-16,2007,9,GRACE,September,Observed,-0.07029498836436747
08,2007-10-01,Yom,24.077852053521756,1.0,58.0,2007-10-16,2007-10-16,2007,10,GRACE,October,Observed,-0.02757618162792171
08,2007-11-01,Yom,13.155984641956021,1.0,58.0,2007-11-16,2007-11-16,2007,11,GRACE,November,Observed,0.07517740000663557
08,2007-12-01,Yom,-0.8586782259699761,1.0,58.0,2007-12-16,2007-12-16,2007,12,GRACE,December,Observed,0.3613433554372227
08,2008-01-01,Yom,-8.236567524870214,1.0,58.0,2008-01-16,2008-01-16,2008,1,GRACE,January,Observed,0.6967165834172295
08,2008-02-01,Yom,-12.679244776594658,1.0,58.0,2008-02-15,2008-02-15,2008,2,GRACE,February,Observed,1.411060701664325
08,2008-03-01,Yom,-17.674816773302172,1.0,58.0,2008-03-16,2008-03-16,2008,3,GRACE,March,Observed,2.1796083658689063
08,2008-04-01,Yom,-17.885923614977962,1.0,58.0,2008-04-16,2008-04-16,2008,4,GRACE,April,Observed,2.3245115751702152
08,2008-05-01,Yom,-7.812241141222298,1.0,58.0,2008-05-16,2008-05-16,2008,5,GRACE,May,Observed,2.0114730979404123
08,2008-06-01,Yom,1.1234612084537534,1.0,58.0,2008-06-16,2008-06-16,2008,6,GRACE,June,Observed,2.2440993572971135
08,2008-07-01,Yom,12.679554696158254,1.0,58.0,2008-07-16,2008-07-16,2008,7,GRACE,July,Observed,2.559801128925204
08,2008-08-01,Yom,19.93489526006357,1.0,58.0,2008-08-16,2008-08-16,2008,8,GRACE,August,Observed,2.749963129875559
08,2008-09-01,Yom,22.069863098826517,1.0,58.0,2008-09-16,2008-09-16,2008,9,GRACE,September,Observed,2.805773766334724
08,2008-10-01,Yom,20.321390326764117,1.0,58.0,2008-10-16,2008-10-16,2008,10,GRACE,October,Observed,2.784192092183831
08,2008-11-01,Yom,15.947499754236441,1.0,58.0,2008-11-16,2008-11-16,2008,11,GRACE,November,Observed,2.8867137836155834
08,2008-12-01,Yom,2.929743033567107,1.0,58.0,2008-12-16,2008-12-16,2008,12,GRACE,December,Observed,2.408441949664803
08,2009-01-01,Yom,-5.95462351346595,1.0,58.0,2009-01-16,2009-01-16,2009,1,GRACE,January,Observed,2.128530420456053
08,2009-02-01,Yom,-12.009517139084684,1.0,58.0,2009-02-15,2009-02-15,2009,2,GRACE,February,Observed,1.5955872823233062
08,2009-03-01,Yom,-17.93379686311289,1.0,58.0,2009-03-16,2009-03-16,2009,3,GRACE,March,Observed,0.9401393418680378
08,2009-04-01,Yom,-16.655663317796932,1.0,58.0,2009-04-16,2009-04-16,2009,4,GRACE,April,Observed,0.1767962057081601
08,2009-05-01,Yom,-13.551503148631669,1.0,58.0,2009-05-16,2009-05-16,2009,5,GRACE,May,Observed,-0.17610579201102006
08,2009-06-01,Yom,-2.2354771420512347,1.0,58.0,2009-06-16,2009-06-16,2009,6,GRACE,June,Observed,-0.916915569343053
08,2009-07-01,Yom,6.2842370385652835,1.0,58.0,2009-07-16,2009-07-16,2009,7,GRACE,July,Observed,-1.368936936385695
08,2009-08-01,Yom,12.069519974600352,1.0,58.0,2009-08-16,2009-08-16,2009,8,GRACE,August,Observed,-1.613121811714205
08,2009-09-01,Yom,12.909745464907983,1.0,58.0,2009-09-16,2009-09-16,2009,9,GRACE,September,Observed,-1.8512581966699198
08,2009-10-01,Yom,16.086566354133957,1.0,58.0,2009-10-16,2009-10-16,2009,10,GRACE,October,Observed,-2.0412953183658367
08,2009-11-01,Yom,7.057782426252045,1.0,58.0,2009-11-16,2009-11-16,2009,11,GRACE,November,Observed,-2.959758006289846
08,2009-12-01,Yom,-2.4945133709445964,1.0,58.0,2009-12-16,2009-12-16,2009,12,GRACE,December,Observed,-3.8252746574422978
08,2010-01-01,Yom,-8.88484201740807,1.0,58.0,2010-01-16,2010-01-16,2010,1,GRACE,January,Observed,-5.20653764804862
08,2010-02-01,Yom,-14.867153758553258,1.0,58.0,2010-02-15,2010-02-15,2010,2,GRACE,February,Observed,-6.717404081451076
08,2010-03-01,Yom,-20.214242323463896,1.0,58.0,2010-03-16,2010-03-16,2010,3,GRACE,March,Observed,-7.130788078693971
08,2010-04-01,Yom,-27.67721557288504,1.0,58.0,2010-04-16,2010-04-16,2010,4,GRACE,April,Observed,-7.0214160531392045
08,2010-05-01,Yom,-23.93770296246109,1.0,58.0,2010-05-16,2010-05-16,2010,5,GRACE,May,Observed,-6.524847797953146
08,2010-06-01,Yom,-18.810633029327107,1.0,58.0,2010-06-16,2010-06-16,2010,6,GRACE,June,Observed,-6.281220561632844
08,2010-07-01,Yom,-11.846160162264207,1.0,58.0,2010-07-16,2010-07-16,2010,7,GRACE,July,Observed,-5.989529821128226
08,2010-08-01,Yom,7.108912007685618,1.0,58.0,2010-08-16,2010-08-16,2010,8,GRACE,August,Observed,-5.726319621466422
08,2010-09-01,Yom,14.222209771565199,1.0,58.0,2010-09-16,2010-09-16,2010,9,GRACE,September,Observed,-5.650101027647728
08,2010-10-01,Yom,22.04538541636666,1.0,58.0,2010-10-16,2010-10-16,2010,10,GRACE,October,Observed,-5.358278577031555
08,2010-11-01,Yom,9.981309262095655,1.0,58.0,2010-11-16,2010-11-16,2010,11,GRACE,November,Observed,-4.426074561178683
08,2010-12-01,Yom,1.0057755151108345,1.0,58.0,2010-12-14,2010-12-14,2010,12,GRACE,December,Observed,-2.7150198505034724
08,2011-01-01,Yom,,,,,,2011,1,GRACE,January,Missing,
08,2011-02-01,Yom,-14.02874922654763,1.0,58.0,2011-02-18,2011-02-18,2011,2,GRACE,February,Observed,2.0126921641247515
08,2011-03-01,Yom,-17.004195366686,1.0,58.0,2011-03-16,2011-03-16,2011,3,GRACE,March,Observed,4.8024448293261015
08,2011-04-01,Yom,-17.42297139850344,1.0,58.0,2011-04-16,2011-04-16,2011,4,GRACE,April,Observed,8.44005752829203
08,2011-05-01,Yom,-5.116101145033775,1.0,58.0,2011-05-16,2011-05-16,2011,5,GRACE,May,Observed,9.615213273725942
08,2011-06-01,Yom,,,,,,2011,6,GRACE,June,Missing,
08,2011-07-01,Yom,19.335346805194398,1.0,58.0,2011-07-18,2011-07-18,2011,7,GRACE,July,Observed,9.892987794896433
08,2011-08-01,Yom,35.00643865969912,1.0,58.0,2011-08-16,2011-08-16,2011,8,GRACE,August,Observed,8.966694343356496
08,2011-09-01,Yom,50.59833676122449,1.0,58.0,2011-09-16,2011-09-16,2011,9,GRACE,September,Observed,9.491969241944515
08,2011-10-01,Yom,33.796942870705784,2.0,116.0,2011-10-16,2011-10-31,2011,10,GRACE,October,Observed,10.041990515834183
08,2011-11-01,Yom,,,,,,2011,11,GRACE,November,Missing,
08,2011-12-01,Yom,3.8718421940149566,1.0,58.0,2011-12-28,2011-12-28,2011,12,GRACE,December,Observed,12.134241966532043
08,2012-01-01,Yom,0.630053279497061,1.0,58.0,2012-01-16,2012-01-16,2012,1,GRACE,January,Observed,10.611451019665095
08,2012-02-01,Yom,-8.77600024066743,1.0,58.0,2012-02-15,2012-02-15,2012,2,GRACE,February,Observed,9.697393856391955
08,2012-03-01,Yom,-11.503982627789343,1.0,58.0,2012-03-16,2012-03-16,2012,3,GRACE,March,Observed,8.152151856492221
08,2012-04-01,Yom,-13.750800003090651,1.0,58.0,2012-04-04,2012-04-04,2012,4,GRACE,April,Observed,5.703971317316066
08,2012-05-01,Yom,,,,,,2012,5,GRACE,May,Missing,
08,2012-06-01,Yom,-3.0936675021374342,1.0,58.0,2012-06-16,2012-06-16,2012,6,GRACE,June,Observed,3.3585487058277486
08,2012-07-01,Yom,10.194775172462993,1.0,58.0,2012-07-16,2012-07-16,2012,7,GRACE,July,Observed,3.2458473400815726
08,2012-08-01,Yom,19.5540186607018,1.0,58.0,2012-08-16,2012-08-16,2012,8,GRACE,August,Observed,2.821723528324323
08,2012-09-01,Yom,26.116531369462926,1.0,58.0,2012-09-13,2012-09-13,2012,9,GRACE,September,Observed,2.643027645372242
08,2012-10-01,Yom,,,,,,2012,10,GRACE,October,Missing,
08,2012-11-01,Yom,10.342716755822616,1.0,58.0,2012-11-18,2012-11-18,2012,11,GRACE,November,Observed,3.6666675290067996
08,2012-12-01,Yom,2.7448285365531957,1.0,58.0,2012-12-16,2012-12-16,2012,12,GRACE,December,Observed,1.5180453847618973
08,2013-01-01,Yom,-3.6111848380754363,1.0,58.0,2013-01-16,2013-01-16,2013,1,GRACE,January,Observed,0.9128250354950769
08,2013-02-01,Yom,-10.562959070188242,1.0,58.0,2013-02-14,2013-02-14,2013,2,GRACE,February,Observed,0.1673982984534556
08,2013-03-01,Yom,,,,,,2013,3,GRACE,March,Missing,
08,2013-04-01,Yom,-18.685051323541213,1.0,58.0,2013-04-21,2013-04-21,2013,4,GRACE,April,Observed,-5.4995708807037715
08,2013-05-01,Yom,-17.819553913442228,1.0,58.0,2013-05-16,2013-05-16,2013,5,GRACE,May,Observed,-2.269143210288214
08,2013-06-01,Yom,-9.145870994805637,1.0,58.0,2013-06-16,2013-06-16,2013,6,GRACE,June,Observed,-1.824667562885134
08,2013-07-01,Yom,2.7405078020467806,1.0,58.0,2013-07-16,2013-07-16,2013,7,GRACE,July,Observed,-1.3327030732117682
08,2013-08-01,Yom,,,,,,2013,8,GRACE,August,Missing,
08,2013-09-01,Yom,,,,,,2013,9,GRACE,September,Missing,
08,2013-10-01,Yom,23.574278153036246,1.0,58.0,2013-10-16,2013-10-16,2013,10,GRACE,October,Observed,-1.6189189966401034
08,2013-11-01,Yom,14.342997582450334,1.0,58.0,2013-11-16,2013-11-16,2013,11,GRACE,November,Observed,-1.746453728625222
08,2013-12-01,Yom,7.172508943613487,1.0,58.0,2013-12-16,2013-12-16,2013,12,GRACE,December,Observed,-1.349567774024955
08,2014-01-01,Yom,-0.7240754019869868,1.0,58.0,2014-01-09,2014-01-09,2014,1,GRACE,January,Observed,-1.5934835460052967
08,2014-02-01,Yom,,,,,,2014,2,GRACE,February,Missing,
08,2014-03-01,Yom,-16.026011817131707,1.0,58.0,2014-03-17,2014-03-17,2014,3,GRACE,March,Observed,-0.9372906774498626
08,2014-04-01,Yom,-19.83286391140728,1.0,58.0,2014-04-16,2014-04-16,2014,4,GRACE,April,Observed,1.0387521375470408
08,2014-05-01,Yom,-14.247580322039825,1.0,58.0,2014-05-16,2014-05-16,2014,5,GRACE,May,Observed,0.47962977611760194
08,2014-06-01,Yom,-11.341112942628714,1.0,58.0,2014-06-13,2014-06-13,2014,6,GRACE,June,Observed,0.007981641887928248
08,2014-07-01,Yom,,,,,,2014,7,GRACE,July,Missing,
08,2014-08-01,Yom,8.64624361904569,1.0,58.0,2014-08-16,2014-08-16,2014,8,GRACE,August,Observed,-1.2971717521404678
08,2014-09-01,Yom,18.82313747251917,1.0,58.0,2014-09-16,2014-09-16,2014,9,GRACE,September,Observed,-2.3771841879129667
08,2014-10-01,Yom,17.983054538741857,1.0,58.0,2014-10-16,2014-10-16,2014,10,GRACE,October,Observed,-2.492283655243938
08,2014-11-01,Yom,9.626516240153597,1.0,58.0,2014-11-16,2014-11-16,2014,11,GRACE,November,Observed,-2.6014868029990854
08,2014-12-01,Yom,,,,,,2014,12,GRACE,December,Missing,
08,2015-01-01,Yom,-5.3059286465169935,1.0,58.0,2015-01-22,2015-01-22,2015,1,GRACE,January,Observed,-0.05327184566528942
08,2015-02-01,Yom,-12.097296109865455,1.0,58.0,2015-02-15,2015-02-15,2015,2,GRACE,February,Observed,-0.28949337131984226
08,2015-03-01,Yom,-17.177006490441418,1.0,58.0,2015-03-16,2015-03-16,2015,3,GRACE,March,Observed,-0.14853484729240918
08,2015-04-01,Yom,-20.924895388958756,2.0,116.0,2015-04-16,2015-04-27,2015,4,GRACE,April,Observed,-1.3266361467186856
08,2015-05-01,Yom,,,,,,2015,5,GRACE,May,Missing,
08,2015-06-01,Yom,,,,,,2015,6,GRACE,June,Missing,
08,2015-07-01,Yom,-2.179265576556265,1.0,58.0,2015-07-15,2015-07-15,2015,7,GRACE,July,Observed,-5.959015666785005
08,2015-08-01,Yom,9.914870335292587,1.0,58.0,2015-08-16,2015-08-16,2015,8,GRACE,August,Observed,-6.73171775117624
08,2015-09-01,Yom,8.220225777682685,1.0,58.0,2015-09-14,2015-09-14,2015,9,GRACE,September,Observed,-7.223581094659616
08,2015-10-01,Yom,,,,,,2015,10,GRACE,October,Missing,
08,2015-11-01,Yom,,,,,,2015,11,GRACE,November,Missing,
08,2015-12-01,Yom,-8.122829234916413,1.0,58.0,2015-12-23,2015-12-23,2015,12,GRACE,December,Observed,-9.659781581073938
08,2016-01-01,Yom,-11.487545321646875,1.0,58.0,2016-01-16,2016-01-16,2016,1,GRACE,January,Observed,-10.246594282047532
08,2016-02-01,Yom,-16.032202857732468,1.0,58.0,2016-02-14,2016-02-14,2016,2,GRACE,February,Observed,-10.472554810731282
08,2016-03-01,Yom,-25.515066056650074,1.0,58.0,2016-03-16,2016-03-16,2016,3,GRACE,March,Observed,-10.694806159158322
08,2016-04-01,Yom,,,,,,2016,4,GRACE,April,Missing,
08,2016-05-01,Yom,-32.076439714064676,1.0,58.0,2016-05-20,2016-05-20,2016,5,GRACE,May,Observed,-13.059185151263447
08,2016-06-01,Yom,-14.94109588983629,1.0,58.0,2016-06-16,2016-06-16,2016,6,GRACE,June,Observed,-10.393826420099298
08,2016-07-01,Yom,-4.212910334709996,1.0,58.0,2016-07-15,2016-07-15,2016,7,GRACE,July,Observed,-9.7791921866111
08,2016-08-01,Yom,7.914608199449228,1.0,58.0,2016-08-21,2016-08-21,2016,8,GRACE,August,Observed,-9.294074587366866
08,2016-09-01,Yom,,,,,,2016,9,GRACE,September,Missing,
08,2016-10-01,Yom,,,,,,2016,10,GRACE,October,Missing,
08,2016-11-01,Yom,10.92904342921389,1.0,58.0,2016-11-27,2016-11-27,2016,11,GRACE,November,Observed,-9.05577232720136
08,2016-12-01,Yom,-2.591121133522618,1.0,58.0,2016-12-24,2016-12-24,2016,12,GRACE,December,Observed,-7.848806856489426
08,2017-01-01,Yom,-7.121486928448779,1.0,58.0,2017-01-21,2017-01-21,2017,1,GRACE,January,Observed,-6.991022886214356
08,2017-02-01,Yom,,,,,,2017,2,GRACE,February,Missing,
08,2017-03-01,Yom,-17.58337520432413,1.0,58.0,2017-03-31,2017-03-31,2017,3,GRACE,March,Observed,
08,2017-04-01,Yom,-21.81917336856887,1.0,58.0,2017-04-24,2017-04-24,2017,4,GRACE,April,Observed,
08,2017-05-01,Yom,-21.213750477657243,1.0,58.0,2017-05-13,2017-05-13,2017,5,GRACE,May,Observed,
08,2017-06-01,Yom,-7.221040157360665,1.0,58.0,2017-06-10,2017-06-10,2017,6,GRACE,June,Observed,
08,2017-07-01,Yom,,,,,,2017,7,Mission gap,July,Missing,
08,2017-08-01,Yom,,,,,,2017,8,Mission gap,August,Missing,
08,2017-09-01,Yom,,,,,,2017,9,Mission gap,September,Missing,
08,2017-10-01,Yom,,,,,,2017,10,Mission gap,October,Missing,
08,2017-11-01,Yom,,,,,,2017,11,Mission gap,November,Missing,
08,2017-12-01,Yom,,,,,,2017,12,Mission gap,December,Missing,
08,2018-01-01,Yom,,,,,,2018,1,Mission gap,January,Missing,
08,2018-02-01,Yom,,,,,,2018,2,Mission gap,February,Missing,
08,2018-03-01,Yom,,,,,,2018,3,Mission gap,March,Missing,
08,2018-04-01,Yom,,,,,,2018,4,Mission gap,April,Missing,
08,2018-05-01,Yom,,,,,,2018,5,GRACE-FO,May,Missing,
08,2018-06-01,Yom,1.3602984462809298,1.0,58.0,2018-06-16,2018-06-16,2018,6,GRACE-FO,June,Observed,
08,2018-07-01,Yom,10.883032837648216,1.0,58.0,2018-07-10,2018-07-10,2018,7,GRACE-FO,July,Observed,
08,2018-08-01,Yom,,,,,,2018,8,GRACE-FO,August,Missing,
08,2018-09-01,Yom,,,,,,2018,9,GRACE-FO,September,Missing,
08,2018-10-01,Yom,18.785720390698245,1.0,58.0,2018-10-31,2018-10-31,2018,10,GRACE-FO,October,Observed,1.8438566302992012
08,2018-11-01,Yom,11.494980803537013,1.0,58.0,2018-11-16,2018-11-16,2018,11,GRACE-FO,November,Observed,-0.8323810009041844
08,2018-12-01,Yom,3.123214746598187,1.0,58.0,2018-12-16,2018-12-16,2018,12,GRACE-FO,December,Observed,-2.7669304796713567
08,2019-01-01,Yom,-5.028660436011884,1.0,58.0,2019-01-16,2019-01-16,2019,1,GRACE-FO,January,Observed,-4.526024336167053
08,2019-02-01,Yom,-10.632290895815588,1.0,58.0,2019-02-15,2019-02-15,2019,2,GRACE-FO,February,Observed,-6.901208770091131
08,2019-03-01,Yom,-15.235442850541494,1.0,58.0,2019-03-16,2019-03-16,2019,3,GRACE-FO,March,Observed,-5.705950687710732
08,2019-04-01,Yom,-22.24228205053127,1.0,58.0,2019-04-16,2019-04-16,2019,4,GRACE-FO,April,Observed,-4.363353882129003
08,2019-05-01,Yom,-20.17787578857591,1.0,58.0,2019-05-16,2019-05-16,2019,5,GRACE-FO,May,Observed,-6.079241743524626
08,2019-06-01,Yom,-16.230640118676032,1.0,58.0,2019-06-16,2019-06-16,2019,6,GRACE-FO,June,Observed,-7.429569433740653
08,2019-07-01,Yom,-12.868811501592564,1.0,58.0,2019-07-16,2019-07-16,2019,7,GRACE-FO,July,Observed,-9.009744108010421
08,2019-08-01,Yom,6.246630136093253,1.0,58.0,2019-08-16,2019-08-16,2019,8,GRACE-FO,August,Observed,-10.167892205337509
08,2019-09-01,Yom,10.405210979270022,1.0,58.0,2019-09-16,2019-09-16,2019,9,GRACE-FO,September,Observed,-11.613630330626867
08,2019-10-01,Yom,-1.8049339460492368,1.0,58.0,2019-10-16,2019-10-16,2019,10,GRACE-FO,October,Observed,-12.417434934257763
08,2019-11-01,Yom,-4.7089514790553055,1.0,58.0,2019-11-16,2019-11-16,2019,11,GRACE-FO,November,Observed,-12.990736833317422
08,2019-12-01,Yom,-15.838881344639027,1.0,58.0,2019-12-16,2019-12-16,2019,12,GRACE-FO,December,Observed,-13.778579386327356
08,2020-01-01,Yom,-18.926437603936936,1.0,58.0,2020-01-16,2020-01-16,2020,1,GRACE-FO,January,Observed,-14.647801084236027
08,2020-02-01,Yom,-27.981148399287893,1.0,58.0,2020-02-15,2020-02-15,2020,2,GRACE-FO,February,Observed,-15.295176468603046
08,2020-03-01,Yom,-24.88109809411224,1.0,58.0,2020-03-16,2020-03-16,2020,3,GRACE-FO,March,Observed,-16.18199500527931
08,2020-04-01,Yom,-29.121904839247186,1.0,58.0,2020-04-16,2020-04-16,2020,4,GRACE-FO,April,Observed,-16.723428746855962
08,2020-05-01,Yom,-29.631986424695096,1.0,58.0,2020-05-16,2020-05-16,2020,5,GRACE-FO,May,Observed,-16.148282434017087
08,2020-06-01,Yom,-26.661300493580093,1.0,58.0,2020-06-16,2020-06-16,2020,6,GRACE-FO,June,Observed,-15.89936675071781
08,2020-07-01,Yom,-20.637316113996814,1.0,58.0,2020-07-16,2020-07-16,2020,7,GRACE-FO,July,Observed,-16.28732946014404
08,2020-08-01,Yom,-4.395192304021887,1.0,58.0,2020-08-16,2020-08-16,2020,8,GRACE-FO,August,Observed,-16.514598236731057
08,2020-09-01,Yom,3.908006080350207,1.0,58.0,2020-09-16,2020-09-16,2020,9,GRACE-FO,September,Observed,-15.870313039211915
08,2020-10-01,Yom,5.096821808017259,1.0,58.0,2020-10-16,2020-10-16,2020,10,GRACE-FO,October,Observed,-15.763545907141685
08,2020-11-01,Yom,-1.7219632794640123,1.0,58.0,2020-11-16,2020-11-16,2020,11,GRACE-FO,November,Observed,-15.410730293841683
08,2020-12-01,Yom,-20.49443385775377,1.0,58.0,2020-12-16,2020-12-16,2020,12,GRACE-FO,December,Observed,-14.852573971033692
08,2021-01-01,Yom,-21.65366292298113,1.0,58.0,2021-01-16,2021-01-16,2021,1,GRACE-FO,January,Observed,-13.72531577387702
08,2021-02-01,Yom,-20.249726029058188,1.0,58.0,2021-02-15,2021-02-15,2021,2,GRACE-FO,February,Observed,-12.722325121011151
08,2021-03-01,Yom,-23.599892509269505,1.0,58.0,2021-03-16,2021-03-16,2021,3,GRACE-FO,March,Observed,-12.239726790004513
08,2021-04-01,Yom,-24.888117479647143,1.0,58.0,2021-04-16,2021-04-16,2021,4,GRACE-FO,April,Observed,-11.860407541334942
08,2021-05-01,Yom,-22.934110550999197,1.0,58.0,2021-05-16,2021-05-16,2021,5,GRACE-FO,May,Observed,-11.125069566600109
08,2021-06-01,Yom,-13.13420212770002,1.0,58.0,2021-06-16,2021-06-16,2021,6,GRACE-FO,June,Observed,-10.599090710819665
08,2021-07-01,Yom,-8.601428279606402,1.0,58.0,2021-07-16,2021-07-16,2021,7,GRACE-FO,July,Observed,-9.517057290578004
08,2021-08-01,Yom,1.3959876680577494,1.0,58.0,2021-08-16,2021-08-16,2021,8,GRACE-FO,August,Observed,-8.917151842647499
08,2021-09-01,Yom,8.459837064385093,1.0,58.0,2021-09-16,2021-09-16,2021,9,GRACE-FO,September,Observed,-8.60828895411221
08,2021-10-01,Yom,13.92087750483524,1.0,58.0,2021-10-16,2021-10-16,2021,10,GRACE-FO,October,Observed,-7.980425501639448
08,2021-11-01,Yom,4.58978298990131,1.0,58.0,2021-11-16,2021-11-16,2021,11,GRACE-FO,November,Observed,-7.47475037819342
08,2021-12-01,Yom,-7.510032814853825,1.0,58.0,2021-12-16,2021-12-16,2021,12,GRACE-FO,December,Observed,-6.556945253116704
08,2022-01-01,Yom,-14.454797547815078,1.0,58.0,2022-01-16,2022-01-16,2022,1,GRACE-FO,January,Observed,-5.916596303387699
08,2022-02-01,Yom,-16.543371366634727,1.0,58.0,2022-02-15,2022-02-15,2022,2,GRACE-FO,February,Observed,-5.320805745776929
08,2022-03-01,Yom,-16.065531079596347,1.0,58.0,2022-03-16,2022-03-16,2022,3,GRACE-FO,March,Observed,-4.572905545429985
08,2022-04-01,Yom,-18.82001599829482,1.0,58.0,2022-04-16,2022-04-16,2022,4,GRACE-FO,April,Observed,-3.888943360491409
08,2022-05-01,Yom,-11.92044905007861,1.0,58.0,2022-05-16,2022-05-16,2022,5,GRACE-FO,May,Observed,-3.2983171367956703
08,2022-06-01,Yom,-5.45001473095195,1.0,58.0,2022-06-16,2022-06-16,2022,6,GRACE-FO,June,Observed,-2.7554072022181906
08,2022-07-01,Yom,-1.451941588277171,1.0,58.0,2022-07-16,2022-07-16,2022,7,GRACE-FO,July,Observed,-1.854792854277619
08,2022-08-01,Yom,10.370790072221084,1.0,58.0,2022-08-16,2022-08-16,2022,8,GRACE-FO,August,Observed,-1.3519302582124941
08,2022-09-01,Yom,16.667383283648,1.0,58.0,2022-09-16,2022-09-16,2022,9,GRACE-FO,September,Observed,-0.8062729715644242
08,2022-10-01,Yom,21.008392189184107,1.0,58.0,2022-10-16,2022-10-16,2022,10,GRACE-FO,October,Observed,-0.8870999992395995
08,2022-11-01,Yom,11.104702204831067,1.0,58.0,2022-11-16,2022-11-16,2022,11,GRACE-FO,November,Observed,-1.0815010496729214
08,2022-12-01,Yom,3.2973393604330328,1.0,58.0,2022-12-16,2022-12-16,2022,12,GRACE-FO,December,Observed,-1.9813151933515194
08,2023-01-01,Yom,-8.420446395033581,1.0,58.0,2023-01-16,2023-01-16,2023,1,GRACE-FO,January,Observed,-3.0224496484605665
08,2023-02-01,Yom,-9.995483926857888,1.0,58.0,2023-02-15,2023-02-15,2023,2,GRACE-FO,February,Observed,-3.428096670354814
08,2023-03-01,Yom,-17.03545541169845,1.0,58.0,2023-03-16,2023-03-16,2023,3,GRACE-FO,March,Observed,-3.743663039838753
08,2023-04-01,Yom,-21.152828603494683,1.0,58.0,2023-04-16,2023-04-16,2023,4,GRACE-FO,April,Observed,-4.179359381875815
08,2023-05-01,Yom,-22.71821877422179,1.0,58.0,2023-05-16,2023-05-16,2023,5,GRACE-FO,May,Observed,-4.066341428824445
08,2023-06-01,Yom,-17.94362819226051,1.0,58.0,2023-06-16,2023-06-16,2023,6,GRACE-FO,June,Observed,-3.7330529832076302
08,2023-07-01,Yom,-6.3197058510081465,1.0,58.0,2023-07-16,2023-07-16,2023,7,GRACE-FO,July,Observed,-3.7600755241483568
08,2023-08-01,Yom,6.583993638413813,1.0,58.0,2023-08-16,2023-08-16,2023,8,GRACE-FO,August,Observed,-3.853146520154091
08,2023-09-01,Yom,11.439027179203263,1.0,58.0,2023-09-16,2023-09-16,2023,9,GRACE-FO,September,Observed,-4.060751266624558
08,2023-10-01,Yom,22.364607625800538,1.0,58.0,2023-10-16,2023-10-16,2023,10,GRACE-FO,October,Observed,-4.04970266261978
08,2023-11-01,Yom,15.104163552232853,1.0,58.0,2023-11-16,2023-11-16,2023,11,GRACE-FO,November,Observed,-4.573300553527801
08,2023-12-01,Yom,2.973068869144309,1.0,58.0,2023-12-16,2023-12-16,2023,12,GRACE-FO,December,Observed,-4.877640296313037
08,2024-01-01,Yom,-9.537298347102395,1.0,58.0,2024-01-16,2024-01-16,2024,1,GRACE-FO,January,Observed,-4.194210708926729
08,2024-02-01,Yom,-12.486740884503487,1.0,58.0,2024-02-15,2024-02-15,2024,2,GRACE-FO,February,Observed,-4.2927181091797095
08,2024-03-01,Yom,-16.902872163641117,1.0,58.0,2024-03-16,2024-03-16,2024,3,GRACE-FO,March,Observed,-3.657163102910323
08,2024-04-01,Yom,-27.43600329439093,1.0,58.0,2024-04-16,2024-04-16,2024,4,GRACE-FO,April,Observed,-2.3690387719545636
08,2024-05-01,Yom,-26.370295687644617,1.0,58.0,2024-05-16,2024-05-16,2024,5,GRACE-FO,May,Observed,-1.8941914191595188
08,2024-06-01,Yom,-9.742473143624817,1.0,58.0,2024-06-16,2024-06-16,2024,6,GRACE-FO,June,Observed,-3.4394964165588253
08,2024-07-01,Yom,-7.5017946540439135,1.0,58.0,2024-07-16,2024-07-16,2024,7,GRACE-FO,July,Observed,-4.080752945129139
08,2024-08-01,Yom,14.210653713646444,1.0,58.0,2024-08-16,2024-08-16,2024,8,GRACE-FO,August,Observed,-3.474470122687666
08,2024-09-01,Yom,26.896519150672383,1.0,58.0,2024-09-16,2024-09-16,2024,9,GRACE-FO,September,Observed,-2.3479362774606884
08,2024-10-01,Yom,28.062775859341073,1.0,58.0,2024-10-16,2024-10-16,2024,10,GRACE-FO,October,Observed,
09,2002-04-01,Nan,-16.444485951498045,1.0,69.0,2002-04-18,2002-04-18,2002,4,GRACE,April,Observed,
09,2002-05-01,Nan,-13.651541894987826,1.0,69.0,2002-05-10,2002-05-10,2002,5,GRACE,May,Observed,
09,2002-06-01,Nan,,,,,,2002,6,GRACE,June,Missing,
09,2002-07-01,Nan,,,,,,2002,7,GRACE,July,Missing,
09,2002-08-01,Nan,22.173985353652107,1.0,69.0,2002-08-16,2002-08-16,2002,8,GRACE,August,Observed,11.157093995413016
09,2002-09-01,Nan,30.720746899804883,1.0,69.0,2002-09-16,2002-09-16,2002,9,GRACE,September,Observed,9.427637600865069
09,2002-10-01,Nan,28.508433018011104,1.0,69.0,2002-10-16,2002-10-16,2002,10,GRACE,October,Observed,7.771900095439717
09,2002-11-01,Nan,23.19339732441037,1.0,69.0,2002-11-16,2002-11-16,2002,11,GRACE,November,Observed,8.201598155690254
09,2002-12-01,Nan,11.324419995252613,1.0,69.0,2002-12-16,2002-12-16,2002,12,GRACE,December,Observed,9.193099302778371
09,2003-01-01,Nan,3.431797218658924,1.0,69.0,2003-01-16,2003-01-16,2003,1,GRACE,January,Observed,9.193099302778371
09,2003-02-01,Nan,-4.408013555518511,1.0,69.0,2003-02-15,2003-02-15,2003,2,GRACE,February,Observed,9.040884337426503
09,2003-03-01,Nan,-7.129737453388439,1.0,69.0,2003-03-16,2003-03-16,2003,3,GRACE,March,Observed,8.281650396865906
09,2003-04-01,Nan,-12.14750534899268,1.0,69.0,2003-04-16,2003-04-16,2003,4,GRACE,April,Observed,7.697399791033305
09,2003-05-01,Nan,-3.736530424106655,1.0,69.0,2003-05-11,2003-05-11,2003,5,GRACE,May,Observed,6.902718596732203
09,2003-06-01,Nan,,,,,,2003,6,GRACE,June,Missing,
09,2003-07-01,Nan,7.518734683907804,1.0,69.0,2003-07-16,2003-07-16,2003,7,GRACE,July,Observed,4.640071976571577
09,2003-08-01,Nan,13.822412007485552,1.0,69.0,2003-08-16,2003-08-16,2003,8,GRACE,August,Observed,3.7262592433353876
09,2003-09-01,Nan,24.293990235646277,1.0,69.0,2003-09-16,2003-09-16,2003,9,GRACE,September,Observed,3.0267740469914317
09,2003-10-01,Nan,19.76693988069898,1.0,69.0,2003-10-16,2003-10-16,2003,10,GRACE,October,Observed,2.0907064769917993
09,2003-11-01,Nan,9.568395498955258,1.0,69.0,2003-11-16,2003-11-16,2003,11,GRACE,November,Observed,1.5348256540413956
09,2003-12-01,Nan,0.060308998940839825,1.0,69.0,2003-12-16,2003-12-16,2003,12,GRACE,December,Observed,0.6074788265679589
09,2004-01-01,Nan,-6.620142846939162,1.0,69.0,2004-01-07,2004-01-07,2004,1,GRACE,January,Observed,0.7739240909498779
09,2004-02-01,Nan,-12.10235071530203,1.0,69.0,2004-02-17,2004-02-17,2004,2,GRACE,February,Observed,1.3541516550008896
09,2004-03-01,Nan,-17.42648072338439,1.0,69.0,2004-03-16,2004-03-16,2004,3,GRACE,March,Observed,2.312180545483151
09,2004-04-01,Nan,-18.262194401447122,1.0,69.0,2004-04-16,2004-04-16,2004,4,GRACE,April,Observed,2.8947210847808034
09,2004-05-01,Nan,-13.937345526314457,1.0,69.0,2004-05-16,2004-05-16,2004,5,GRACE,May,Observed,2.733293515733099
09,2004-06-01,Nan,2.6048219991509862,1.0,69.0,2004-06-16,2004-06-16,2004,6,GRACE,June,Observed,2.350491248464181
09,2004-07-01,Nan,14.481465452519945,1.0,69.0,2004-07-16,2004-07-16,2004,7,GRACE,July,Observed,2.1499036870285617
09,2004-08-01,Nan,25.31875869327269,1.0,69.0,2004-08-16,2004-08-16,2004,8,GRACE,August,Observed,1.3448540375632998
09,2004-09-01,Nan,31.284476707218104,1.0,69.0,2004-09-16,2004-09-16,2004,9,GRACE,September,Observed,0.7897079368352081
09,2004-10-01,Nan,17.82980905212653,1.0,69.0,2004-10-16,2004-10-16,2004,10,GRACE,October,Observed,0.26373710017886626
09,2004-11-01,Nan,4.974768291728242,1.0,69.0,2004-11-16,2004-11-16,2004,11,GRACE,November,Observed,-0.4136848542660833
09,2004-12-01,Nan,-2.346741738286595,1.0,69.0,2004-12-16,2004-12-16,2004,12,GRACE,December,Observed,-1.3706651590265189
09,2005-01-01,Nan,-16.2807386405223,1.0,69.0,2005-01-16,2005-01-16,2005,1,GRACE,January,Observed,-2.642595385525658
09,2005-02-01,Nan,-18.764103924039134,1.0,69.0,2005-02-15,2005-02-15,2005,2,GRACE,February,Observed,-4.482144472372365
09,2005-03-01,Nan,-23.738130763260493,1.0,69.0,2005-03-16,2005-03-16,2005,3,GRACE,March,Observed,-5.606665508599003
09,2005-04-01,Nan,-26.391257854786517,1.0,69.0,2005-04-16,2005-04-16,2005,4,GRACE,April,Observed,-6.623132722049704
09,2005-05-01,Nan,-25.421109183439686,1.0,69.0,2005-05-16,2005-05-16,2005,5,GRACE,May,Observed,-6.765892093285635
09,2005-06-01,Nan,-12.658340718838685,1.0,69.0,2005-06-16,2005-06-16,2005,6,GRACE,June,Observed,-6.092688272945811
09,2005-07-01,Nan,-7.593123589640536,1.0,69.0,2005-07-16,2005-07-16,2005,7,GRACE,July,Observed,-5.638688979269659
09,2005-08-01,Nan,11.824506258553042,1.0,69.0,2005-08-16,2005-08-16,2005,8,GRACE,August,Observed,-4.653495938148142
09,2005-09-01,Nan,19.0868701458097,1.0,69.0,2005-09-16,2005-09-16,2005,9,GRACE,September,Observed,-4.105790237926265
09,2005-10-01,Nan,16.116696597295356,1.0,69.0,2005-10-16,2005-10-16,2005,10,GRACE,October,Observed,-3.524749431037056
09,2005-11-01,Nan,13.053214135806124,1.0,69.0,2005-11-16,2005-11-16,2005,11,GRACE,November,Observed,-2.859932454757377
09,2005-12-01,Nan,3.1012497858272217,1.0,69.0,2005-12-16,2005-12-16,2005,12,GRACE,December,Observed,-1.6873661586668414
09,2006-01-01,Nan,-4.4584221470640895,1.0,69.0,2006-01-16,2006-01-16,2006,1,GRACE,January,Observed,-0.746828780822458
09,2006-02-01,Nan,-12.191635521376622,1.0,69.0,2006-02-15,2006-02-15,2006,2,GRACE,February,Observed,0.4980401813945809
09,2006-03-01,Nan,-16.76564108058998,1.0,69.0,2006-03-16,2006-03-16,2006,3,GRACE,March,Observed,1.1668974839243986
09,2006-04-01,Nan,-18.413454139430364,1.0,69.0,2006-04-16,2006-04-16,2006,4,GRACE,April,Observed,1.7294616452914744
09,2006-05-01,Nan,-11.350313630353263,1.0,69.0,2006-05-16,2006-05-16,2006,5,GRACE,May,Observed,2.6891628133113135
09,2006-06-01,Nan,-1.3718921847060839,1.0,69.0,2006-06-16,2006-06-16,2006,6,GRACE,June,Observed,2.801025056673448
09,2006-07-01,Nan,7.34530395696393,1.0,69.0,2006-07-16,2006-07-16,2006,7,GRACE,July,Observed,2.874945987997559
09,2006-08-01,Nan,19.850793888910854,1.0,69.0,2006-08-16,2006-08-16,2006,8,GRACE,August,Observed,2.667194734302481
09,2006-09-01,Nan,25.837640082214612,1.0,69.0,2006-09-16,2006-09-16,2006,9,GRACE,September,Observed,2.6255649367975518
09,2006-10-01,Nan,27.633110613533425,1.0,69.0,2006-10-16,2006-10-16,2006,10,GRACE,October,Observed,2.498528376252094
09,2006-11-01,Nan,14.395561056151731,1.0,69.0,2006-11-16,2006-11-16,2006,11,GRACE,November,Observed,2.4597770022598757
09,2006-12-01,Nan,3.988300961716563,1.0,69.0,2006-12-16,2006-12-16,2006,12,GRACE,December,Observed,2.392402843064403
09,2007-01-01,Nan,-6.951437191405027,1.0,69.0,2007-01-16,2007-01-16,2007,1,GRACE,January,Observed,2.28206402218945
09,2007-02-01,Nan,-12.691193091435773,1.0,69.0,2007-02-14,2007-02-14,2007,2,GRACE,February,Observed,1.8651047779815668
09,2007-03-01,Nan,-18.290079807135474,1.0,69.0,2007-03-16,2007-03-16,2007,3,GRACE,March,Observed,0.8882391769286547
09,2007-04-01,Nan,-18.878470627336984,1.0,69.0,2007-04-16,2007-04-16,2007,4,GRACE,April,Observed,0.2529724729878812
09,2007-05-01,Nan,-12.15880354069894,1.0,69.0,2007-05-16,2007-05-16,2007,5,GRACE,May,Observed,-0.15869879025098102
09,2007-06-01,Nan,-2.6959580352055177,1.0,69.0,2007-06-16,2007-06-16,2007,6,GRACE,June,Observed,-0.33013185131939055
09,2007-07-01,Nan,2.341793026469336,1.0,69.0,2007-07-16,2007-07-16,2007,7,GRACE,July,Observed,-0.7816597455530859
09,2007-08-01,Nan,8.128406676275905,1.0,69.0,2007-08-16,2007-08-16,2007,8,GRACE,August,Observed,-0.9187937047281173
09,2007-09-01,Nan,18.21443963492533,1.0,69.0,2007-09-16,2007-09-16,2007,9,GRACE,September,Observed,-0.9376189182863549
09,2007-10-01,Nan,22.69305545466708,1.0,69.0,2007-10-16,2007-10-16,2007,10,GRACE,October,Observed,-0.879460383875463
09,2007-11-01,Nan,12.338364323330817,1.0,69.0,2007-11-16,2007-11-16,2007,11,GRACE,November,Observed,-0.7798831686442287
09,2007-12-01,Nan,-1.4300337690877827,1.0,69.0,2007-12-16,2007-12-16,2007,12,GRACE,December,Observed,-0.45771119087736584
09,2008-01-01,Nan,-8.597044701505403,1.0,69.0,2008-01-16,2008-01-16,2008,1,GRACE,January,Observed,-0.013389311110790373
09,2008-02-01,Nan,-12.917095654134624,1.0,69.0,2008-02-15,2008-02-15,2008,2,GRACE,February,Observed,0.8841584720816567
09,2008-03-01,Nan,-17.59217739420477,1.0,69.0,2008-03-16,2008-03-16,2008,3,GRACE,March,Observed,1.7778950001428175
09,2008-04-01,Nan,-17.683544044562172,1.0,69.0,2008-04-16,2008-04-16,2008,4,GRACE,April,Observed,2.0459085267724517
09,2008-05-01,Nan,-8.292739807496586,1.0,69.0,2008-05-16,2008-05-16,2008,5,GRACE,May,Observed,1.8558912966463723
09,2008-06-01,Nan,2.6359045219933877,1.0,69.0,2008-06-16,2008-06-16,2008,6,GRACE,June,Observed,2.193442217211903
09,2008-07-01,Nan,13.1123664247787,1.0,69.0,2008-07-16,2008-07-16,2008,7,GRACE,July,Observed,2.5870112540408274
09,2008-08-01,Nan,18.853245013009836,1.0,69.0,2008-08-16,2008-08-16,2008,8,GRACE,August,Observed,2.8947722108355722
09,2008-09-01,Nan,21.430601954480938,1.0,69.0,2008-09-16,2008-09-16,2008,9,GRACE,September,Observed,2.9599170869044884
09,2008-10-01,Nan,20.412848693154128,1.0,69.0,2008-10-16,2008-10-16,2008,10,GRACE,October,Observed,2.941801628047969
09,2008-11-01,Nan,16.388975370117183,1.0,69.0,2008-11-16,2008-11-16,2008,11,GRACE,November,Observed,3.0627376789936296
09,2008-12-01,Nan,3.29279467285931,1.0,69.0,2008-12-16,2008-12-16,2008,12,GRACE,December,Observed,2.644679235367918
09,2009-01-01,Nan,-4.903913219968468,1.0,69.0,2009-01-16,2009-01-16,2009,1,GRACE,January,Observed,2.298908113533857
09,2009-02-01,Nan,-12.135357141307622,1.0,69.0,2009-02-15,2009-02-15,2009,2,GRACE,February,Observed,1.7871758791117653
09,2009-03-01,Nan,-17.809562900483012,1.0,69.0,2009-03-16,2009-03-16,2009,3,GRACE,March,Observed,1.0927382476672944
09,2009-04-01,Nan,-16.23231143321424,1.0,69.0,2009-04-16,2009-04-16,2009,4,GRACE,April,Observed,0.32925835038428436
09,2009-05-01,Nan,-13.309441131005126,1.0,69.0,2009-05-16,2009-05-16,2009,5,GRACE,May,Observed,0.04339727377585678
09,2009-06-01,Nan,-1.5133489400153484,1.0,69.0,2009-06-16,2009-06-16,2009,6,GRACE,June,Observed,-0.7150745569167158
09,2009-07-01,Nan,6.9715796117136035,1.0,69.0,2009-07-16,2009-07-16,2009,7,GRACE,July,Observed,-1.1915121208440542
09,2009-08-01,Nan,10.519993435676184,1.0,69.0,2009-08-16,2009-08-16,2009,8,GRACE,August,Observed,-1.5022601442134615
09,2009-09-01,Nan,12.268843187084817,1.0,69.0,2009-09-16,2009-09-16,2009,9,GRACE,September,Observed,-1.6952878109092364
09,2009-10-01,Nan,16.982515773853,1.0,69.0,2009-10-16,2009-10-16,2009,10,GRACE,October,Observed,-1.9001287718286006
09,2009-11-01,Nan,7.287313401806308,1.0,69.0,2009-11-16,2009-11-16,2009,11,GRACE,November,Observed,-2.708773983490277
09,2009-12-01,Nan,-2.4244560942687507,1.0,69.0,2009-12-16,2009-12-16,2009,12,GRACE,December,Observed,-3.55001064111056
09,2010-01-01,Nan,-8.632889500401355,1.0,69.0,2010-01-16,2010-01-16,2010,1,GRACE,January,Observed,-5.140499344563568
09,2010-02-01,Nan,-14.451689141656923,1.0,69.0,2010-02-15,2010-02-15,2010,2,GRACE,February,Observed,-6.83623297072164
09,2010-03-01,Nan,-20.267654431515382,1.0,69.0,2010-03-16,2010-03-16,2010,3,GRACE,March,Observed,-7.233344791366605
09,2010-04-01,Nan,-25.936053973154362,1.0,69.0,2010-04-16,2010-04-16,2010,4,GRACE,April,Observed,-6.947455149257323
09,2010-05-01,Nan,-23.404281022448515,1.0,69.0,2010-05-16,2010-05-16,2010,5,GRACE,May,Observed,-6.501542090338138
09,2010-06-01,Nan,-20.599213381451438,1.0,69.0,2010-06-16,2010-06-16,2010,6,GRACE,June,Observed,-6.260534054621807
09,2010-07-01,Nan,-13.37722390218326,1.0,69.0,2010-07-16,2010-07-16,2010,7,GRACE,July,Observed,-5.99532429735038
09,2010-08-01,Nan,5.754651587936609,1.0,69.0,2010-08-16,2010-08-16,2010,8,GRACE,August,Observed,-5.755545642527564
09,2010-09-01,Nan,15.69951889239619,1.0,69.0,2010-09-16,2010-09-16,2010,9,GRACE,September,Observed,-5.686989853861596
09,2010-10-01,Nan,22.33347248088322,1.0,69.0,2010-10-16,2010-10-16,2010,10,GRACE,October,Observed,-5.385923395361772
09,2010-11-01,Nan,10.179409830402271,1.0,69.0,2010-11-16,2010-11-16,2010,11,GRACE,November,Observed,-4.5797945144257595
09,2010-12-01,Nan,0.7580609929883886,1.0,69.0,2010-12-14,2010-12-14,2010,12,GRACE,December,Observed,-3.0336830167623376
09,2011-01-01,Nan,,,,,,2011,1,GRACE,January,Missing,
09,2011-02-01,Nan,-13.69757546633128,1.0,69.0,2011-02-18,2011-02-18,2011,2,GRACE,February,Observed,1.953979644440415
09,2011-03-01,Nan,-16.955923388017318,1.0,69.0,2011-03-16,2011-03-16,2011,3,GRACE,March,Observed,4.945654109626575
09,2011-04-01,Nan,-17.068636282858222,1.0,69.0,2011-04-16,2011-04-16,2011,4,GRACE,April,Observed,8.124756379155084
09,2011-05-01,Nan,-6.397054548150883,1.0,69.0,2011-05-16,2011-05-16,2011,5,GRACE,May,Observed,9.15953144417288
09,2011-06-01,Nan,,,,,,2011,6,GRACE,June,Missing,
09,2011-07-01,Nan,18.93387234515517,1.0,69.0,2011-07-18,2011-07-18,2011,7,GRACE,July,Observed,9.47515842408287
09,2011-08-01,Nan,35.671396239798206,1.0,69.0,2011-08-16,2011-08-16,2011,8,GRACE,August,Observed,8.655541550738716
09,2011-09-01,Nan,47.49054158768129,1.0,69.0,2011-09-16,2011-09-16,2011,9,GRACE,September,Observed,9.234232472569547
09,2011-10-01,Nan,32.68122313106117,2.0,138.0,2011-10-16,2011-10-31,2011,10,GRACE,October,Observed,9.748912960545848
09,2011-11-01,Nan,,,,,,2011,11,GRACE,November,Missing,
09,2011-12-01,Nan,4.618582198407704,1.0,69.0,2011-12-28,2011-12-28,2011,12,GRACE,December,Observed,11.955120288002227
09,2012-01-01,Nan,1.2789896906413223,1.0,69.0,2012-01-16,2012-01-16,2012,1,GRACE,January,Observed,10.610521656185302
09,2012-02-01,Nan,-7.910666248022977,1.0,69.0,2012-02-15,2012-02-15,2012,2,GRACE,February,Observed,9.764045214372555
09,2012-03-01,Nan,-11.8091185082543,1.0,69.0,2012-03-16,2012-03-16,2012,3,GRACE,March,Observed,8.071208649655635
09,2012-04-01,Nan,-13.35873784444753,1.0,69.0,2012-04-04,2012-04-04,2012,4,GRACE,April,Observed,5.681951102152109
09,2012-05-01,Nan,,,,,,2012,5,GRACE,May,Missing,
09,2012-06-01,Nan,-1.4908660301670402,1.0,69.0,2012-06-16,2012-06-16,2012,6,GRACE,June,Observed,3.47529611418724
09,2012-07-01,Nan,10.469107927027713,1.0,69.0,2012-07-16,2012-07-16,2012,7,GRACE,July,Observed,3.3132579032646623
09,2012-08-01,Nan,18.743030592629,1.0,69.0,2012-08-16,2012-08-16,2012,8,GRACE,August,Observed,2.792109112614075
09,2012-09-01,Nan,23.59796611264603,1.0,69.0,2012-09-13,2012-09-13,2012,9,GRACE,September,Observed,2.4942856547047407
09,2012-10-01,Nan,,,,,,2012,10,GRACE,October,Missing,
09,2012-11-01,Nan,10.614673251412475,1.0,69.0,2012-11-18,2012-11-18,2012,11,GRACE,November,Observed,3.524976913257568
09,2012-12-01,Nan,2.9982000891819314,1.0,69.0,2012-12-16,2012-12-16,2012,12,GRACE,December,Observed,1.4168604155210889
09,2013-01-01,Nan,-3.932498215864553,1.0,69.0,2013-01-16,2013-01-16,2013,1,GRACE,January,Observed,0.5961361937658542
09,2013-02-01,Nan,-10.88890082711632,1.0,69.0,2013-02-14,2013-02-14,2013,2,GRACE,February,Observed,-0.23772139028624148
09,2013-03-01,Nan,,,,,,2013,3,GRACE,March,Missing,
09,2013-04-01,Nan,-18.385920680431127,1.0,69.0,2013-04-21,2013-04-21,2013,4,GRACE,April,Observed,-5.589776326017181
09,2013-05-01,Nan,-17.55618806410722,1.0,69.0,2013-05-16,2013-05-16,2013,5,GRACE,May,Observed,-2.4465979838175014
09,2013-06-01,Nan,-9.698108247719386,1.0,69.0,2013-06-16,2013-06-16,2013,6,GRACE,June,Observed,-2.0402379859521598
09,2013-07-01,Nan,2.1305320865067547,1.0,69.0,2013-07-16,2013-07-16,2013,7,GRACE,July,Observed,-1.452514087904124
09,2013-08-01,Nan,,,,,,2013,8,GRACE,August,Missing,
09,2013-09-01,Nan,,,,,,2013,9,GRACE,September,Missing,
09,2013-10-01,Nan,22.698828753779935,1.0,69.0,2013-10-16,2013-10-16,2013,10,GRACE,October,Observed,-1.6116821592731678
09,2013-11-01,Nan,14.27191323220055,1.0,69.0,2013-11-16,2013-11-16,2013,11,GRACE,November,Observed,-1.800725345196141
09,2013-12-01,Nan,8.28771517161425,1.0,69.0,2013-12-16,2013-12-16,2013,12,GRACE,December,Observed,-1.4136053612596604
09,2014-01-01,Nan,-0.5848275445224771,1.0,69.0,2014-01-09,2014-01-09,2014,1,GRACE,January,Observed,-1.6174833713911303
09,2014-02-01,Nan,,,,,,2014,2,GRACE,February,Missing,
09,2014-03-01,Nan,-15.669084140779788,1.0,69.0,2014-03-17,2014-03-17,2014,3,GRACE,March,Observed,-1.0553634140162957
09,2014-04-01,Nan,-20.087309353737886,1.0,69.0,2014-04-16,2014-04-16,2014,4,GRACE,April,Observed,0.9055355798854908
09,2014-05-01,Nan,-14.072108208678896,1.0,69.0,2014-05-16,2014-05-16,2014,5,GRACE,May,Observed,0.4045420284405569
09,2014-06-01,Nan,-11.533010338902614,1.0,69.0,2014-06-13,2014-06-13,2014,6,GRACE,June,Observed,-0.14780166044194482
09,2014-07-01,Nan,,,,,,2014,7,GRACE,July,Missing,
09,2014-08-01,Nan,7.189611702880266,1.0,69.0,2014-08-16,2014-08-16,2014,8,GRACE,August,Observed,-1.6910533257507505
09,2014-09-01,Nan,18.55362652500157,1.0,69.0,2014-09-16,2014-09-16,2014,9,GRACE,September,Observed,-2.6652688193441834
09,2014-10-01,Nan,17.688893239330596,1.0,69.0,2014-10-16,2014-10-16,2014,10,GRACE,October,Observed,-2.8521281760080304
09,2014-11-01,Nan,8.748476343375533,1.0,69.0,2014-11-16,2014-11-16,2014,11,GRACE,November,Observed,-2.9653898134685934
09,2014-12-01,Nan,,,,,,2014,12,GRACE,December,Missing,
09,2015-01-01,Nan,-6.038575700245534,1.0,69.0,2015-01-22,2015-01-22,2015,1,GRACE,January,Observed,-0.5060974483880532
09,2015-02-01,Nan,-11.433208261685078,1.0,69.0,2015-02-15,2015-02-15,2015,2,GRACE,February,Observed,-1.0297163380481247
09,2015-03-01,Nan,-17.537677707418258,1.0,69.0,2015-03-16,2015-03-16,2015,3,GRACE,March,Observed,-1.034650979382814
09,2015-04-01,Nan,-21.21992572834352,2.0,138.0,2015-04-16,2015-04-27,2015,4,GRACE,April,Observed,-2.4430959415985565
09,2015-05-01,Nan,,,,,,2015,5,GRACE,May,Missing,
09,2015-06-01,Nan,,,,,,2015,6,GRACE,June,Missing,
09,2015-07-01,Nan,-5.218667455328698,1.0,69.0,2015-07-15,2015-07-15,2015,7,GRACE,July,Observed,-6.953541672137576
09,2015-08-01,Nan,7.145199930868064,1.0,69.0,2015-08-16,2015-08-16,2015,8,GRACE,August,Observed,-7.812392208987621
09,2015-09-01,Nan,5.8776218650598855,1.0,69.0,2015-09-14,2015-09-14,2015,9,GRACE,September,Observed,-8.350158688565198
09,2015-10-01,Nan,,,,,,2015,10,GRACE,October,Missing,
09,2015-11-01,Nan,,,,,,2015,11,GRACE,November,Missing,
09,2015-12-01,Nan,-7.203100320007474,1.0,69.0,2015-12-23,2015-12-23,2015,12,GRACE,December,Observed,-10.445029478850175
09,2016-01-01,Nan,-12.90937999504589,1.0,69.0,2016-01-16,2016-01-16,2016,1,GRACE,January,Observed,-11.225460256985208
09,2016-02-01,Nan,-15.735340098305697,1.0,69.0,2016-02-14,2016-02-14,2016,2,GRACE,February,Observed,-11.336148558036165
09,2016-03-01,Nan,-25.564111601943086,1.0,69.0,2016-03-16,2016-03-16,2016,3,GRACE,March,Observed,-11.492026034990944
09,2016-04-01,Nan,,,,,,2016,4,GRACE,April,Missing,
09,2016-05-01,Nan,-29.952458156098512,1.0,69.0,2016-05-20,2016-05-20,2016,5,GRACE,May,Observed,-13.663232022497297
09,2016-06-01,Nan,-17.46890648206546,1.0,69.0,2016-06-16,2016-06-16,2016,6,GRACE,June,Observed,-10.847751385762944
09,2016-07-01,Nan,-6.21486216478731,1.0,69.0,2016-07-15,2016-07-15,2016,7,GRACE,July,Observed,-10.289882124698467
09,2016-08-01,Nan,5.742302638275049,1.0,69.0,2016-08-21,2016-08-21,2016,8,GRACE,August,Observed,-9.542745900405249
09,2016-09-01,Nan,,,,,,2016,9,GRACE,September,Missing,
09,2016-10-01,Nan,,,,,,2016,10,GRACE,October,Missing,
09,2016-11-01,Nan,11.67609370811188,1.0,69.0,2016-11-27,2016-11-27,2016,11,GRACE,November,Observed,-9.204052120166471
09,2016-12-01,Nan,-2.1822769704271736,1.0,69.0,2016-12-24,2016-12-24,2016,12,GRACE,December,Observed,-8.168337968628729
09,2017-01-01,Nan,-6.185153976406933,1.0,69.0,2017-01-21,2017-01-21,2017,1,GRACE,January,Observed,-6.906884249276503
09,2017-02-01,Nan,,,,,,2017,2,GRACE,February,Missing,
09,2017-03-01,Nan,-17.154786320694466,1.0,69.0,2017-03-31,2017-03-31,2017,3,GRACE,March,Observed,
09,2017-04-01,Nan,-21.096421357405315,1.0,69.0,2017-04-24,2017-04-24,2017,4,GRACE,April,Observed,
09,2017-05-01,Nan,-20.63103079225883,1.0,69.0,2017-05-13,2017-05-13,2017,5,GRACE,May,Observed,
09,2017-06-01,Nan,-6.1158230078954325,1.0,69.0,2017-06-10,2017-06-10,2017,6,GRACE,June,Observed,
09,2017-07-01,Nan,,,,,,2017,7,Mission gap,July,Missing,
09,2017-08-01,Nan,,,,,,2017,8,Mission gap,August,Missing,
09,2017-09-01,Nan,,,,,,2017,9,Mission gap,September,Missing,
09,2017-10-01,Nan,,,,,,2017,10,Mission gap,October,Missing,
09,2017-11-01,Nan,,,,,,2017,11,Mission gap,November,Missing,
09,2017-12-01,Nan,,,,,,2017,12,Mission gap,December,Missing,
09,2018-01-01,Nan,,,,,,2018,1,Mission gap,January,Missing,
09,2018-02-01,Nan,,,,,,2018,2,Mission gap,February,Missing,
09,2018-03-01,Nan,,,,,,2018,3,Mission gap,March,Missing,
09,2018-04-01,Nan,,,,,,2018,4,Mission gap,April,Missing,
09,2018-05-01,Nan,,,,,,2018,5,GRACE-FO,May,Missing,
09,2018-06-01,Nan,2.448186207151717,1.0,69.0,2018-06-16,2018-06-16,2018,6,GRACE-FO,June,Observed,
09,2018-07-01,Nan,10.87102123921368,1.0,69.0,2018-07-10,2018-07-10,2018,7,GRACE-FO,July,Observed,
09,2018-08-01,Nan,,,,,,2018,8,GRACE-FO,August,Missing,
09,2018-09-01,Nan,,,,,,2018,9,GRACE-FO,September,Missing,
09,2018-10-01,Nan,18.337375404165538,1.0,69.0,2018-10-31,2018-10-31,2018,10,GRACE-FO,October,Observed,1.7912533696839394
09,2018-11-01,Nan,11.57428202864533,1.0,69.0,2018-11-16,2018-11-16,2018,11,GRACE-FO,November,Observed,-0.9818899034724876
09,2018-12-01,Nan,2.7498433428707956,1.0,69.0,2018-12-16,2018-12-16,2018,12,GRACE-FO,December,Observed,-2.8568479494067276
09,2019-01-01,Nan,-4.777758595686868,1.0,69.0,2019-01-16,2019-01-16,2019,1,GRACE-FO,January,Observed,-4.862367856847614
09,2019-02-01,Nan,-11.071974938065784,1.0,69.0,2019-02-15,2019-02-15,2019,2,GRACE-FO,February,Observed,-7.608777435629065
09,2019-03-01,Nan,-15.800947730822896,1.0,69.0,2019-03-16,2019-03-16,2019,3,GRACE-FO,March,Observed,-6.828231794577092
09,2019-04-01,Nan,-23.167036088723904,1.0,69.0,2019-04-16,2019-04-16,2019,4,GRACE-FO,April,Observed,-5.434957267708874
09,2019-05-01,Nan,-19.731470362814886,1.0,69.0,2019-05-16,2019-05-16,2019,5,GRACE-FO,May,Observed,-6.975833016689063
09,2019-06-01,Nan,-17.607012867257147,1.0,69.0,2019-06-16,2019-06-16,2019,6,GRACE-FO,June,Observed,-8.395752440193716
09,2019-07-01,Nan,-16.593074548600846,1.0,69.0,2019-07-16,2019-07-16,2019,7,GRACE-FO,July,Observed,-10.166190735322616
09,2019-08-01,Nan,0.9772246159426475,1.0,69.0,2019-08-16,2019-08-16,2019,8,GRACE-FO,August,Observed,-11.664502497146211
09,2019-09-01,Nan,9.891062527841513,1.0,69.0,2019-09-16,2019-09-16,2019,9,GRACE-FO,September,Observed,-13.052251174234122
09,2019-10-01,Nan,-0.15313358359672455,1.0,69.0,2019-10-16,2019-10-16,2019,10,GRACE-FO,October,Observed,-13.85915634768432
09,2019-11-01,Nan,-5.464751053410497,1.0,69.0,2019-11-16,2019-11-16,2019,11,GRACE-FO,November,Observed,-14.27135807986801
09,2019-12-01,Nan,-18.495416198675997,1.0,69.0,2019-12-16,2019-12-16,2019,12,GRACE-FO,December,Observed,-15.122153998457504
09,2020-01-01,Nan,-22.757499737570022,1.0,69.0,2020-01-16,2020-01-16,2020,1,GRACE-FO,January,Observed,-15.699331036475156
09,2020-02-01,Nan,-27.724959063120714,1.0,69.0,2020-02-15,2020-02-15,2020,2,GRACE-FO,February,Observed,-16.290647509608046
09,2020-03-01,Nan,-25.483809812225285,1.0,69.0,2020-03-16,2020-03-16,2020,3,GRACE-FO,March,Observed,-16.975811881111127
09,2020-04-01,Nan,-28.113456874928154,1.0,69.0,2020-04-16,2020-04-16,2020,4,GRACE-FO,April,Observed,-17.537906960397084
09,2020-05-01,Nan,-29.941021385888803,1.0,69.0,2020-05-16,2020-05-16,2020,5,GRACE-FO,May,Observed,-17.05294861294581
09,2020-06-01,Nan,-24.533137323469003,1.0,69.0,2020-06-16,2020-06-16,2020,6,GRACE-FO,June,Observed,-16.640952460762772
09,2020-07-01,Nan,-23.688872226195503,1.0,69.0,2020-07-16,2020-07-16,2020,7,GRACE-FO,July,Observed,-16.53489320343455
09,2020-08-01,Nan,-7.244747842094352,1.0,69.0,2020-08-16,2020-08-16,2020,8,GRACE-FO,August,Observed,-16.409900464360774
09,2020-09-01,Nan,3.1459215764100543,1.0,69.0,2020-09-16,2020-09-16,2020,9,GRACE-FO,September,Observed,-15.74022462188914
09,2020-10-01,Nan,5.666366585818584,1.0,69.0,2020-10-16,2020-10-16,2020,10,GRACE-FO,October,Observed,-15.427549184653868
09,2020-11-01,Nan,-0.520797227214063,1.0,69.0,2020-11-16,2020-11-16,2020,11,GRACE-FO,November,Observed,-15.243113973110383
09,2020-12-01,Nan,-17.222705110737337,1.0,69.0,2020-12-16,2020-12-16,2020,12,GRACE-FO,December,Observed,-14.570528628451529
09,2021-01-01,Nan,-21.257586868684715,1.0,69.0,2021-01-16,2021-01-16,2021,1,GRACE-FO,January,Observed,-13.619590586333736
09,2021-02-01,Nan,-19.688848953461093,1.0,69.0,2021-02-15,2021-02-15,2021,2,GRACE-FO,February,Observed,-12.394734764049609
09,2021-03-01,Nan,-21.731704565402044,1.0,69.0,2021-03-16,2021-03-16,2021,3,GRACE-FO,March,Observed,-11.68312816963438
09,2021-04-01,Nan,-25.900234336406314,1.0,69.0,2021-04-16,2021-04-16,2021,4,GRACE-FO,April,Observed,-11.095121713745444
09,2021-05-01,Nan,-21.869997249982575,1.0,69.0,2021-05-16,2021-05-16,2021,5,GRACE-FO,May,Observed,-10.258297087746485
09,2021-06-01,Nan,-13.121880818055468,1.0,69.0,2021-06-16,2021-06-16,2021,6,GRACE-FO,June,Observed,-9.755748282687426
09,2021-07-01,Nan,-8.990602358786004,1.0,69.0,2021-07-16,2021-07-16,2021,7,GRACE-FO,July,Observed,-8.947343096386673
09,2021-08-01,Nan,1.2945312908884254,1.0,69.0,2021-08-16,2021-08-16,2021,8,GRACE-FO,August,Observed,-8.339220091841442
09,2021-09-01,Nan,10.201999047077258,1.0,69.0,2021-09-16,2021-09-16,2021,9,GRACE-FO,September,Observed,-7.851606602791089
09,2021-10-01,Nan,15.708262097806124,1.0,69.0,2021-10-16,2021-10-16,2021,10,GRACE-FO,October,Observed,-7.329565578055782
09,2021-11-01,Nan,5.509788433494619,1.0,69.0,2021-11-16,2021-11-16,2021,11,GRACE-FO,November,Observed,-6.7160720957039715
09,2021-12-01,Nan,-7.521842875128296,1.0,69.0,2021-12-16,2021-12-16,2021,12,GRACE-FO,December,Observed,-5.859639279593773
09,2022-01-01,Nan,-13.960110814141936,1.0,69.0,2022-01-16,2022-01-16,2022,1,GRACE-FO,January,Observed,-5.1393810654249705
09,2022-02-01,Nan,-13.837487084856862,1.0,69.0,2022-02-15,2022-02-15,2022,2,GRACE-FO,February,Observed,-4.438938241030013
09,2022-03-01,Nan,-15.467212268578363,1.0,69.0,2022-03-16,2022-03-16,2022,3,GRACE-FO,March,Observed,-3.7064394531174405
09,2022-04-01,Nan,-18.538312548184575,1.0,69.0,2022-04-16,2022-04-16,2022,4,GRACE-FO,April,Observed,-3.146896826028968
09,2022-05-01,Nan,-11.592803456660203,1.0,69.0,2022-05-16,2022-05-16,2022,5,GRACE-FO,May,Observed,-2.5906298473833167
09,2022-06-01,Nan,-4.4787822480298365,1.0,69.0,2022-06-16,2022-06-16,2022,6,GRACE-FO,June,Observed,-2.0770490236796872
09,2022-07-01,Nan,-0.5852884660465174,1.0,69.0,2022-07-16,2022-07-16,2022,7,GRACE-FO,July,Observed,-1.077827779639729
09,2022-08-01,Nan,10.084516745839302,1.0,69.0,2022-08-16,2022-08-16,2022,8,GRACE-FO,August,Observed,-0.44001001172545845
09,2022-09-01,Nan,16.916510572138932,1.0,69.0,2022-09-16,2022-09-16,2022,9,GRACE-FO,September,Observed,-0.08281294763717846
09,2022-10-01,Nan,22.383465841553935,1.0,69.0,2022-10-16,2022-10-16,2022,10,GRACE-FO,October,Observed,-0.2614796904255276
09,2022-11-01,Nan,11.672758317938172,1.0,69.0,2022-11-16,2022-11-16,2022,11,GRACE-FO,November,Observed,-0.45824828924078975
09,2022-12-01,Nan,4.468812053351201,1.0,69.0,2022-12-16,2022-12-16,2022,12,GRACE-FO,December,Observed,-1.438753047800051
09,2023-01-01,Nan,-6.30629759917069,1.0,69.0,2023-01-16,2023-01-16,2023,1,GRACE-FO,January,Observed,-2.551569490789459
09,2023-02-01,Nan,-9.551122315797503,1.0,69.0,2023-02-15,2023-02-15,2023,2,GRACE-FO,February,Observed,-3.076844561310208
09,2023-03-01,Nan,-17.61121318203855,1.0,69.0,2023-03-16,2023-03-16,2023,3,GRACE-FO,March,Observed,-3.486246400334577
09,2023-04-01,Nan,-20.89953573396772,1.0,69.0,2023-04-16,2023-04-16,2023,4,GRACE-FO,April,Observed,-3.96866873638254
09,2023-05-01,Nan,-23.358860559371337,1.0,69.0,2023-05-16,2023-05-16,2023,5,GRACE-FO,May,Observed,-3.9315255062458863
09,2023-06-01,Nan,-17.832579563902737,1.0,69.0,2023-06-16,2023-06-16,2023,6,GRACE-FO,June,Observed,-3.5742003384011753
09,2023-07-01,Nan,-6.888589312295505,1.0,69.0,2023-07-16,2023-07-16,2023,7,GRACE-FO,July,Observed,-3.617848699484296
09,2023-08-01,Nan,5.171694677546878,1.0,69.0,2023-08-16,2023-08-16,2023,8,GRACE-FO,August,Observed,-3.883993127221329
09,2023-09-01,Nan,11.127442539563374,1.0,69.0,2023-09-16,2023-09-16,2023,9,GRACE-FO,September,Observed,-4.086247128515569
09,2023-10-01,Nan,22.82918460319379,1.0,69.0,2023-10-16,2023-10-16,2023,10,GRACE-FO,October,Observed,-4.001368990389305
09,2023-11-01,Nan,15.960660332074694,1.0,69.0,2023-11-16,2023-11-16,2023,11,GRACE-FO,November,Observed,-4.479173712431646
09,2023-12-01,Nan,3.9450317203537577,1.0,69.0,2023-12-16,2023-12-16,2023,12,GRACE-FO,December,Observed,-4.646569016732349
09,2024-01-01,Nan,-9.500030732015087,1.0,69.0,2024-01-16,2024-01-16,2024,1,GRACE-FO,January,Observed,-4.045229179664241
09,2024-02-01,Nan,-11.97817033132838,1.0,69.0,2024-02-15,2024-02-15,2024,2,GRACE-FO,February,Observed,-4.172804694855166
09,2024-03-01,Nan,-16.592675524523393,1.0,69.0,2024-03-16,2024-03-16,2024,3,GRACE-FO,March,Observed,-3.6225612394261906
09,2024-04-01,Nan,-26.63319239847581,1.0,69.0,2024-04-16,2024-04-16,2024,4,GRACE-FO,April,Observed,-2.310266957904139
09,2024-05-01,Nan,-25.367604210979778,1.0,69.0,2024-05-16,2024-05-16,2024,5,GRACE-FO,May,Observed,-1.9690492128311365
09,2024-06-01,Nan,-10.616501519085427,1.0,69.0,2024-06-16,2024-06-16,2024,6,GRACE-FO,June,Observed,-3.599022807822575
09,2024-07-01,Nan,-8.419495494586606,1.0,69.0,2024-07-16,2024-07-16,2024,7,GRACE-FO,July,Observed,-4.353428260640209
09,2024-08-01,Nan,11.774616142694578,1.0,69.0,2024-08-16,2024-08-16,2024,8,GRACE-FO,August,Observed,-3.7815835415985553
09,2024-09-01,Nan,26.87497391782799,1.0,69.0,2024-09-16,2024-09-16,2024,9,GRACE-FO,September,Observed,-2.757010192882327
09,2024-10-01,Nan,26.923797544069828,1.0,69.0,2024-10-16,2024-10-16,2024,10,GRACE-FO,October,Observed,
10,2002-04-01,Chao Phraya,-12.506198808448389,1.0,46.0,2002-04-18,2002-04-18,2002,4,GRACE,April,Observed,
10,2002-05-01,Chao Phraya,-6.333079787690966,1.0,46.0,2002-05-10,2002-05-10,2002,5,GRACE,May,Observed,
10,2002-06-01,Chao Phraya,,,,,,2002,6,GRACE,June,Missing,
10,2002-07-01,Chao Phraya,,,,,,2002,7,GRACE,July,Missing,
10,2002-08-01,Chao Phraya,23.0333512312993,1.0,46.0,2002-08-16,2002-08-16,2002,8,GRACE,August,Observed,16.100404530454853
10,2002-09-01,Chao Phraya,36.99902747172551,1.0,46.0,2002-09-16,2002-09-16,2002,9,GRACE,September,Observed,14.586351785456303
10,2002-10-01,Chao Phraya,37.08607037656419,1.0,46.0,2002-10-16,2002-10-16,2002,10,GRACE,October,Observed,13.188518752050758
10,2002-11-01,Chao Phraya,31.17068009077067,1.0,46.0,2002-11-16,2002-11-16,2002,11,GRACE,November,Observed,13.788235399955436
10,2002-12-01,Chao Phraya,15.759329468768916,1.0,46.0,2002-12-16,2002-12-16,2002,12,GRACE,December,Observed,14.933894984852012
10,2003-01-01,Chao Phraya,3.594056200649588,1.0,46.0,2003-01-16,2003-01-16,2003,1,GRACE,January,Observed,14.933894984852012
10,2003-02-01,Chao Phraya,2.4739298254679083,1.0,46.0,2003-02-15,2003-02-15,2003,2,GRACE,February,Observed,14.810665286373228
10,2003-03-01,Chao Phraya,0.6080214514008626,1.0,46.0,2003-03-16,2003-03-16,2003,3,GRACE,March,Observed,14.729239728350827
10,2003-04-01,Chao Phraya,-6.509032329401578,1.0,46.0,2003-04-16,2003-04-16,2003,4,GRACE,April,Observed,14.011253407256088
10,2003-05-01,Chao Phraya,5.12351606127474,1.0,46.0,2003-05-11,2003-05-11,2003,5,GRACE,May,Observed,13.075685991979823
10,2003-06-01,Chao Phraya,,,,,,2003,6,GRACE,June,Missing,
10,2003-07-01,Chao Phraya,13.5783683015854,1.0,46.0,2003-07-16,2003-07-16,2003,7,GRACE,July,Observed,11.265945731372888
10,2003-08-01,Chao Phraya,22.137670093052915,1.0,46.0,2003-08-16,2003-08-16,2003,8,GRACE,August,Observed,10.785685884323305
10,2003-09-01,Chao Phraya,29.101177939683367,1.0,46.0,2003-09-16,2003-09-16,2003,9,GRACE,September,Observed,10.063604570397002
10,2003-10-01,Chao Phraya,26.794828808525267,1.0,46.0,2003-10-16,2003-10-16,2003,10,GRACE,October,Observed,8.959641997326981
10,2003-11-01,Chao Phraya,17.87028718763833,1.0,46.0,2003-11-16,2003-11-16,2003,11,GRACE,November,Observed,8.348291511993848
10,2003-12-01,Chao Phraya,9.152579505224988,1.0,46.0,2003-12-16,2003-12-16,2003,12,GRACE,December,Observed,7.157039776297961
10,2004-01-01,Chao Phraya,-1.6888021168958405,1.0,46.0,2004-01-07,2004-01-07,2004,1,GRACE,January,Observed,7.509557848980125
10,2004-02-01,Chao Phraya,-5.468964627721426,1.0,46.0,2004-02-17,2004-02-17,2004,2,GRACE,February,Observed,7.9411165390149465
10,2004-03-01,Chao Phraya,-11.535566852369376,1.0,46.0,2004-03-16,2004-03-16,2004,3,GRACE,March,Observed,8.40575729963952
10,2004-04-01,Chao Phraya,-13.23388766806604,1.0,46.0,2004-04-16,2004-04-16,2004,4,GRACE,April,Observed,8.375083015524986
10,2004-05-01,Chao Phraya,-7.980253031380002,1.0,46.0,2004-05-16,2004-05-16,2004,5,GRACE,May,Observed,7.851554902337862
10,2004-06-01,Chao Phraya,11.387256648483929,1.0,46.0,2004-06-16,2004-06-16,2004,6,GRACE,June,Observed,7.105050351801691
10,2004-07-01,Chao Phraya,18.757072582003257,1.0,46.0,2004-07-16,2004-07-16,2004,7,GRACE,July,Observed,6.294478134649613
10,2004-08-01,Chao Phraya,27.713359220547794,1.0,46.0,2004-08-16,2004-08-16,2004,8,GRACE,August,Observed,5.1639793829706795
10,2004-09-01,Chao Phraya,28.73308653030896,1.0,46.0,2004-09-16,2004-09-16,2004,9,GRACE,September,Observed,4.039802137466914
10,2004-10-01,Chao Phraya,20.512491450279775,1.0,46.0,2004-10-16,2004-10-16,2004,10,GRACE,October,Observed,3.0657147155555626
10,2004-11-01,Chao Phraya,8.912232581204293,1.0,46.0,2004-11-16,2004-11-16,2004,11,GRACE,November,Observed,2.247525043724974
10,2004-12-01,Chao Phraya,-0.5742871005999501,1.0,46.0,2004-12-16,2004-12-16,2004,12,GRACE,December,Observed,0.976488949262292
10,2005-01-01,Chao Phraya,-15.254787137043053,1.0,46.0,2005-01-16,2005-01-16,2005,1,GRACE,January,Observed,-1.2353473354942217
10,2005-02-01,Chao Phraya,-18.95909157376662,1.0,46.0,2005-02-15,2005-02-15,2005,2,GRACE,February,Observed,-3.7189148360441595
10,2005-03-01,Chao Phraya,-23.224615915305588,1.0,46.0,2005-03-16,2005-03-16,2005,3,GRACE,March,Observed,-5.524494234968106
10,2005-04-01,Chao Phraya,-23.05216373003311,1.0,46.0,2005-04-16,2005-04-16,2005,4,GRACE,April,Observed,-6.703541649216143
10,2005-05-01,Chao Phraya,-23.23268616493218,1.0,46.0,2005-05-16,2005-05-16,2005,5,GRACE,May,Observed,-7.029297151204051
10,2005-06-01,Chao Phraya,-15.154778768594236,1.0,46.0,2005-06-16,2005-06-16,2005,6,GRACE,June,Observed,-6.632539201634507
10,2005-07-01,Chao Phraya,-11.045737424595991,1.0,46.0,2005-07-16,2005-07-16,2005,7,GRACE,July,Observed,-6.352415003444791
10,2005-08-01,Chao Phraya,6.046406433460428,1.0,46.0,2005-08-16,2005-08-16,2005,8,GRACE,August,Observed,-5.524818270235017
10,2005-09-01,Chao Phraya,14.584517559332522,1.0,46.0,2005-09-16,2005-09-16,2005,9,GRACE,September,Observed,-5.009441592716071
10,2005-10-01,Chao Phraya,16.603425426424884,1.0,46.0,2005-10-16,2005-10-16,2005,10,GRACE,October,Observed,-4.36966280673698
10,2005-11-01,Chao Phraya,13.673327976038822,1.0,46.0,2005-11-16,2005-11-16,2005,11,GRACE,November,Observed,-3.8374203364219297
10,2005-12-01,Chao Phraya,2.7872032776766162,1.0,46.0,2005-12-16,2005-12-16,2005,12,GRACE,December,Observed,-2.7497309177579314
10,2006-01-01,Chao Phraya,-5.323626338525752,1.0,46.0,2006-01-16,2006-01-16,2006,1,GRACE,January,Observed,-1.5837416455453992
10,2006-02-01,Chao Phraya,-12.77457144353926,1.0,46.0,2006-02-15,2006-02-15,2006,2,GRACE,February,Observed,0.024696833449520412
10,2006-03-01,Chao Phraya,-15.547270483556499,1.0,46.0,2006-03-16,2006-03-16,2006,3,GRACE,March,Observed,1.1828270986336602
10,2006-04-01,Chao Phraya,-16.665254086252506,1.0,46.0,2006-04-16,2006-04-16,2006,4,GRACE,April,Observed,2.132098970247939
10,2006-05-01,Chao Phraya,-10.180413140964204,1.0,46.0,2006-05-16,2006-05-16,2006,5,GRACE,May,Observed,3.1829629649319995
10,2006-06-01,Chao Phraya,-1.1629075020438457,1.0,46.0,2006-06-16,2006-06-16,2006,6,GRACE,June,Observed,3.3536427368800936
10,2006-07-01,Chao Phraya,8.255524323343042,1.0,46.0,2006-07-16,2006-07-16,2006,7,GRACE,July,Observed,3.431949777598955
10,2006-08-01,Chao Phraya,19.943969615670106,1.0,46.0,2006-08-16,2006-08-16,2006,8,GRACE,August,Observed,3.314786607991491
10,2006-09-01,Chao Phraya,25.975780018703865,1.0,46.0,2006-09-16,2006-09-16,2006,9,GRACE,September,Observed,3.3321519791067207
10,2006-10-01,Chao Phraya,29.213793362633613,1.0,46.0,2006-10-16,2006-10-16,2006,10,GRACE,October,Observed,3.1031164686009585
10,2006-11-01,Chao Phraya,15.72148523941595,1.0,46.0,2006-11-16,2006-11-16,2006,11,GRACE,November,Observed,2.9714792606939433
10,2006-12-01,Chao Phraya,3.7268877663029483,1.0,46.0,2006-12-16,2006-12-16,2006,12,GRACE,December,Observed,3.057281707587548
10,2007-01-01,Chao Phraya,-6.729584373815313,1.0,46.0,2007-01-16,2007-01-16,2007,1,GRACE,January,Observed,2.9606559795570244
10,2007-02-01,Chao Phraya,-12.566186990156512,1.0,46.0,2007-02-14,2007-02-14,2007,2,GRACE,February,Observed,2.5578522251208304
10,2007-03-01,Chao Phraya,-18.295696609625644,1.0,46.0,2007-03-16,2007-03-16,2007,3,GRACE,March,Observed,1.4225540647753963
10,2007-04-01,Chao Phraya,-18.244900581136694,1.0,46.0,2007-04-16,2007-04-16,2007,4,GRACE,April,Observed,0.480743014687941
10,2007-05-01,Chao Phraya,-9.150783778240942,1.0,46.0,2007-05-16,2007-05-16,2007,5,GRACE,May,Observed,-0.06255707942485984
10,2007-06-01,Chao Phraya,-2.322416238410131,1.0,46.0,2007-06-16,2007-06-16,2007,6,GRACE,June,Observed,-0.2774096066711936
10,2007-07-01,Chao Phraya,3.421879270108719,1.0,46.0,2007-07-16,2007-07-16,2007,7,GRACE,July,Observed,-0.76098961664497
10,2007-08-01,Chao Phraya,6.320391691524893,1.0,46.0,2007-08-16,2007-08-16,2007,8,GRACE,August,Observed,-0.9839582989229337
10,2007-09-01,Chao Phraya,14.674047417654402,1.0,46.0,2007-09-16,2007-09-16,2007,9,GRACE,September,Observed,-1.1959800842205395
10,2007-10-01,Chao Phraya,22.694192233280003,1.0,46.0,2007-10-16,2007-10-16,2007,10,GRACE,October,Observed,-1.3013132393902038
10,2007-11-01,Chao Phraya,13.143254912459946,1.0,46.0,2007-11-16,2007-11-16,2007,11,GRACE,November,Observed,-1.3371711374290622
10,2007-12-01,Chao Phraya,-2.0760723533823704,1.0,46.0,2007-12-16,2007-12-16,2007,12,GRACE,December,Observed,-1.0247177117797142
10,2008-01-01,Chao Phraya,-9.405208561150877,1.0,46.0,2008-01-16,2008-01-16,2008,1,GRACE,January,Observed,-0.6397249943867739
10,2008-02-01,Chao Phraya,-15.11044841372778,1.0,46.0,2008-02-15,2008-02-15,2008,2,GRACE,February,Observed,-0.3241658171053219
10,2008-03-01,Chao Phraya,-19.559694471661615,1.0,46.0,2008-03-16,2008-03-16,2008,3,GRACE,March,Observed,-0.19750451554018303
10,2008-04-01,Chao Phraya,-18.675195357602995,1.0,46.0,2008-04-16,2008-04-16,2008,4,GRACE,April,Observed,-0.18032171455646293
10,2008-05-01,Chao Phraya,-5.401342670448767,1.0,46.0,2008-05-16,2008-05-16,2008,5,GRACE,May,Observed,-0.5908770790078703
10,2008-06-01,Chao Phraya,2.297496370305153,1.0,46.0,2008-06-16,2008-06-16,2008,6,GRACE,June,Observed,-0.4965159197518136
10,2008-07-01,Chao Phraya,7.2085893974861435,1.0,46.0,2008-07-16,2008-07-16,2008,7,GRACE,July,Observed,-0.2752499792826883
10,2008-08-01,Chao Phraya,7.840327310306559,1.0,46.0,2008-08-16,2008-08-16,2008,8,GRACE,August,Observed,-0.15035632960043102
10,2008-09-01,Chao Phraya,14.880241029459045,1.0,46.0,2008-09-16,2008-09-16,2008,9,GRACE,September,Observed,-0.08997285003315596
10,2008-10-01,Chao Phraya,17.76752785986311,1.0,46.0,2008-10-16,2008-10-16,2008,10,GRACE,October,Observed,0.00480821711183103
10,2008-11-01,Chao Phraya,14.27558882353263,1.0,46.0,2008-11-16,2008-11-16,2008,11,GRACE,November,Observed,0.26737999629361875
10,2008-12-01,Chao Phraya,0.5791189322471314,1.0,46.0,2008-12-16,2008-12-16,2008,12,GRACE,December,Observed,-0.39285622032077033
10,2009-01-01,Chao Phraya,-7.90648476496379,1.0,46.0,2009-01-16,2009-01-16,2009,1,GRACE,January,Observed,-0.7134394550292034
10,2009-02-01,Chao Phraya,-14.38584665892048,1.0,46.0,2009-02-15,2009-02-15,2009,2,GRACE,February,Observed,-1.1732263347942355
10,2009-03-01,Chao Phraya,-18.42232166592177,1.0,46.0,2009-03-16,2009-03-16,2009,3,GRACE,March,Observed,-1.4330657291523652
10,2009-04-01,Chao Phraya,-15.524334007421542,1.0,46.0,2009-04-16,2009-04-16,2009,4,GRACE,April,Observed,-1.740843146195374
10,2009-05-01,Chao Phraya,-13.324177269821437,1.0,46.0,2009-05-16,2009-05-16,2009,5,GRACE,May,Observed,-1.656497219391622
10,2009-06-01,Chao Phraya,-1.5495024461960416,1.0,46.0,2009-06-16,2009-06-16,2009,6,GRACE,June,Observed,-2.1528998890458255
10,2009-07-01,Chao Phraya,1.6911468403057557,1.0,46.0,2009-07-16,2009-07-16,2009,7,GRACE,July,Observed,-2.3377732279070274
10,2009-08-01,Chao Phraya,4.7222545780090055,1.0,46.0,2009-08-16,2009-08-16,2009,8,GRACE,August,Observed,-2.3983323828295755
10,2009-09-01,Chao Phraya,11.186912024942941,1.0,46.0,2009-09-16,2009-09-16,2009,9,GRACE,September,Observed,-2.420250958785903
10,2009-10-01,Chao Phraya,18.77967898150813,1.0,46.0,2009-10-16,2009-10-16,2009,10,GRACE,October,Observed,-2.530902580919745
10,2009-11-01,Chao Phraya,8.318756787682188,1.0,46.0,2009-11-16,2009-11-16,2009,11,GRACE,November,Observed,-3.2510195645858833
10,2009-12-01,Chao Phraya,-1.6393611340872924,1.0,46.0,2009-12-16,2009-12-16,2009,12,GRACE,December,Observed,-4.134233181696332
10,2010-01-01,Chao Phraya,-8.633194624034369,1.0,46.0,2010-01-16,2010-01-16,2010,1,GRACE,January,Observed,-5.816403129497183
10,2010-02-01,Chao Phraya,-14.648869570396405,1.0,46.0,2010-02-15,2010-02-15,2010,2,GRACE,February,Observed,-7.172486698283195
10,2010-03-01,Chao Phraya,-19.750141131527876,1.0,46.0,2010-03-16,2010-03-16,2010,3,GRACE,March,Observed,-7.446353558275152
10,2010-04-01,Chao Phraya,-24.165737811415205,1.0,46.0,2010-04-16,2010-04-16,2010,4,GRACE,April,Observed,-7.499575070557733
10,2010-05-01,Chao Phraya,-23.922740675146816,1.0,46.0,2010-05-16,2010-05-16,2010,5,GRACE,May,Observed,-7.4165703187879055
10,2010-06-01,Chao Phraya,-21.73554181980626,1.0,46.0,2010-06-16,2010-06-16,2010,6,GRACE,June,Observed,-7.363838962833365
10,2010-07-01,Chao Phraya,-14.58185598512638,1.0,46.0,2010-07-16,2010-07-16,2010,7,GRACE,July,Observed,-7.4150096714291704
10,2010-08-01,Chao Phraya,1.4358522581055198,1.0,46.0,2010-08-16,2010-08-16,2010,8,GRACE,August,Observed,-7.304265584828698
10,2010-09-01,Chao Phraya,10.54825387755196,1.0,46.0,2010-09-16,2010-09-16,2010,9,GRACE,September,Observed,-7.3679319901819404
10,2010-10-01,Chao Phraya,19.775736002746054,1.0,46.0,2010-10-16,2010-10-16,2010,10,GRACE,October,Observed,-7.244411930083774
10,2010-11-01,Chao Phraya,8.951533059136683,1.0,46.0,2010-11-16,2010-11-16,2010,11,GRACE,November,Observed,-6.7445498413697464
10,2010-12-01,Chao Phraya,-2.253409637236964,1.0,46.0,2010-12-14,2010-12-14,2010,12,GRACE,December,Observed,-5.490833081206189
10,2011-01-01,Chao Phraya,,,,,,2011,1,GRACE,January,Missing,
10,2011-02-01,Chao Phraya,-15.349200029282073,1.0,46.0,2011-02-18,2011-02-18,2011,2,GRACE,February,Observed,-1.5599302028997735
10,2011-03-01,Chao Phraya,-18.39142047044803,1.0,46.0,2011-03-16,2011-03-16,2011,3,GRACE,March,Observed,0.22090208302460504
10,2011-04-01,Chao Phraya,-18.667254835560907,1.0,46.0,2011-04-16,2011-04-16,2011,4,GRACE,April,Observed,2.353206189870966
10,2011-05-01,Chao Phraya,-10.131856313347681,1.0,46.0,2011-05-16,2011-05-16,2011,5,GRACE,May,Observed,3.1847479591496812
10,2011-06-01,Chao Phraya,,,,,,2011,6,GRACE,June,Missing,
10,2011-07-01,Chao Phraya,8.482464059337694,1.0,46.0,2011-07-18,2011-07-18,2011,7,GRACE,July,Observed,2.696955950298495
10,2011-08-01,Chao Phraya,19.244175117349307,1.0,46.0,2011-08-16,2011-08-16,2011,8,GRACE,August,Observed,2.0689723767347687
10,2011-09-01,Chao Phraya,31.87129494601557,1.0,46.0,2011-09-16,2011-09-16,2011,9,GRACE,September,Observed,2.522027896159208
10,2011-10-01,Chao Phraya,28.091153695533208,2.0,92.0,2011-10-16,2011-10-31,2011,10,GRACE,October,Observed,2.9114097455118086
10,2011-11-01,Chao Phraya,,,,,,2011,11,GRACE,November,Missing,
10,2011-12-01,Chao Phraya,-0.8767526169106381,1.0,46.0,2011-12-28,2011-12-28,2011,12,GRACE,December,Observed,4.800388837362169
10,2012-01-01,Chao Phraya,-3.5828797853387715,1.0,46.0,2012-01-16,2012-01-16,2012,1,GRACE,January,Observed,3.5969781695526146
10,2012-02-01,Chao Phraya,-10.818644835037675,1.0,46.0,2012-02-15,2012-02-15,2012,2,GRACE,February,Observed,3.0101503139257892
10,2012-03-01,Chao Phraya,-14.497601976922024,1.0,46.0,2012-03-16,2012-03-16,2012,3,GRACE,March,Observed,1.6947146477977326
10,2012-04-01,Chao Phraya,-14.709709067767156,1.0,46.0,2012-04-04,2012-04-04,2012,4,GRACE,April,Observed,-0.24345531730799408
10,2012-05-01,Chao Phraya,,,,,,2012,5,GRACE,May,Missing,
10,2012-06-01,Chao Phraya,-7.233717840733377,1.0,46.0,2012-06-16,2012-06-16,2012,6,GRACE,June,Observed,-2.2610567219463436
10,2012-07-01,Chao Phraya,2.6141855030694403,1.0,46.0,2012-07-16,2012-07-16,2012,7,GRACE,July,Observed,-2.2984457274690477
10,2012-08-01,Chao Phraya,6.089818456068741,1.0,46.0,2012-08-16,2012-08-16,2012,8,GRACE,August,Observed,-2.7415170382785434
10,2012-09-01,Chao Phraya,12.489595294958304,1.0,46.0,2012-09-13,2012-09-13,2012,9,GRACE,September,Observed,-3.0230535602621846
10,2012-10-01,Chao Phraya,,,,,,2012,10,GRACE,October,Missing,
10,2012-11-01,Chao Phraya,7.915139649149713,1.0,46.0,2012-11-18,2012-11-18,2012,11,GRACE,November,Observed,-2.2455196809836213
10,2012-12-01,Chao Phraya,-1.250642672137679,1.0,46.0,2012-12-16,2012-12-16,2012,12,GRACE,December,Observed,-4.2671660131629725
10,2013-01-01,Chao Phraya,-8.013592893433724,1.0,46.0,2013-01-16,2013-01-16,2013,1,GRACE,January,Observed,-4.901780521691316
10,2013-02-01,Chao Phraya,-13.634010054874091,1.0,46.0,2013-02-14,2013-02-14,2013,2,GRACE,February,Observed,-5.472284821708465
10,2013-03-01,Chao Phraya,,,,,,2013,3,GRACE,March,Missing,
10,2013-04-01,Chao Phraya,-19.186452570919922,1.0,46.0,2013-04-21,2013-04-21,2013,4,GRACE,April,Observed,-9.162782746013962
10,2013-05-01,Chao Phraya,-22.46198300277713,1.0,46.0,2013-05-16,2013-05-16,2013,5,GRACE,May,Observed,-5.533736257508014
10,2013-06-01,Chao Phraya,-13.579862926016817,1.0,46.0,2013-06-16,2013-06-16,2013,6,GRACE,June,Observed,-5.048878887528597
10,2013-07-01,Chao Phraya,-3.0908574971020464,1.0,46.0,2013-07-16,2013-07-16,2013,7,GRACE,July,Observed,-4.381359467903291
10,2013-08-01,Chao Phraya,,,,,,2013,8,GRACE,August,Missing,
10,2013-09-01,Chao Phraya,,,,,,2013,9,GRACE,September,Missing,
10,2013-10-01,Chao Phraya,23.49863565053957,1.0,46.0,2013-10-16,2013-10-16,2013,10,GRACE,October,Observed,-4.310466639156584
10,2013-11-01,Chao Phraya,12.278855978964463,1.0,46.0,2013-11-16,2013-11-16,2013,11,GRACE,November,Observed,-4.789914970171343
10,2013-12-01,Chao Phraya,4.757032104490072,1.0,46.0,2013-12-16,2013-12-16,2013,12,GRACE,December,Observed,-4.226110161209732
10,2014-01-01,Chao Phraya,-4.4566239783358,1.0,46.0,2014-01-09,2014-01-09,2014,1,GRACE,January,Observed,-4.460839028631219
10,2014-02-01,Chao Phraya,,,,,,2014,2,GRACE,February,Missing,
10,2014-03-01,Chao Phraya,-16.552943511251648,1.0,46.0,2014-03-17,2014-03-17,2014,3,GRACE,March,Observed,-4.218976266112645
10,2014-04-01,Chao Phraya,-23.501487550052754,1.0,46.0,2014-04-16,2014-04-16,2014,4,GRACE,April,Observed,-2.9045628416572424
10,2014-05-01,Chao Phraya,-17.387739722122635,1.0,46.0,2014-05-16,2014-05-16,2014,5,GRACE,May,Observed,-3.9876558859160043
10,2014-06-01,Chao Phraya,-15.692422732810199,1.0,46.0,2014-06-13,2014-06-13,2014,6,GRACE,June,Observed,-4.829147938204406
10,2014-07-01,Chao Phraya,,,,,,2014,7,GRACE,July,Missing,
10,2014-08-01,Chao Phraya,-0.9140926344348898,1.0,46.0,2014-08-16,2014-08-16,2014,8,GRACE,August,Observed,-6.426828087175081
10,2014-09-01,Chao Phraya,8.925157978441389,1.0,46.0,2014-09-16,2014-09-16,2014,9,GRACE,September,Observed,-7.039288895549484
10,2014-10-01,Chao Phraya,12.667705207951956,1.0,46.0,2014-10-16,2014-10-16,2014,10,GRACE,October,Observed,-7.414387859050883
10,2014-11-01,Chao Phraya,3.863935456080438,1.0,46.0,2014-11-16,2014-11-16,2014,11,GRACE,November,Observed,-7.826793088921342
10,2014-12-01,Chao Phraya,,,,,,2014,12,GRACE,December,Missing,
10,2015-01-01,Chao Phraya,-9.249565276377394,1.0,46.0,2015-01-22,2015-01-22,2015,1,GRACE,January,Observed,-5.648471054285073
10,2015-02-01,Chao Phraya,-12.551436170919104,1.0,46.0,2015-02-15,2015-02-15,2015,2,GRACE,February,Observed,-6.2247191677022835
10,2015-03-01,Chao Phraya,-20.303933146265646,1.0,46.0,2015-03-16,2015-03-16,2015,3,GRACE,March,Observed,-6.228733908568458
10,2015-04-01,Chao Phraya,-27.62553984875735,2.0,92.0,2015-04-16,2015-04-27,2015,4,GRACE,April,Observed,-7.725314460321185
10,2015-05-01,Chao Phraya,,,,,,2015,5,GRACE,May,Missing,
10,2015-06-01,Chao Phraya,,,,,,2015,6,GRACE,June,Missing,
10,2015-07-01,Chao Phraya,-10.834704075039966,1.0,46.0,2015-07-15,2015-07-15,2015,7,GRACE,July,Observed,-12.403282004930926
10,2015-08-01,Chao Phraya,-0.950225302230454,1.0,46.0,2015-08-16,2015-08-16,2015,8,GRACE,August,Observed,-13.314819981887338
10,2015-09-01,Chao Phraya,-4.544066987333159,1.0,46.0,2015-09-14,2015-09-14,2015,9,GRACE,September,Observed,-14.535879631923954
10,2015-10-01,Chao Phraya,,,,,,2015,10,GRACE,October,Missing,
10,2015-11-01,Chao Phraya,,,,,,2015,11,GRACE,November,Missing,
10,2015-12-01,Chao Phraya,-13.166785232524344,1.0,46.0,2015-12-23,2015-12-23,2015,12,GRACE,December,Observed,-17.1296451856337
10,2016-01-01,Chao Phraya,-16.54186909202869,1.0,46.0,2016-01-16,2016-01-16,2016,1,GRACE,January,Observed,-18.289572097728062
10,2016-02-01,Chao Phraya,-22.31991337121203,1.0,46.0,2016-02-14,2016-02-14,2016,2,GRACE,February,Observed,-18.573915631061475
10,2016-03-01,Chao Phraya,-31.303542957445984,1.0,46.0,2016-03-16,2016-03-16,2016,3,GRACE,March,Observed,-18.65565269295562
10,2016-04-01,Chao Phraya,,,,,,2016,4,GRACE,April,Missing,
10,2016-05-01,Chao Phraya,-37.37605446725497,1.0,46.0,2016-05-20,2016-05-20,2016,5,GRACE,May,Observed,-20.419600906158426
10,2016-06-01,Chao Phraya,-27.56898739448297,1.0,46.0,2016-06-16,2016-06-16,2016,6,GRACE,June,Observed,-17.036200417556604
10,2016-07-01,Chao Phraya,-13.393795875040693,1.0,46.0,2016-07-15,2016-07-15,2016,7,GRACE,July,Observed,-16.11315270088995
10,2016-08-01,Chao Phraya,-1.685858859277759,1.0,46.0,2016-08-21,2016-08-21,2016,8,GRACE,August,Observed,-15.204444514291206
10,2016-09-01,Chao Phraya,,,,,,2016,9,GRACE,September,Missing,
10,2016-10-01,Chao Phraya,,,,,,2016,10,GRACE,October,Missing,
10,2016-11-01,Chao Phraya,10.03100349125798,1.0,46.0,2016-11-27,2016-11-27,2016,11,GRACE,November,Observed,-13.939811106592959
10,2016-12-01,Chao Phraya,-4.859355782524445,1.0,46.0,2016-12-24,2016-12-24,2016,12,GRACE,December,Observed,-12.282114866312279
10,2017-01-01,Chao Phraya,-8.363495412639994,1.0,46.0,2017-01-21,2017-01-21,2017,1,GRACE,January,Observed,-9.770028244373611
10,2017-02-01,Chao Phraya,,,,,,2017,2,GRACE,February,Missing,
10,2017-03-01,Chao Phraya,-18.325517210324527,1.0,46.0,2017-03-31,2017-03-31,2017,3,GRACE,March,Observed,
10,2017-04-01,Chao Phraya,-23.916238449049263,1.0,46.0,2017-04-24,2017-04-24,2017,4,GRACE,April,Observed,
10,2017-05-01,Chao Phraya,-22.45678830472886,1.0,46.0,2017-05-13,2017-05-13,2017,5,GRACE,May,Observed,
10,2017-06-01,Chao Phraya,-4.960207797034953,1.0,46.0,2017-06-10,2017-06-10,2017,6,GRACE,June,Observed,
10,2017-07-01,Chao Phraya,,,,,,2017,7,Mission gap,July,Missing,
10,2017-08-01,Chao Phraya,,,,,,2017,8,Mission gap,August,Missing,
10,2017-09-01,Chao Phraya,,,,,,2017,9,Mission gap,September,Missing,
10,2017-10-01,Chao Phraya,,,,,,2017,10,Mission gap,October,Missing,
10,2017-11-01,Chao Phraya,,,,,,2017,11,Mission gap,November,Missing,
10,2017-12-01,Chao Phraya,,,,,,2017,12,Mission gap,December,Missing,
10,2018-01-01,Chao Phraya,,,,,,2018,1,Mission gap,January,Missing,
10,2018-02-01,Chao Phraya,,,,,,2018,2,Mission gap,February,Missing,
10,2018-03-01,Chao Phraya,,,,,,2018,3,Mission gap,March,Missing,
10,2018-04-01,Chao Phraya,,,,,,2018,4,Mission gap,April,Missing,
10,2018-05-01,Chao Phraya,,,,,,2018,5,GRACE-FO,May,Missing,
10,2018-06-01,Chao Phraya,0.9398726817676339,1.0,46.0,2018-06-16,2018-06-16,2018,6,GRACE-FO,June,Observed,
10,2018-07-01,Chao Phraya,5.750116596838282,1.0,46.0,2018-07-10,2018-07-10,2018,7,GRACE-FO,July,Observed,
10,2018-08-01,Chao Phraya,,,,,,2018,8,GRACE-FO,August,Missing,
10,2018-09-01,Chao Phraya,,,,,,2018,9,GRACE-FO,September,Missing,
10,2018-10-01,Chao Phraya,14.019068198314345,1.0,46.0,2018-10-31,2018-10-31,2018,10,GRACE-FO,October,Observed,-3.868022252486471
10,2018-11-01,Chao Phraya,5.642704626836704,1.0,46.0,2018-11-16,2018-11-16,2018,11,GRACE-FO,November,Observed,-6.388103252540731
10,2018-12-01,Chao Phraya,-5.75897323418325,1.0,46.0,2018-12-16,2018-12-16,2018,12,GRACE-FO,December,Observed,-8.270440629347759
10,2019-01-01,Chao Phraya,-13.388410634211512,1.0,46.0,2019-01-16,2019-01-16,2019,1,GRACE-FO,January,Observed,-10.429924069891882
10,2019-02-01,Chao Phraya,-17.704832428980772,1.0,46.0,2019-02-15,2019-02-15,2019,2,GRACE-FO,February,Observed,-12.733498991310041
10,2019-03-01,Chao Phraya,-20.443723826273214,1.0,46.0,2019-03-16,2019-03-16,2019,3,GRACE-FO,March,Observed,-11.854188194212037
10,2019-04-01,Chao Phraya,-26.548751252974803,1.0,46.0,2019-04-16,2019-04-16,2019,4,GRACE-FO,April,Observed,-10.093187413354093
10,2019-05-01,Chao Phraya,-25.211477020611017,1.0,46.0,2019-05-16,2019-05-16,2019,5,GRACE-FO,May,Observed,-11.265700474979864
10,2019-06-01,Chao Phraya,-20.654961723673587,1.0,46.0,2019-06-16,2019-06-16,2019,6,GRACE-FO,June,Observed,-12.174416343497667
10,2019-07-01,Chao Phraya,-17.285632617343317,1.0,46.0,2019-07-16,2019-07-16,2019,7,GRACE-FO,July,Observed,-13.308707974513817
10,2019-08-01,Chao Phraya,-3.061080223231988,1.0,46.0,2019-08-16,2019-08-16,2019,8,GRACE-FO,August,Observed,-14.112948581156166
10,2019-09-01,Chao Phraya,9.277821176083279,1.0,46.0,2019-09-16,2019-09-16,2019,9,GRACE-FO,September,Observed,-15.024375707856194
10,2019-10-01,Chao Phraya,-0.05108854119490151,1.0,46.0,2019-10-16,2019-10-16,2019,10,GRACE-FO,October,Observed,-15.587250665877221
10,2019-11-01,Chao Phraya,-5.261885795376938,1.0,46.0,2019-11-16,2019-11-16,2019,11,GRACE-FO,November,Observed,-15.469490253946548
10,2019-12-01,Chao Phraya,-19.370472806377055,1.0,46.0,2019-12-16,2019-12-16,2019,12,GRACE-FO,December,Observed,-15.567325900669415
10,2020-01-01,Chao Phraya,-23.03929791391967,1.0,46.0,2020-01-16,2020-01-16,2020,1,GRACE-FO,January,Observed,-16.171711060286576
10,2020-02-01,Chao Phraya,-28.641957949381126,1.0,46.0,2020-02-15,2020-02-15,2020,2,GRACE-FO,February,Observed,-16.96711072593736
10,2020-03-01,Chao Phraya,-27.198223322525525,1.0,46.0,2020-03-16,2020-03-16,2020,3,GRACE-FO,March,Observed,-17.44653805761401
10,2020-04-01,Chao Phraya,-25.135626309806735,1.0,46.0,2020-04-16,2020-04-16,2020,4,GRACE-FO,April,Observed,-18.18275045447218
10,2020-05-01,Chao Phraya,-26.385504781285412,1.0,46.0,2020-05-16,2020-05-16,2020,5,GRACE-FO,May,Observed,-17.310150259048005
10,2020-06-01,Chao Phraya,-27.907583639079533,1.0,46.0,2020-06-16,2020-06-16,2020,6,GRACE-FO,June,Observed,-16.94763012539449
10,2020-07-01,Chao Phraya,-26.830428605152733,1.0,46.0,2020-07-16,2020-07-16,2020,7,GRACE-FO,July,Observed,-16.742640714493945
10,2020-08-01,Chao Phraya,-8.814208203351784,1.0,46.0,2020-08-16,2020-08-16,2020,8,GRACE-FO,August,Observed,-16.458345886229527
10,2020-09-01,Chao Phraya,0.4432724137852177,1.0,46.0,2020-09-16,2020-09-16,2020,9,GRACE-FO,September,Observed,-15.694383814594017
10,2020-10-01,Chao Phraya,10.420113803895239,1.0,46.0,2020-10-16,2020-10-16,2020,10,GRACE-FO,October,Observed,-15.324797158703722
10,2020-11-01,Chao Phraya,-0.9116441915347819,1.0,46.0,2020-11-16,2020-11-16,2020,11,GRACE-FO,November,Observed,-15.34580601674621
10,2020-12-01,Chao Phraya,-16.910599875570526,1.0,46.0,2020-12-16,2020-12-16,2020,12,GRACE-FO,December,Observed,-15.277200790410115
10,2021-01-01,Chao Phraya,-19.627759974746606,1.0,46.0,2021-01-16,2021-01-16,2021,1,GRACE-FO,January,Observed,-14.424932344003345
10,2021-02-01,Chao Phraya,-19.474413089755036,1.0,46.0,2021-02-15,2021-02-15,2021,2,GRACE-FO,February,Observed,-13.23802352433418
10,2021-03-01,Chao Phraya,-22.763183451841993,1.0,46.0,2021-03-16,2021-03-16,2021,3,GRACE-FO,March,Observed,-12.691901065203718
10,2021-04-01,Chao Phraya,-25.387732606316565,1.0,46.0,2021-04-16,2021-04-16,2021,4,GRACE-FO,April,Observed,-11.97374263568409
10,2021-05-01,Chao Phraya,-25.5622420652523,1.0,46.0,2021-05-16,2021-05-16,2021,5,GRACE-FO,May,Observed,-11.355750081841125
10,2021-06-01,Chao Phraya,-17.680362282198306,1.0,46.0,2021-06-16,2021-06-16,2021,6,GRACE-FO,June,Observed,-10.745822590714914
10,2021-07-01,Chao Phraya,-12.587522769122712,1.0,46.0,2021-07-16,2021-07-16,2021,7,GRACE-FO,July,Observed,-9.953072107359443
10,2021-08-01,Chao Phraya,-2.260738693786272,1.0,46.0,2021-08-16,2021-08-16,2021,8,GRACE-FO,August,Observed,-9.4108924682125
10,2021-09-01,Chao Phraya,9.061173568020767,1.0,46.0,2021-09-16,2021-09-16,2021,9,GRACE-FO,September,Observed,-8.88941824736194
10,2021-10-01,Chao Phraya,17.836024450010825,1.0,46.0,2021-10-16,2021-10-16,2021,10,GRACE-FO,October,Observed,-8.308762509390467
10,2021-11-01,Chao Phraya,6.407485701979756,1.0,46.0,2021-11-16,2021-11-16,2021,11,GRACE-FO,November,Observed,-7.833600526978267
10,2021-12-01,Chao Phraya,-7.397594075304897,1.0,46.0,2021-12-16,2021-12-16,2021,12,GRACE-FO,December,Observed,-6.6006444439001015
10,2022-01-01,Chao Phraya,-13.121604304983293,1.0,46.0,2022-01-16,2022-01-16,2022,1,GRACE-FO,January,Observed,-5.6358559729081215
10,2022-02-01,Chao Phraya,-13.216722439548299,1.0,46.0,2022-02-15,2022-02-15,2022,2,GRACE-FO,February,Observed,-5.135623906244715
10,2022-03-01,Chao Phraya,-15.79531459618432,1.0,46.0,2022-03-16,2022-03-16,2022,3,GRACE-FO,March,Observed,-4.953926485920234
10,2022-04-01,Chao Phraya,-19.685788817370177,1.0,46.0,2022-04-16,2022-04-16,2022,4,GRACE-FO,April,Observed,-4.991421157103393
10,2022-05-01,Chao Phraya,-10.766769068314296,1.0,46.0,2022-05-16,2022-05-16,2022,5,GRACE-FO,May,Observed,-4.843588145926156
10,2022-06-01,Chao Phraya,-6.102900630294554,1.0,46.0,2022-06-16,2022-06-16,2022,6,GRACE-FO,June,Observed,-4.422949133676607
10,2022-07-01,Chao Phraya,-6.584737969161824,1.0,46.0,2022-07-16,2022-07-16,2022,7,GRACE-FO,July,Observed,-3.562638442877755
10,2022-08-01,Chao Phraya,-0.08036964989250625,1.0,46.0,2022-08-16,2022-08-16,2022,8,GRACE-FO,August,Observed,-3.1180590745830847
10,2022-09-01,Chao Phraya,8.611237513822859,1.0,46.0,2022-09-16,2022-09-16,2022,9,GRACE-FO,September,Observed,-2.8955288532437304
10,2022-10-01,Chao Phraya,19.610020584137672,1.0,46.0,2022-10-16,2022-10-16,2022,10,GRACE-FO,October,Observed,-3.1774689410072092
10,2022-11-01,Chao Phraya,11.455153848974346,1.0,46.0,2022-11-16,2022-11-16,2022,11,GRACE-FO,November,Observed,-3.2085893028600077
10,2022-12-01,Chao Phraya,2.926134214281323,1.0,46.0,2022-12-16,2022-12-16,2022,12,GRACE-FO,December,Observed,-4.454828035446968
10,2023-01-01,Chao Phraya,-7.786651885447248,1.0,46.0,2023-01-16,2023-01-16,2023,1,GRACE-FO,January,Observed,-5.653474334085419
10,2023-02-01,Chao Phraya,-10.546359783476053,1.0,46.0,2023-02-15,2023-02-15,2023,2,GRACE-FO,February,Observed,-6.2796207427178485
10,2023-03-01,Chao Phraya,-19.178595649346065,1.0,46.0,2023-03-16,2023-03-16,2023,3,GRACE-FO,March,Observed,-6.824781400455824
10,2023-04-01,Chao Phraya,-20.05923315960376,1.0,46.0,2023-04-16,2023-04-16,2023,4,GRACE-FO,April,Observed,-7.448430184879979
10,2023-05-01,Chao Phraya,-25.721633859357823,1.0,46.0,2023-05-16,2023-05-16,2023,5,GRACE-FO,May,Observed,-7.336932661260248
10,2023-06-01,Chao Phraya,-20.486656213955968,1.0,46.0,2023-06-16,2023-06-16,2023,6,GRACE-FO,June,Observed,-7.178015058456619
10,2023-07-01,Chao Phraya,-14.098494872750974,1.0,46.0,2023-07-16,2023-07-16,2023,7,GRACE-FO,July,Observed,-7.571309492354998
10,2023-08-01,Chao Phraya,-6.622297542748203,1.0,46.0,2023-08-16,2023-08-16,2023,8,GRACE-FO,August,Observed,-7.950457534310316
10,2023-09-01,Chao Phraya,1.127452100732983,1.0,46.0,2023-09-16,2023-09-16,2023,9,GRACE-FO,September,Observed,-8.33531711025945
10,2023-10-01,Chao Phraya,20.947990867574454,1.0,46.0,2023-10-16,2023-10-16,2023,10,GRACE-FO,October,Observed,-8.245860113391872
10,2023-11-01,Chao Phraya,13.36216508261789,1.0,46.0,2023-11-16,2023-11-16,2023,11,GRACE-FO,November,Observed,-8.878586689182587
10,2023-12-01,Chao Phraya,-1.793398992499221,1.0,46.0,2023-12-16,2023-12-16,2023,12,GRACE-FO,December,Observed,-9.150470521186197
10,2024-01-01,Chao Phraya,-12.336428388911052,1.0,46.0,2024-01-16,2024-01-16,2024,1,GRACE-FO,January,Observed,-9.058724823201786
10,2024-02-01,Chao Phraya,-15.164674694865674,1.0,46.0,2024-02-15,2024-02-15,2024,2,GRACE-FO,February,Observed,-9.24006860296623
10,2024-03-01,Chao Phraya,-18.105111686935153,1.0,46.0,2024-03-16,2024-03-16,2024,3,GRACE-FO,March,Observed,-8.756414730303986
10,2024-04-01,Chao Phraya,-27.651952069092314,1.0,46.0,2024-04-16,2024-04-16,2024,4,GRACE-FO,April,Observed,-7.92004481252891
10,2024-05-01,Chao Phraya,-28.984239843401134,1.0,46.0,2024-05-16,2024-05-16,2024,5,GRACE-FO,May,Observed,-8.31887169204382
10,2024-06-01,Chao Phraya,-19.38570783814303,1.0,46.0,2024-06-16,2024-06-16,2024,6,GRACE-FO,June,Observed,-10.289875035194884
10,2024-07-01,Chao Phraya,-16.27462022992433,1.0,46.0,2024-07-16,2024-07-16,2024,7,GRACE-FO,July,Observed,-11.139522639464449
10,2024-08-01,Chao Phraya,-0.8184510708012394,1.0,46.0,2024-08-16,2024-08-16,2024,8,GRACE-FO,August,Observed,-11.006533111748162
10,2024-09-01,Chao Phraya,11.16389111403389,1.0,46.0,2024-09-16,2024-09-16,2024,9,GRACE-FO,September,Observed,-10.486765413858471
10,2024-10-01,Chao Phraya,16.162068313395537,1.0,46.0,2024-10-16,2024-10-16,2024,10,GRACE-FO,October,Observed,
11,2002-04-01,Sakae Krang,-14.657672694291483,1.0,15.0,2002-04-18,2002-04-18,2002,4,GRACE,April,Observed,
11,2002-05-01,Sakae Krang,-9.045067231850895,1.0,15.0,2002-05-10,2002-05-10,2002,5,GRACE,May,Observed,
11,2002-06-01,Sakae Krang,,,,,,2002,6,GRACE,June,Missing,
11,2002-07-01,Sakae Krang,,,,,,2002,7,GRACE,July,Missing,
11,2002-08-01,Sakae Krang,19.721416823521512,1.0,15.0,2002-08-16,2002-08-16,2002,8,GRACE,August,Observed,11.963814255501086
11,2002-09-01,Sakae Krang,30.352322115473733,1.0,15.0,2002-09-16,2002-09-16,2002,9,GRACE,September,Observed,10.639213388310015
11,2002-10-01,Sakae Krang,30.99662189755922,1.0,15.0,2002-10-16,2002-10-16,2002,10,GRACE,October,Observed,9.498971784970738
11,2002-11-01,Sakae Krang,24.79344165253468,1.0,15.0,2002-11-16,2002-11-16,2002,11,GRACE,November,Observed,10.182287625396166
11,2002-12-01,Sakae Krang,10.280221567313069,1.0,15.0,2002-12-16,2002-12-16,2002,12,GRACE,December,Observed,11.13456010639141
11,2003-01-01,Sakae Krang,3.269229913748864,1.0,15.0,2003-01-16,2003-01-16,2003,1,GRACE,January,Observed,11.13456010639141
11,2003-02-01,Sakae Krang,0.042406450781440355,1.0,15.0,2003-02-15,2003-02-15,2003,2,GRACE,February,Observed,11.443739962547712
11,2003-03-01,Sakae Krang,-0.7632026450827427,1.0,15.0,2003-03-16,2003-03-16,2003,3,GRACE,March,Observed,11.393104808183985
11,2003-04-01,Sakae Krang,-7.824514290037226,1.0,15.0,2003-04-16,2003-04-16,2003,4,GRACE,April,Observed,10.951022873543938
11,2003-05-01,Sakae Krang,0.4776575781015507,1.0,15.0,2003-05-11,2003-05-11,2003,5,GRACE,May,Observed,10.250316972273195
11,2003-06-01,Sakae Krang,,,,,,2003,6,GRACE,June,Missing,
11,2003-07-01,Sakae Krang,14.535538524110724,1.0,15.0,2003-07-16,2003-07-16,2003,7,GRACE,July,Observed,8.732487910356287
11,2003-08-01,Sakae Krang,19.16443012552052,1.0,15.0,2003-08-16,2003-08-16,2003,8,GRACE,August,Observed,8.16037418965957
11,2003-09-01,Sakae Krang,25.489420834433215,1.0,15.0,2003-09-16,2003-09-16,2003,9,GRACE,September,Observed,7.3537140457429615
11,2003-10-01,Sakae Krang,23.288856983581038,1.0,15.0,2003-10-16,2003-10-16,2003,10,GRACE,October,Observed,6.1873351995013905
11,2003-11-01,Sakae Krang,13.392080709606688,1.0,15.0,2003-11-16,2003-11-16,2003,11,GRACE,November,Observed,5.466553407436693
11,2003-12-01,Sakae Krang,4.98546282915509,1.0,15.0,2003-12-16,2003-12-16,2003,12,GRACE,December,Observed,4.462108617198083
11,2004-01-01,Sakae Krang,-3.024021013915034,1.0,15.0,2004-01-07,2004-01-07,2004,1,GRACE,January,Observed,4.679329895778511
11,2004-02-01,Sakae Krang,-8.830855132301252,1.0,15.0,2004-02-17,2004-02-17,2004,2,GRACE,February,Observed,4.904189022513982
11,2004-03-01,Sakae Krang,-13.593369953740021,1.0,15.0,2004-03-16,2004-03-16,2004,3,GRACE,March,Observed,5.533269035440455
11,2004-04-01,Sakae Krang,-15.753114002748893,1.0,15.0,2004-04-16,2004-04-16,2004,4,GRACE,April,Observed,5.559988964408524
11,2004-05-01,Sakae Krang,-10.571235114523164,1.0,15.0,2004-05-16,2004-05-16,2004,5,GRACE,May,Observed,5.1295351763624835
11,2004-06-01,Sakae Krang,7.068763960163218,1.0,15.0,2004-06-16,2004-06-16,2004,6,GRACE,June,Observed,4.742724121529105
11,2004-07-01,Sakae Krang,17.233848044936384,1.0,15.0,2004-07-16,2004-07-16,2004,7,GRACE,July,Observed,4.23293141995827
11,2004-08-01,Sakae Krang,26.71339028063819,1.0,15.0,2004-08-16,2004-08-16,2004,8,GRACE,August,Observed,3.297994072275433
11,2004-09-01,Sakae Krang,25.81005998205005,1.0,15.0,2004-09-16,2004-09-16,2004,9,GRACE,September,Observed,2.616339279045773
11,2004-10-01,Sakae Krang,18.123411527028537,1.0,15.0,2004-10-16,2004-10-16,2004,10,GRACE,October,Observed,1.8908982406205137
11,2004-11-01,Sakae Krang,8.750348051606148,1.0,15.0,2004-11-16,2004-11-16,2004,11,GRACE,November,Observed,1.2084642513668769
11,2004-12-01,Sakae Krang,-1.1320495896949256,1.0,15.0,2004-12-16,2004-12-16,2004,12,GRACE,December,Observed,0.2010630860413931
11,2005-01-01,Sakae Krang,-14.243269186109078,1.0,15.0,2005-01-16,2005-01-16,2005,1,GRACE,January,Observed,-1.4124879028965285
11,2005-02-01,Sakae Krang,-17.010712651057165,1.0,15.0,2005-02-15,2005-02-15,2005,2,GRACE,February,Observed,-3.3837332493230385
11,2005-03-01,Sakae Krang,-22.298662414843136,1.0,15.0,2005-03-16,2005-03-16,2005,3,GRACE,March,Observed,-4.793749728109961
11,2005-04-01,Sakae Krang,-23.942321873792537,1.0,15.0,2005-04-16,2005-04-16,2005,4,GRACE,April,Observed,-5.629399085978126
11,2005-05-01,Sakae Krang,-22.660049098428967,1.0,15.0,2005-05-16,2005-05-16,2005,5,GRACE,May,Observed,-5.824901844379544
11,2005-06-01,Sakae Krang,-12.293847907091838,1.0,15.0,2005-06-16,2005-06-16,2005,6,GRACE,June,Observed,-5.553078586166788
11,2005-07-01,Sakae Krang,-6.42109611218174,1.0,15.0,2005-07-16,2005-07-16,2005,7,GRACE,July,Observed,-5.24904778115339
11,2005-08-01,Sakae Krang,9.793192535195121,1.0,15.0,2005-08-16,2005-08-16,2005,8,GRACE,August,Observed,-4.565899546365387
11,2005-09-01,Sakae Krang,15.782267687632071,1.0,15.0,2005-09-16,2005-09-16,2005,9,GRACE,September,Observed,-4.237363941993066
11,2005-10-01,Sakae Krang,15.777378426211529,1.0,15.0,2005-10-16,2005-10-16,2005,10,GRACE,October,Observed,-3.715605563900708
11,2005-11-01,Sakae Krang,12.01222715015921,1.0,15.0,2005-11-16,2005-11-16,2005,11,GRACE,November,Observed,-3.1472509341569013
11,2005-12-01,Sakae Krang,2.5163200704658424,1.0,15.0,2005-12-16,2005-12-16,2005,12,GRACE,December,Observed,-2.150127505172516
11,2006-01-01,Sakae Krang,-6.045490368653029,1.0,15.0,2006-01-16,2006-01-16,2006,1,GRACE,January,Observed,-1.252504826900289
11,2006-02-01,Sakae Krang,-13.068285398589312,1.0,15.0,2006-02-15,2006-02-15,2006,2,GRACE,February,Observed,0.2999889201257309
11,2006-03-01,Sakae Krang,-16.03756187773484,1.0,15.0,2006-03-16,2006-03-16,2006,3,GRACE,March,Observed,1.1494998479091174
11,2006-04-01,Sakae Krang,-17.12206631686686,1.0,15.0,2006-04-16,2006-04-16,2006,4,GRACE,April,Observed,1.9122246598924082
11,2006-05-01,Sakae Krang,-10.694567950616342,1.0,15.0,2006-05-16,2006-05-16,2006,5,GRACE,May,Observed,2.809672696065705
11,2006-06-01,Sakae Krang,-1.5223757678251133,1.0,15.0,2006-06-16,2006-06-16,2006,6,GRACE,June,Observed,2.933904487086952
11,2006-07-01,Sakae Krang,12.2088288521305,1.0,15.0,2006-07-16,2006-07-16,2006,7,GRACE,July,Observed,2.9508625235390435
11,2006-08-01,Sakae Krang,19.98732366859576,1.0,15.0,2006-08-16,2006-08-16,2006,8,GRACE,August,Observed,2.8792140598087794
11,2006-09-01,Sakae Krang,24.93496543143156,1.0,15.0,2006-09-16,2006-09-16,2006,9,GRACE,September,Observed,2.9733720871393436
11,2006-10-01,Sakae Krang,26.546754860291085,1.0,15.0,2006-10-16,2006-10-16,2006,10,GRACE,October,Observed,2.8719456999593795
11,2006-11-01,Sakae Krang,13.503008642414182,1.0,15.0,2006-11-16,2006-11-16,2006,11,GRACE,November,Observed,2.7753805090206516
11,2006-12-01,Sakae Krang,2.7198165078909335,1.0,15.0,2006-12-16,2006-12-16,2006,12,GRACE,December,Observed,2.856046943224763
11,2007-01-01,Sakae Krang,-6.905271933416195,1.0,15.0,2007-01-16,2007-01-16,2007,1,GRACE,January,Observed,2.7050818053214556
11,2007-02-01,Sakae Krang,-11.938389070622549,1.0,15.0,2007-02-14,2007-02-14,2007,2,GRACE,February,Observed,2.1630312271253023
11,2007-03-01,Sakae Krang,-17.254678523894405,1.0,15.0,2007-03-16,2007-03-16,2007,3,GRACE,March,Observed,1.353100688643097
11,2007-04-01,Sakae Krang,-18.280848608131596,1.0,15.0,2007-04-16,2007-04-16,2007,4,GRACE,April,Observed,0.7780399552589717
11,2007-05-01,Sakae Krang,-9.726570740167002,1.0,15.0,2007-05-16,2007-05-16,2007,5,GRACE,May,Observed,0.5229111518009107
11,2007-06-01,Sakae Krang,-3.3339574226648048,1.0,15.0,2007-06-16,2007-06-16,2007,6,GRACE,June,Observed,0.4000579189263065
11,2007-07-01,Sakae Krang,5.704221913776659,1.0,15.0,2007-07-16,2007-07-16,2007,7,GRACE,July,Observed,0.06911365635800953
11,2007-08-01,Sakae Krang,10.268157206809294,1.0,15.0,2007-08-16,2007-08-16,2007,8,GRACE,August,Observed,-0.08948963310164489
11,2007-09-01,Sakae Krang,18.03423663082206,1.0,15.0,2007-09-16,2007-09-16,2007,9,GRACE,September,Observed,-0.25246670490826145
11,2007-10-01,Sakae Krang,23.485209218794353,1.0,15.0,2007-10-16,2007-10-16,2007,10,GRACE,October,Observed,-0.3827362593933352
11,2007-11-01,Sakae Krang,12.02876984791893,1.0,15.0,2007-11-16,2007-11-16,2007,11,GRACE,November,Observed,-0.376932887308487
11,2007-12-01,Sakae Krang,-1.25151464292863,1.0,15.0,2007-12-16,2007-12-16,2007,12,GRACE,December,Observed,-0.11765001574801515
11,2008-01-01,Sakae Krang,-8.808511406932048,1.0,15.0,2008-01-16,2008-01-16,2008,1,GRACE,January,Observed,0.11517481173686701
11,2008-02-01,Sakae Krang,-13.894113932301947,1.0,15.0,2008-02-15,2008-02-15,2008,2,GRACE,February,Observed,0.33514543569356303
11,2008-03-01,Sakae Krang,-18.81791317771529,1.0,15.0,2008-03-16,2008-03-16,2008,3,GRACE,March,Observed,0.5613646339830394
11,2008-04-01,Sakae Krang,-18.211208143113417,1.0,15.0,2008-04-16,2008-04-16,2008,4,GRACE,April,Observed,0.3880462891342769
11,2008-05-01,Sakae Krang,-6.6151762814413395,1.0,15.0,2008-05-16,2008-05-16,2008,5,GRACE,May,Observed,-0.1484830789563573
11,2008-06-01,Sakae Krang,-0.5400594928462189,1.0,15.0,2008-06-16,2008-06-16,2008,6,GRACE,June,Observed,-0.1070114899490795
11,2008-07-01,Sakae Krang,8.343869401257011,1.0,15.0,2008-07-16,2008-07-16,2008,7,GRACE,July,Observed,0.04909125228188548
11,2008-08-01,Sakae Krang,12.98278758628301,1.0,15.0,2008-08-16,2008-08-16,2008,8,GRACE,August,Observed,0.06430080028817908
11,2008-09-01,Sakae Krang,15.954416492636913,1.0,15.0,2008-09-16,2008-09-16,2008,9,GRACE,September,Observed,0.10906064569959299
11,2008-10-01,Sakae Krang,17.046856801706742,1.0,15.0,2008-10-16,2008-10-16,2008,10,GRACE,October,Observed,0.2053299194475017
11,2008-11-01,Sakae Krang,12.526428916006264,1.0,15.0,2008-11-16,2008-11-16,2008,11,GRACE,November,Observed,0.36258215488263296
11,2008-12-01,Sakae Krang,0.6217182638429498,1.0,15.0,2008-12-16,2008-12-16,2008,12,GRACE,December,Observed,-0.2718612434401195
11,2009-01-01,Sakae Krang,-8.625996830856526,1.0,15.0,2009-01-16,2009-01-16,2009,1,GRACE,January,Observed,-0.48422290149488684
11,2009-02-01,Sakae Krang,-13.35699578736498,1.0,15.0,2009-02-15,2009-02-15,2009,2,GRACE,February,Observed,-0.9375686946789279
11,2009-03-01,Sakae Krang,-17.662681892740384,1.0,15.0,2009-03-16,2009-03-16,2009,3,GRACE,March,Observed,-1.1932574232557591
11,2009-04-01,Sakae Krang,-16.324181317891842,1.0,15.0,2009-04-16,2009-04-16,2009,4,GRACE,April,Observed,-1.3926067822066985
11,2009-05-01,Sakae Krang,-14.22849706131437,1.0,15.0,2009-05-16,2009-05-16,2009,5,GRACE,May,Observed,-1.4810043447335495
11,2009-06-01,Sakae Krang,-3.0883993895034267,1.0,15.0,2009-06-16,2009-06-16,2009,6,GRACE,June,Observed,-1.9002576009343084
11,2009-07-01,Sakae Krang,2.9037198830485185,1.0,15.0,2009-07-16,2009-07-16,2009,7,GRACE,July,Observed,-2.05295116185049
11,2009-08-01,Sakae Krang,9.914522843361032,1.0,15.0,2009-08-16,2009-08-16,2009,8,GRACE,August,Observed,-2.0329208990721397
11,2009-09-01,Sakae Krang,13.562224185225642,1.0,15.0,2009-09-16,2009-09-16,2009,9,GRACE,September,Observed,-2.1181593363922393
11,2009-10-01,Sakae Krang,15.986086051384532,1.0,15.0,2009-10-16,2009-10-16,2009,10,GRACE,October,Observed,-2.2013156822421167
11,2009-11-01,Sakae Krang,7.495389841597156,1.0,15.0,2009-11-16,2009-11-16,2009,11,GRACE,November,Observed,-2.8261515477809858
11,2009-12-01,Sakae Krang,-1.2106044671512262,1.0,15.0,2009-12-16,2009-12-16,2009,12,GRACE,December,Observed,-3.4679826034792285
11,2010-01-01,Sakae Krang,-8.385633677516322,1.0,15.0,2010-01-16,2010-01-16,2010,1,GRACE,January,Observed,-4.563161961843458
11,2010-02-01,Sakae Krang,-14.37985703520618,1.0,15.0,2010-02-15,2010-02-15,2010,2,GRACE,February,Observed,-5.664087908002057
11,2010-03-01,Sakae Krang,-18.66055804293891,1.0,15.0,2010-03-16,2010-03-16,2010,3,GRACE,March,Observed,-6.032991836412478
11,2010-04-01,Sakae Krang,-23.822211704358274,1.0,15.0,2010-04-16,2010-04-16,2010,4,GRACE,April,Observed,-6.0807953841653175
11,2010-05-01,Sakae Krang,-21.930469729693286,1.0,15.0,2010-05-16,2010-05-16,2010,5,GRACE,May,Observed,-5.800196104580631
11,2010-06-01,Sakae Krang,-16.230551689874172,1.0,15.0,2010-06-16,2010-06-16,2010,6,GRACE,June,Observed,-5.683544940315021
11,2010-07-01,Sakae Krang,-10.30739147085468,1.0,15.0,2010-07-16,2010-07-16,2010,7,GRACE,July,Observed,-5.614063369276647
11,2010-08-01,Sakae Krang,5.487675702435977,1.0,15.0,2010-08-16,2010-08-16,2010,8,GRACE,August,Observed,-5.36210243216395
11,2010-09-01,Sakae Krang,12.98858161219158,1.0,15.0,2010-09-16,2010-09-16,2010,9,GRACE,September,Observed,-5.412702207128983
11,2010-10-01,Sakae Krang,19.353277406400764,1.0,15.0,2010-10-16,2010-10-16,2010,10,GRACE,October,Observed,-5.274725783426958
11,2010-11-01,Sakae Krang,8.895203812784485,1.0,15.0,2010-11-16,2010-11-16,2010,11,GRACE,November,Observed,-4.816970427394176
11,2010-12-01,Sakae Krang,-0.3768256146907559,1.0,15.0,2010-12-14,2010-12-14,2010,12,GRACE,December,Observed,-3.701382580799775
11,2011-01-01,Sakae Krang,,,,,,2011,1,GRACE,January,Missing,
11,2011-02-01,Sakae Krang,-14.936454559821534,1.0,15.0,2011-02-18,2011-02-18,2011,2,GRACE,February,Observed,-0.2638963034895708
11,2011-03-01,Sakae Krang,-17.142817382216634,1.0,15.0,2011-03-16,2011-03-16,2011,3,GRACE,March,Observed,1.1776532581931147
11,2011-04-01,Sakae Krang,-18.786902787997665,1.0,15.0,2011-04-16,2011-04-16,2011,4,GRACE,April,Observed,3.153348156174579
11,2011-05-01,Sakae Krang,-9.65900341715489,1.0,15.0,2011-05-16,2011-05-16,2011,5,GRACE,May,Observed,4.019480987206405
11,2011-06-01,Sakae Krang,,,,,,2011,6,GRACE,June,Missing,
11,2011-07-01,Sakae Krang,11.538302193172969,1.0,15.0,2011-07-18,2011-07-18,2011,7,GRACE,July,Observed,3.413734655651514
11,2011-08-01,Sakae Krang,19.90317131926283,1.0,15.0,2011-08-16,2011-08-16,2011,8,GRACE,August,Observed,2.7825250663020347
11,2011-09-01,Sakae Krang,32.74553059200622,1.0,15.0,2011-09-16,2011-09-16,2011,9,GRACE,September,Observed,3.1080331251137334
11,2011-10-01,Sakae Krang,28.014605716719032,2.0,30.0,2011-10-16,2011-10-31,2011,10,GRACE,October,Observed,3.4184243304114865
11,2011-11-01,Sakae Krang,,,,,,2011,11,GRACE,November,Missing,
11,2011-12-01,Sakae Krang,-0.9528197731067038,1.0,15.0,2011-12-28,2011-12-28,2011,12,GRACE,December,Observed,5.208485370450096
11,2012-01-01,Sakae Krang,-2.898361237843278,1.0,15.0,2012-01-16,2012-01-16,2012,1,GRACE,January,Observed,4.1150301057586915
11,2012-02-01,Sakae Krang,-11.681373971704542,1.0,15.0,2012-02-15,2012-02-15,2012,2,GRACE,February,Observed,3.3868774443315934
11,2012-03-01,Sakae Krang,-14.038905329239109,1.0,15.0,2012-03-16,2012-03-16,2012,3,GRACE,March,Observed,2.659605539915165
11,2012-04-01,Sakae Krang,-15.753781175216554,1.0,15.0,2012-04-04,2012-04-04,2012,4,GRACE,April,Observed,1.164789838971726
11,2012-05-01,Sakae Krang,,,,,,2012,5,GRACE,May,Missing,
11,2012-06-01,Sakae Krang,-5.72606727646395,1.0,15.0,2012-06-16,2012-06-16,2012,6,GRACE,June,Observed,-0.8033648578140011
11,2012-07-01,Sakae Krang,4.256775578901996,1.0,15.0,2012-07-16,2012-07-16,2012,7,GRACE,July,Observed,-0.6828488154069582
11,2012-08-01,Sakae Krang,12.630452275098545,1.0,15.0,2012-08-16,2012-08-16,2012,8,GRACE,August,Observed,-1.0361791302429437
11,2012-09-01,Sakae Krang,17.797373582571826,1.0,15.0,2012-09-13,2012-09-13,2012,9,GRACE,September,Observed,-1.0557473775294473
11,2012-10-01,Sakae Krang,,,,,,2012,10,GRACE,October,Missing,
11,2012-11-01,Sakae Krang,8.333058748861761,1.0,15.0,2012-11-18,2012-11-18,2012,11,GRACE,November,Observed,0.026287581903411922
11,2012-12-01,Sakae Krang,0.25234065096372565,1.0,15.0,2012-12-16,2012-12-16,2012,12,GRACE,December,Observed,-1.9279104691560245
11,2013-01-01,Sakae Krang,-6.431664386203133,1.0,15.0,2013-01-16,2013-01-16,2013,1,GRACE,January,Observed,-2.3559027194816906
11,2013-02-01,Sakae Krang,-11.877056444569577,1.0,15.0,2013-02-14,2013-02-14,2013,2,GRACE,February,Observed,-2.7630055229699297
11,2013-03-01,Sakae Krang,,,,,,2013,3,GRACE,March,Missing,
11,2013-04-01,Sakae Krang,-18.998624492030483,1.0,15.0,2013-04-21,2013-04-21,2013,4,GRACE,April,Observed,-7.257235135921208
11,2013-05-01,Sakae Krang,-19.515692928690953,1.0,15.0,2013-05-16,2013-05-16,2013,5,GRACE,May,Observed,-4.052795432534634
11,2013-06-01,Sakae Krang,-10.005989779720613,1.0,15.0,2013-06-16,2013-06-16,2013,6,GRACE,June,Observed,-3.7469631152747604
11,2013-07-01,Sakae Krang,0.18574754401960786,1.0,15.0,2013-07-16,2013-07-16,2013,7,GRACE,July,Observed,-3.5285153300225454
11,2013-08-01,Sakae Krang,,,,,,2013,8,GRACE,August,Missing,
11,2013-09-01,Sakae Krang,,,,,,2013,9,GRACE,September,Missing,
11,2013-10-01,Sakae Krang,21.582722194557963,1.0,15.0,2013-10-16,2013-10-16,2013,10,GRACE,October,Observed,-3.8417387294978607
11,2013-11-01,Sakae Krang,11.085549604200624,1.0,15.0,2013-11-16,2013-11-16,2013,11,GRACE,November,Observed,-4.313151289000949
11,2013-12-01,Sakae Krang,2.2183707182336576,1.0,15.0,2013-12-16,2013-12-16,2013,12,GRACE,December,Observed,-4.046762547338348
11,2014-01-01,Sakae Krang,-4.356909467650763,1.0,15.0,2014-01-09,2014-01-09,2014,1,GRACE,January,Observed,-4.3521680448767395
11,2014-02-01,Sakae Krang,,,,,,2014,2,GRACE,February,Missing,
11,2014-03-01,Sakae Krang,-16.77082195839978,1.0,15.0,2014-03-17,2014-03-17,2014,3,GRACE,March,Observed,-3.993619620444571
11,2014-04-01,Sakae Krang,-23.24133752755828,1.0,15.0,2014-04-16,2014-04-16,2014,4,GRACE,April,Observed,-2.523215674942598
11,2014-05-01,Sakae Krang,-17.11819425372754,1.0,15.0,2014-05-16,2014-05-16,2014,5,GRACE,May,Observed,-3.3440951051191603
11,2014-06-01,Sakae Krang,-12.754639257566142,1.0,15.0,2014-06-13,2014-06-13,2014,6,GRACE,June,Observed,-3.7602030903914057
11,2014-07-01,Sakae Krang,,,,,,2014,7,GRACE,July,Missing,
11,2014-08-01,Sakae Krang,3.412683363909133,1.0,15.0,2014-08-16,2014-08-16,2014,8,GRACE,August,Observed,-4.788509374142877
11,2014-09-01,Sakae Krang,10.710419834575156,1.0,15.0,2014-09-16,2014-09-16,2014,9,GRACE,September,Observed,-5.696865751173467
11,2014-10-01,Sakae Krang,13.37392789279234,1.0,15.0,2014-10-16,2014-10-16,2014,10,GRACE,October,Observed,-5.82453129026994
11,2014-11-01,Sakae Krang,6.92446975147817,1.0,15.0,2014-11-16,2014-11-16,2014,11,GRACE,November,Observed,-5.909382071878316
11,2014-12-01,Sakae Krang,,,,,,2014,12,GRACE,December,Missing,
11,2015-01-01,Sakae Krang,-7.633092212788949,1.0,15.0,2015-01-22,2015-01-22,2015,1,GRACE,January,Observed,-3.652623400936184
11,2015-02-01,Sakae Krang,-13.872073144448779,1.0,15.0,2015-02-15,2015-02-15,2015,2,GRACE,February,Observed,-3.7836462601496006
11,2015-03-01,Sakae Krang,-18.047477349364502,1.0,15.0,2015-03-16,2015-03-16,2015,3,GRACE,March,Observed,-3.2986401174139113
11,2015-04-01,Sakae Krang,-24.08984534364204,2.0,30.0,2015-04-16,2015-04-27,2015,4,GRACE,April,Observed,-4.028263666984025
11,2015-05-01,Sakae Krang,,,,,,2015,5,GRACE,May,Missing,
11,2015-06-01,Sakae Krang,,,,,,2015,6,GRACE,June,Missing,
11,2015-07-01,Sakae Krang,-4.831829133856936,1.0,15.0,2015-07-15,2015-07-15,2015,7,GRACE,July,Observed,-8.464560060773698
11,2015-08-01,Sakae Krang,7.777738648530338,1.0,15.0,2015-08-16,2015-08-16,2015,8,GRACE,August,Observed,-9.1859772027535
11,2015-09-01,Sakae Krang,4.143807888444128,1.0,15.0,2015-09-14,2015-09-14,2015,9,GRACE,September,Observed,-10.039769758756695
11,2015-10-01,Sakae Krang,,,,,,2015,10,GRACE,October,Missing,
11,2015-11-01,Sakae Krang,,,,,,2015,11,GRACE,November,Missing,
11,2015-12-01,Sakae Krang,-11.163709839062838,1.0,15.0,2015-12-23,2015-12-23,2015,12,GRACE,December,Observed,-12.596209548019674
11,2016-01-01,Sakae Krang,-13.40442934862738,1.0,15.0,2016-01-16,2016-01-16,2016,1,GRACE,January,Observed,-13.016942718357079
11,2016-02-01,Sakae Krang,-20.702413592474322,1.0,15.0,2016-02-14,2016-02-14,2016,2,GRACE,February,Observed,-13.41654377168171
11,2016-03-01,Sakae Krang,-28.91316323279985,1.0,15.0,2016-03-16,2016-03-16,2016,3,GRACE,March,Observed,-13.60683650804767
11,2016-04-01,Sakae Krang,,,,,,2016,4,GRACE,April,Missing,
11,2016-05-01,Sakae Krang,-33.67567777431052,1.0,15.0,2016-05-20,2016-05-20,2016,5,GRACE,May,Observed,-15.825667057609145
11,2016-06-01,Sakae Krang,-16.382808081056314,1.0,15.0,2016-06-16,2016-06-16,2016,6,GRACE,June,Observed,-13.140104631658097
11,2016-07-01,Sakae Krang,-8.42823861377861,1.0,15.0,2016-07-15,2016-07-15,2016,7,GRACE,July,Observed,-12.37649786517118
11,2016-08-01,Sakae Krang,6.0651040212366905,1.0,15.0,2016-08-21,2016-08-21,2016,8,GRACE,August,Observed,-11.870344828258913
11,2016-09-01,Sakae Krang,,,,,,2016,9,GRACE,September,Missing,
11,2016-10-01,Sakae Krang,,,,,,2016,10,GRACE,October,Missing,
11,2016-11-01,Sakae Krang,8.344394775950287,1.0,15.0,2016-11-27,2016-11-27,2016,11,GRACE,November,Observed,-11.154796122541674
11,2016-12-01,Sakae Krang,-4.291248940680587,1.0,15.0,2016-12-24,2016-12-24,2016,12,GRACE,December,Observed,-9.813508758518758
11,2017-01-01,Sakae Krang,-8.849052016416973,1.0,15.0,2017-01-21,2017-01-21,2017,1,GRACE,January,Observed,-8.75065716196135
11,2017-02-01,Sakae Krang,,,,,,2017,2,GRACE,February,Missing,
11,2017-03-01,Sakae Krang,-18.37340726752211,1.0,15.0,2017-03-31,2017-03-31,2017,3,GRACE,March,Observed,
11,2017-04-01,Sakae Krang,-24.802231206296906,1.0,15.0,2017-04-24,2017-04-24,2017,4,GRACE,April,Observed,
11,2017-05-01,Sakae Krang,-21.604091498104285,1.0,15.0,2017-05-13,2017-05-13,2017,5,GRACE,May,Observed,
11,2017-06-01,Sakae Krang,-6.817143712039645,1.0,15.0,2017-06-10,2017-06-10,2017,6,GRACE,June,Observed,
11,2017-07-01,Sakae Krang,,,,,,2017,7,Mission gap,July,Missing,
11,2017-08-01,Sakae Krang,,,,,,2017,8,Mission gap,August,Missing,
11,2017-09-01,Sakae Krang,,,,,,2017,9,Mission gap,September,Missing,
11,2017-10-01,Sakae Krang,,,,,,2017,10,Mission gap,October,Missing,
11,2017-11-01,Sakae Krang,,,,,,2017,11,Mission gap,November,Missing,
11,2017-12-01,Sakae Krang,,,,,,2017,12,Mission gap,December,Missing,
11,2018-01-01,Sakae Krang,,,,,,2018,1,Mission gap,January,Missing,
11,2018-02-01,Sakae Krang,,,,,,2018,2,Mission gap,February,Missing,
11,2018-03-01,Sakae Krang,,,,,,2018,3,Mission gap,March,Missing,
11,2018-04-01,Sakae Krang,,,,,,2018,4,Mission gap,April,Missing,
11,2018-05-01,Sakae Krang,,,,,,2018,5,GRACE-FO,May,Missing,
11,2018-06-01,Sakae Krang,-0.8123723862097191,1.0,15.0,2018-06-16,2018-06-16,2018,6,GRACE-FO,June,Observed,
11,2018-07-01,Sakae Krang,6.904277507244595,1.0,15.0,2018-07-10,2018-07-10,2018,7,GRACE-FO,July,Observed,
11,2018-08-01,Sakae Krang,,,,,,2018,8,GRACE-FO,August,Missing,
11,2018-09-01,Sakae Krang,,,,,,2018,9,GRACE-FO,September,Missing,
11,2018-10-01,Sakae Krang,13.896676798608175,1.0,15.0,2018-10-31,2018-10-31,2018,10,GRACE-FO,October,Observed,-2.5918224627604305
11,2018-11-01,Sakae Krang,7.932148617875787,1.0,15.0,2018-11-16,2018-11-16,2018,11,GRACE-FO,November,Observed,-5.068408273320924
11,2018-12-01,Sakae Krang,-4.173911411033939,1.0,15.0,2018-12-16,2018-12-16,2018,12,GRACE-FO,December,Observed,-6.7918903115701905
11,2019-01-01,Sakae Krang,-12.786644984347312,1.0,15.0,2019-01-16,2019-01-16,2019,1,GRACE-FO,January,Observed,-8.243456319863146
11,2019-02-01,Sakae Krang,-13.99748026037307,1.0,15.0,2019-02-15,2019-02-15,2019,2,GRACE-FO,February,Observed,-9.720393512991917
11,2019-03-01,Sakae Krang,-17.69727358384795,1.0,15.0,2019-03-16,2019-03-16,2019,3,GRACE-FO,March,Observed,-8.095379789066602
11,2019-04-01,Sakae Krang,-24.88109475780487,1.0,15.0,2019-04-16,2019-04-16,2019,4,GRACE-FO,April,Observed,-6.251504682578325
11,2019-05-01,Sakae Krang,-22.303228655813587,1.0,15.0,2019-05-16,2019-05-16,2019,5,GRACE-FO,May,Observed,-7.241118288678081
11,2019-06-01,Sakae Krang,-15.328032469139258,1.0,15.0,2019-06-16,2019-06-16,2019,6,GRACE-FO,June,Observed,-7.96552881395768
11,2019-07-01,Sakae Krang,-7.865094424043144,1.0,15.0,2019-07-16,2019-07-16,2019,7,GRACE-FO,July,Observed,-8.547841357024572
11,2019-08-01,Sakae Krang,8.154757450186562,1.0,15.0,2019-08-16,2019-08-16,2019,8,GRACE-FO,August,Observed,-8.847778192601035
11,2019-09-01,Sakae Krang,14.031121488792714,1.0,15.0,2019-09-16,2019-09-16,2019,9,GRACE-FO,September,Observed,-9.70978039800881
11,2019-10-01,Sakae Krang,2.0213135254111187,1.0,15.0,2019-10-16,2019-10-16,2019,10,GRACE-FO,October,Observed,-10.162380936878785
11,2019-11-01,Sakae Krang,-0.7607776854794184,1.0,15.0,2019-11-16,2019-11-16,2019,11,GRACE-FO,November,Observed,-10.09846938949951
11,2019-12-01,Sakae Krang,-11.161661927836633,1.0,15.0,2019-12-16,2019-12-16,2019,12,GRACE-FO,December,Observed,-10.260921653188616
11,2020-01-01,Sakae Krang,-16.385887011264884,1.0,15.0,2020-01-16,2020-01-16,2020,1,GRACE-FO,January,Observed,-11.100445795823177
11,2020-02-01,Sakae Krang,-24.34150672526635,1.0,15.0,2020-02-15,2020-02-15,2020,2,GRACE-FO,February,Observed,-11.935266694665046
11,2020-03-01,Sakae Krang,-23.12848005028765,1.0,15.0,2020-03-16,2020-03-16,2020,3,GRACE-FO,March,Observed,-12.572705401427724
11,2020-04-01,Sakae Krang,-24.114156189253567,1.0,15.0,2020-04-16,2020-04-16,2020,4,GRACE-FO,April,Observed,-13.236143850447474
11,2020-05-01,Sakae Krang,-24.25265582008286,1.0,15.0,2020-05-16,2020-05-16,2020,5,GRACE-FO,May,Observed,-12.413894476596994
11,2020-06-01,Sakae Krang,-25.402322180754002,1.0,15.0,2020-06-16,2020-06-16,2020,6,GRACE-FO,June,Observed,-12.338738587062409
11,2020-07-01,Sakae Krang,-17.882945210145557,1.0,15.0,2020-07-16,2020-07-16,2020,7,GRACE-FO,July,Observed,-12.516865949983329
11,2020-08-01,Sakae Krang,0.5054929690344385,1.0,15.0,2020-08-16,2020-08-16,2020,8,GRACE-FO,August,Observed,-12.608981070313071
11,2020-09-01,Sakae Krang,6.069860100555706,1.0,15.0,2020-09-16,2020-09-16,2020,9,GRACE-FO,September,Observed,-12.157786752906967
11,2020-10-01,Sakae Krang,11.888306011616885,1.0,15.0,2020-10-16,2020-10-16,2020,10,GRACE-FO,October,Observed,-12.12177667173192
11,2020-11-01,Sakae Krang,0.14109298893557892,1.0,15.0,2020-11-16,2020-11-16,2020,11,GRACE-FO,November,Observed,-11.951501105150525
11,2020-12-01,Sakae Krang,-13.299190282887693,1.0,15.0,2020-12-16,2020-12-16,2020,12,GRACE-FO,December,Observed,-11.878130146726129
11,2021-01-01,Sakae Krang,-17.491268455221785,1.0,15.0,2021-01-16,2021-01-16,2021,1,GRACE-FO,January,Observed,-11.030375299723383
11,2021-02-01,Sakae Krang,-18.92717491639309,1.0,15.0,2021-02-15,2021-02-15,2021,2,GRACE-FO,February,Observed,-10.195565956665169
11,2021-03-01,Sakae Krang,-22.69635907618709,1.0,15.0,2021-03-16,2021-03-16,2021,3,GRACE-FO,March,Observed,-9.87342707681722
11,2021-04-01,Sakae Krang,-22.070849390276802,1.0,15.0,2021-04-16,2021-04-16,2021,4,GRACE-FO,April,Observed,-9.410083763522174
11,2021-05-01,Sakae Krang,-23.37220431899011,1.0,15.0,2021-05-16,2021-05-16,2021,5,GRACE-FO,May,Observed,-8.968924330636119
11,2021-06-01,Sakae Krang,-15.229264016721077,1.0,15.0,2021-06-16,2021-06-16,2021,6,GRACE-FO,June,Observed,-8.497930973129717
11,2021-07-01,Sakae Krang,-7.865233093446986,1.0,15.0,2021-07-16,2021-07-16,2021,7,GRACE-FO,July,Observed,-7.895677563429261
11,2021-08-01,Sakae Krang,4.371159527209809,1.0,15.0,2021-08-16,2021-08-16,2021,8,GRACE-FO,August,Observed,-7.519517781747321
11,2021-09-01,Sakae Krang,11.629979860096299,1.0,15.0,2021-09-16,2021-09-16,2021,9,GRACE-FO,September,Observed,-7.313960837115668
11,2021-10-01,Sakae Krang,17.182219206249556,1.0,15.0,2021-10-16,2021-10-16,2021,10,GRACE-FO,October,Observed,-6.74508864386596
11,2021-11-01,Sakae Krang,5.793013279012371,1.0,15.0,2021-11-16,2021-11-16,2021,11,GRACE-FO,November,Observed,-6.474383635621877
11,2021-12-01,Sakae Krang,-6.0721493664822175,1.0,15.0,2021-12-16,2021-12-16,2021,12,GRACE-FO,December,Observed,-5.413995400889585
11,2022-01-01,Sakae Krang,-12.977351075038495,1.0,15.0,2022-01-16,2022-01-16,2022,1,GRACE-FO,January,Observed,-4.666826498222082
11,2022-02-01,Sakae Krang,-16.460491580813255,1.0,15.0,2022-02-15,2022-02-15,2022,2,GRACE-FO,February,Observed,-4.443033469387572
11,2022-03-01,Sakae Krang,-15.869892757190604,1.0,15.0,2022-03-16,2022-03-16,2022,3,GRACE-FO,March,Observed,-4.41996958405069
11,2022-04-01,Sakae Krang,-18.822389291347804,1.0,15.0,2022-04-16,2022-04-16,2022,4,GRACE-FO,April,Observed,-4.32635865973523
11,2022-05-01,Sakae Krang,-10.647545502202611,1.0,15.0,2022-05-16,2022-05-16,2022,5,GRACE-FO,May,Observed,-4.347170893380407
11,2022-06-01,Sakae Krang,-6.263237184711027,1.0,15.0,2022-06-16,2022-06-16,2022,6,GRACE-FO,June,Observed,-3.8895347731844936
11,2022-07-01,Sakae Krang,-5.179716747432864,1.0,15.0,2022-07-16,2022-07-16,2022,7,GRACE-FO,July,Observed,-3.219203557170078
11,2022-08-01,Sakae Krang,4.647926151252397,1.0,15.0,2022-08-16,2022-08-16,2022,8,GRACE-FO,August,Observed,-3.0562409947274856
11,2022-09-01,Sakae Krang,12.753310951881813,1.0,15.0,2022-09-16,2022-09-16,2022,9,GRACE-FO,September,Observed,-2.5328407200255665
11,2022-10-01,Sakae Krang,16.932472402507432,1.0,15.0,2022-10-16,2022-10-16,2022,10,GRACE-FO,October,Observed,-2.7000048887194787
11,2022-11-01,Sakae Krang,11.284646721363325,1.0,15.0,2022-11-16,2022-11-16,2022,11,GRACE-FO,November,Observed,-2.759983926215417
11,2022-12-01,Sakae Krang,1.9718252256907742,1.0,15.0,2022-12-16,2022-12-16,2022,12,GRACE-FO,December,Observed,-3.621663936727343
11,2023-01-01,Sakae Krang,-11.021800325727389,1.0,15.0,2023-01-16,2023-01-16,2023,1,GRACE-FO,January,Observed,-4.535473368754787
11,2023-02-01,Sakae Krang,-10.179688284390227,1.0,15.0,2023-02-15,2023-02-15,2023,2,GRACE-FO,February,Observed,-4.692630970475448
11,2023-03-01,Sakae Krang,-17.875862781517554,1.0,15.0,2023-03-16,2023-03-16,2023,3,GRACE-FO,March,Observed,-5.123928978550884
11,2023-04-01,Sakae Krang,-19.54213774129906,1.0,15.0,2023-04-16,2023-04-16,2023,4,GRACE-FO,April,Observed,-5.6769521801671035
11,2023-05-01,Sakae Krang,-20.98770562834573,1.0,15.0,2023-05-16,2023-05-16,2023,5,GRACE-FO,May,Observed,-5.361002694208616
11,2023-06-01,Sakae Krang,-17.22895036904036,1.0,15.0,2023-06-16,2023-06-16,2023,6,GRACE-FO,June,Observed,-5.25012853713167
11,2023-07-01,Sakae Krang,-7.065607968080792,1.0,15.0,2023-07-16,2023-07-16,2023,7,GRACE-FO,July,Observed,-5.5498130710488445
11,2023-08-01,Sakae Krang,-0.5276499456528281,1.0,15.0,2023-08-16,2023-08-16,2023,8,GRACE-FO,August,Observed,-5.457690342481684
11,2023-09-01,Sakae Krang,6.1170325324871735,1.0,15.0,2023-09-16,2023-09-16,2023,9,GRACE-FO,September,Observed,-5.737266726230506
11,2023-10-01,Sakae Krang,20.723866234009293,1.0,15.0,2023-10-16,2023-10-16,2023,10,GRACE-FO,October,Observed,-5.673992253264294
11,2023-11-01,Sakae Krang,12.615136606286661,1.0,15.0,2023-11-16,2023-11-16,2023,11,GRACE-FO,November,Observed,-6.199886691474077
11,2023-12-01,Sakae Krang,-1.6243891813153026,1.0,15.0,2023-12-16,2023-12-16,2023,12,GRACE-FO,December,Observed,-6.576963217405312
11,2024-01-01,Sakae Krang,-9.916327582921475,1.0,15.0,2024-01-16,2024-01-16,2024,1,GRACE-FO,January,Observed,-6.132732550464447
11,2024-02-01,Sakae Krang,-13.534604889376082,1.0,15.0,2024-02-15,2024-02-15,2024,2,GRACE-FO,February,Observed,-6.55221702517666
11,2024-03-01,Sakae Krang,-17.11656910592301,1.0,15.0,2024-03-16,2024-03-16,2024,3,GRACE-FO,March,Observed,-5.878170395880417
11,2024-04-01,Sakae Krang,-25.852870999816467,1.0,15.0,2024-04-16,2024-04-16,2024,4,GRACE-FO,April,Observed,-5.026989192297265
11,2024-05-01,Sakae Krang,-25.51262393952054,1.0,15.0,2024-05-16,2024-05-16,2024,5,GRACE-FO,May,Observed,-5.086357563333766
11,2024-06-01,Sakae Krang,-11.898182365749987,1.0,15.0,2024-06-16,2024-06-16,2024,6,GRACE-FO,June,Observed,-6.695584306026532
11,2024-07-01,Sakae Krang,-12.099421664627341,1.0,15.0,2024-07-16,2024-07-16,2024,7,GRACE-FO,July,Observed,-7.202703818497656
11,2024-08-01,Sakae Krang,7.560909605902079,1.0,15.0,2024-08-16,2024-08-16,2024,8,GRACE-FO,August,Observed,-6.901190066895008
11,2024-09-01,Sakae Krang,16.331206975485006,1.0,15.0,2024-09-16,2024-09-16,2024,9,GRACE-FO,September,Observed,-6.072013214084874
11,2024-10-01,Sakae Krang,20.011445781571275,1.0,15.0,2024-10-16,2024-10-16,2024,10,GRACE-FO,October,Observed,
12,2002-04-01,Pasak,-13.367833390836493,1.0,42.0,2002-04-18,2002-04-18,2002,4,GRACE,April,Observed,
12,2002-05-01,Pasak,-8.647182772723989,1.0,42.0,2002-05-10,2002-05-10,2002,5,GRACE,May,Observed,
12,2002-06-01,Pasak,,,,,,2002,6,GRACE,June,Missing,
12,2002-07-01,Pasak,,,,,,2002,7,GRACE,July,Missing,
12,2002-08-01,Pasak,25.391444276237387,1.0,42.0,2002-08-16,2002-08-16,2002,8,GRACE,August,Observed,16.278156428419145
12,2002-09-01,Pasak,40.18223292622829,1.0,42.0,2002-09-16,2002-09-16,2002,9,GRACE,September,Observed,14.44793924166619
12,2002-10-01,Pasak,36.27946382739998,1.0,42.0,2002-10-16,2002-10-16,2002,10,GRACE,October,Observed,12.728894789920604
12,2002-11-01,Pasak,31.200522062559504,1.0,42.0,2002-11-16,2002-11-16,2002,11,GRACE,November,Observed,13.233625883767639
12,2002-12-01,Pasak,16.275555418826528,1.0,42.0,2002-12-16,2002-12-16,2002,12,GRACE,December,Observed,14.380173259783323
12,2003-01-01,Pasak,2.9110490796619675,1.0,42.0,2003-01-16,2003-01-16,2003,1,GRACE,January,Observed,14.380173259783323
12,2003-02-01,Pasak,-0.1937982523574692,1.0,42.0,2003-02-15,2003-02-15,2003,2,GRACE,February,Observed,14.174344158632847
12,2003-03-01,Pasak,-2.7425052757896626,1.0,42.0,2003-03-16,2003-03-16,2003,3,GRACE,March,Observed,13.69460404909832
12,2003-04-01,Pasak,-8.320522452366147,1.0,42.0,2003-04-16,2003-04-16,2003,4,GRACE,April,Observed,12.798113842801587
12,2003-05-01,Pasak,2.818290987432854,1.0,42.0,2003-05-11,2003-05-11,2003,5,GRACE,May,Observed,11.84908679460974
12,2003-06-01,Pasak,,,,,,2003,6,GRACE,June,Missing,
12,2003-07-01,Pasak,12.116053147128104,1.0,42.0,2003-07-16,2003-07-16,2003,7,GRACE,July,Observed,9.510176569163082
12,2003-08-01,Pasak,20.114303071357572,1.0,42.0,2003-08-16,2003-08-16,2003,8,GRACE,August,Observed,8.988759764941243
12,2003-09-01,Pasak,30.320840656964236,1.0,42.0,2003-09-16,2003-09-16,2003,9,GRACE,September,Observed,8.252905526220543
12,2003-10-01,Pasak,25.84016629728965,1.0,42.0,2003-10-16,2003-10-16,2003,10,GRACE,October,Observed,7.277899878778501
12,2003-11-01,Pasak,15.803164968960427,1.0,42.0,2003-11-16,2003-11-16,2003,11,GRACE,November,Observed,6.73806539239706
12,2003-12-01,Pasak,5.9449000325123755,1.0,42.0,2003-12-16,2003-12-16,2003,12,GRACE,December,Observed,5.676899073612215
12,2004-01-01,Pasak,-2.8245357667782667,1.0,42.0,2004-01-07,2004-01-07,2004,1,GRACE,January,Observed,6.066332968375026
12,2004-02-01,Pasak,-8.28819487828516,1.0,42.0,2004-02-17,2004-02-17,2004,2,GRACE,February,Observed,6.604066031963913
12,2004-03-01,Pasak,-13.467567397652134,1.0,42.0,2004-03-16,2004-03-16,2004,3,GRACE,March,Observed,7.37678249507973
12,2004-04-01,Pasak,-14.258701802561996,1.0,42.0,2004-04-16,2004-04-16,2004,4,GRACE,April,Observed,7.530637284601343
12,2004-05-01,Pasak,-8.854538519200444,1.0,42.0,2004-05-16,2004-05-16,2004,5,GRACE,May,Observed,7.072532946228196
12,2004-06-01,Pasak,10.35010581076594,1.0,42.0,2004-06-16,2004-06-16,2004,6,GRACE,June,Observed,6.251226596062474
12,2004-07-01,Pasak,18.568849910194754,1.0,42.0,2004-07-16,2004-07-16,2004,7,GRACE,July,Observed,5.582386198923435
12,2004-08-01,Pasak,29.386900628747366,1.0,42.0,2004-08-16,2004-08-16,2004,8,GRACE,August,Observed,4.384029815142377
12,2004-09-01,Pasak,32.1670981312236,1.0,42.0,2004-09-16,2004-09-16,2004,9,GRACE,September,Observed,3.4095193610399774
12,2004-10-01,Pasak,20.34291423681188,1.0,42.0,2004-10-16,2004-10-16,2004,10,GRACE,October,Observed,2.5141404490679986
12,2004-11-01,Pasak,5.947488766971769,1.0,42.0,2004-11-16,2004-11-16,2004,11,GRACE,November,Observed,1.6731070282820522
12,2004-12-01,Pasak,-2.081184733156087,1.0,42.0,2004-12-16,2004-12-16,2004,12,GRACE,December,Observed,0.3930606944867468
12,2005-01-01,Pasak,-17.204812372150965,1.0,42.0,2005-01-16,2005-01-16,2005,1,GRACE,January,Observed,-1.7461341214975656
12,2005-02-01,Pasak,-19.982320327513957,1.0,42.0,2005-02-15,2005-02-15,2005,2,GRACE,February,Observed,-4.205856223829428
12,2005-03-01,Pasak,-24.21211434131588,1.0,42.0,2005-03-16,2005-03-16,2005,3,GRACE,March,Observed,-6.095604357535964
12,2005-04-01,Pasak,-24.351102851993353,1.0,42.0,2005-04-16,2005-04-16,2005,4,GRACE,April,Observed,-7.355598198729598
12,2005-05-01,Pasak,-24.215094524744107,1.0,42.0,2005-05-16,2005-05-16,2005,5,GRACE,May,Observed,-7.625719865337072
12,2005-06-01,Pasak,-15.32023198104581,1.0,42.0,2005-06-16,2005-06-16,2005,6,GRACE,June,Observed,-6.983867464693159
12,2005-07-01,Pasak,-10.947815317787589,1.0,42.0,2005-07-16,2005-07-16,2005,7,GRACE,July,Observed,-6.638658378896964
12,2005-08-01,Pasak,6.709923024268931,1.0,42.0,2005-08-16,2005-08-16,2005,8,GRACE,August,Observed,-5.620278304252775
12,2005-09-01,Pasak,17.047172036899994,1.0,42.0,2005-09-16,2005-09-16,2005,9,GRACE,September,Observed,-5.052485795257817
12,2005-10-01,Pasak,17.101454237522177,1.0,42.0,2005-10-16,2005-10-16,2005,10,GRACE,October,Observed,-4.400366951634346
12,2005-11-01,Pasak,13.64971757469874,1.0,42.0,2005-11-16,2005-11-16,2005,11,GRACE,November,Observed,-3.827885239633485
12,2005-12-01,Pasak,2.0613242963982485,1.0,42.0,2005-12-16,2005-12-16,2005,12,GRACE,December,Observed,-2.6839448599159694
12,2006-01-01,Pasak,-4.984251476420698,1.0,42.0,2006-01-16,2006-01-16,2006,1,GRACE,January,Observed,-1.4669326225998904
12,2006-02-01,Pasak,-13.168810219574453,1.0,42.0,2006-02-15,2006-02-15,2006,2,GRACE,February,Observed,-0.04401352399269465
12,2006-03-01,Pasak,-16.38668821783423,1.0,42.0,2006-03-16,2006-03-16,2006,3,GRACE,March,Observed,1.0441116684604896
12,2006-04-01,Pasak,-17.481322307983024,1.0,42.0,2006-04-16,2006-04-16,2006,4,GRACE,April,Observed,1.8796004263906372
12,2006-05-01,Pasak,-10.487809968133917,1.0,42.0,2006-05-16,2006-05-16,2006,5,GRACE,May,Observed,2.967325903169487
12,2006-06-01,Pasak,-0.7160851332528604,1.0,42.0,2006-06-16,2006-06-16,2006,6,GRACE,June,Observed,3.1404032482735715
12,2006-07-01,Pasak,6.127213865498758,1.0,42.0,2006-07-16,2006-07-16,2006,7,GRACE,July,Observed,3.284079940327645
12,2006-08-01,Pasak,19.76742533370714,1.0,42.0,2006-08-16,2006-08-16,2006,8,GRACE,August,Observed,3.094872695957862
12,2006-09-01,Pasak,27.073037132061764,1.0,42.0,2006-09-16,2006-09-16,2006,9,GRACE,September,Observed,3.0725262625296508
12,2006-10-01,Pasak,30.154159958868373,1.0,42.0,2006-10-16,2006-10-16,2006,10,GRACE,October,Observed,2.8683991791535903
12,2006-11-01,Pasak,15.726645715947754,1.0,42.0,2006-11-16,2006-11-16,2006,11,GRACE,November,Observed,2.7395643422232347
12,2006-12-01,Pasak,3.785444601047125,1.0,42.0,2006-12-16,2006-12-16,2006,12,GRACE,December,Observed,2.7500368607756447
12,2007-01-01,Pasak,-7.254738408858084,1.0,42.0,2007-01-16,2007-01-16,2007,1,GRACE,January,Observed,2.673619575870767
12,2007-02-01,Pasak,-13.436967420712994,1.0,42.0,2007-02-14,2007-02-14,2007,2,GRACE,February,Observed,2.331620193312017
12,2007-03-01,Pasak,-18.836213218346956,1.0,42.0,2007-03-16,2007-03-16,2007,3,GRACE,March,Observed,1.1165777974063624
12,2007-04-01,Pasak,-19.02734035114728,1.0,42.0,2007-04-16,2007-04-16,2007,4,GRACE,April,Observed,0.04972401194803563
12,2007-05-01,Pasak,-10.362139745504999,1.0,42.0,2007-05-16,2007-05-16,2007,5,GRACE,May,Observed,-0.5369552232072922
12,2007-06-01,Pasak,-1.6330925521113955,1.0,42.0,2007-06-16,2007-06-16,2007,6,GRACE,June,Observed,-0.8247744629601854
12,2007-07-01,Pasak,2.023221274793753,1.0,42.0,2007-07-16,2007-07-16,2007,7,GRACE,July,Observed,-1.3753229117307535
12,2007-08-01,Pasak,5.186916582839288,1.0,42.0,2007-08-16,2007-08-16,2007,8,GRACE,August,Observed,-1.585870131746054
12,2007-09-01,Pasak,14.270791706561843,1.0,42.0,2007-09-16,2007-09-16,2007,9,GRACE,September,Observed,-1.7426731765681651
12,2007-10-01,Pasak,23.114009137004437,1.0,42.0,2007-10-16,2007-10-16,2007,10,GRACE,October,Observed,-1.7897829426249323
12,2007-11-01,Pasak,12.272814838913039,1.0,42.0,2007-11-16,2007-11-16,2007,11,GRACE,November,Observed,-1.766231232243779
12,2007-12-01,Pasak,-2.8211367841996897,1.0,42.0,2007-12-16,2007-12-16,2007,12,GRACE,December,Observed,-1.3777157929145227
12,2008-01-01,Pasak,-9.781305049041691,1.0,42.0,2008-01-16,2008-01-16,2008,1,GRACE,January,Observed,-0.8290741831688334
12,2008-02-01,Pasak,-15.31860395857833,1.0,42.0,2008-02-15,2008-02-15,2008,2,GRACE,February,Observed,-0.22010412500929544
12,2008-03-01,Pasak,-19.40153041102816,1.0,42.0,2008-03-16,2008-03-16,2008,3,GRACE,March,Observed,0.18702540035450932
12,2008-04-01,Pasak,-18.74471982657344,1.0,42.0,2008-04-16,2008-04-16,2008,4,GRACE,April,Observed,0.4809779753234646
12,2008-05-01,Pasak,-5.699954473553925,1.0,42.0,2008-05-16,2008-05-16,2008,5,GRACE,May,Observed,0.2106776519585818
12,2008-06-01,Pasak,4.950606764836875,1.0,42.0,2008-06-16,2008-06-16,2008,6,GRACE,June,Observed,0.5126477799323571
12,2008-07-01,Pasak,9.33086197270821,1.0,42.0,2008-07-16,2008-07-16,2008,7,GRACE,July,Observed,0.8575325455951678
12,2008-08-01,Pasak,10.072470887204945,1.0,42.0,2008-08-16,2008-08-16,2008,8,GRACE,August,Observed,1.1324986388375367
12,2008-09-01,Pasak,17.798222606189306,1.0,42.0,2008-09-16,2008-09-16,2008,9,GRACE,September,Observed,1.2231478973830392
12,2008-10-01,Pasak,19.870405256625844,1.0,42.0,2008-10-16,2008-10-16,2008,10,GRACE,October,Observed,1.291630635172943
12,2008-11-01,Pasak,15.896456374598342,1.0,42.0,2008-11-16,2008-11-16,2008,11,GRACE,November,Observed,1.5658926200072418
12,2008-12-01,Pasak,1.3174804037540404,1.0,42.0,2008-12-16,2008-12-16,2008,12,GRACE,December,Observed,0.9859141139809385
12,2009-01-01,Pasak,-6.481711930133267,1.0,42.0,2009-01-16,2009-01-16,2009,1,GRACE,January,Observed,0.5337903528950055
12,2009-02-01,Pasak,-14.230812856032296,1.0,42.0,2009-02-15,2009-02-15,2009,2,GRACE,February,Observed,0.15329624990211954
12,2009-03-01,Pasak,-18.57973755754931,1.0,42.0,2009-03-16,2009-03-16,2009,3,GRACE,March,Observed,-0.24482670089572403
12,2009-04-01,Pasak,-15.453576008561859,1.0,42.0,2009-04-16,2009-04-16,2009,4,GRACE,April,Observed,-0.7903767840597049
12,2009-05-01,Pasak,-12.659696545869565,1.0,42.0,2009-05-16,2009-05-16,2009,5,GRACE,May,Observed,-0.7647053396056537
12,2009-06-01,Pasak,-0.47487836819431783,1.0,42.0,2009-06-16,2009-06-16,2009,6,GRACE,June,Observed,-1.4133822529884723
12,2009-07-01,Pasak,4.764932736793577,1.0,42.0,2009-07-16,2009-07-16,2009,7,GRACE,July,Observed,-1.7100172893029697
12,2009-08-01,Pasak,5.294995477630822,1.0,42.0,2009-08-16,2009-08-16,2009,8,GRACE,August,Observed,-1.915792665790537
12,2009-09-01,Pasak,11.251621608221535,1.0,42.0,2009-09-16,2009-09-16,2009,9,GRACE,September,Observed,-1.9597493564820454
12,2009-10-01,Pasak,20.17846259007446,1.0,42.0,2009-10-16,2009-10-16,2009,10,GRACE,October,Observed,-2.157705087707343
12,2009-11-01,Pasak,8.112333414004521,1.0,42.0,2009-11-16,2009-11-16,2009,11,GRACE,November,Observed,-2.937361284395392
12,2009-12-01,Pasak,-2.2421400320199294,1.0,42.0,2009-12-16,2009-12-16,2009,12,GRACE,December,Observed,-3.961730948447139
12,2010-01-01,Pasak,-8.951016447984077,1.0,42.0,2010-01-16,2010-01-16,2010,1,GRACE,January,Observed,-5.943199795425509
12,2010-02-01,Pasak,-14.758293144330397,1.0,42.0,2010-02-15,2010-02-15,2010,2,GRACE,February,Observed,-7.696121927079353
12,2010-03-01,Pasak,-20.95520633225288,1.0,42.0,2010-03-16,2010-03-16,2010,3,GRACE,March,Observed,-8.084550747926345
12,2010-04-01,Pasak,-24.80945036881844,1.0,42.0,2010-04-16,2010-04-16,2010,4,GRACE,April,Observed,-7.854231491366481
12,2010-05-01,Pasak,-24.95213251449053,1.0,42.0,2010-05-16,2010-05-16,2010,5,GRACE,May,Observed,-7.709750300196235
12,2010-06-01,Pasak,-24.25250453193476,1.0,42.0,2010-06-16,2010-06-16,2010,6,GRACE,June,Observed,-7.62258944042254
12,2010-07-01,Pasak,-16.270132843052533,1.0,42.0,2010-07-16,2010-07-16,2010,7,GRACE,July,Observed,-7.627661402330492
12,2010-08-01,Pasak,0.6338496274669113,1.0,42.0,2010-08-16,2010-08-16,2010,8,GRACE,August,Observed,-7.507356398180167
12,2010-09-01,Pasak,14.015452686939874,1.0,42.0,2010-09-16,2010-09-16,2010,9,GRACE,September,Observed,-7.534020466187321
12,2010-10-01,Pasak,21.91223688411744,1.0,42.0,2010-10-16,2010-10-16,2010,10,GRACE,October,Observed,-7.34050355296312
12,2010-11-01,Pasak,9.158263731288855,1.0,42.0,2010-11-16,2010-11-16,2010,11,GRACE,November,Observed,-6.763393902530885
12,2010-12-01,Pasak,-2.303003574915363,1.0,42.0,2010-12-14,2010-12-14,2010,12,GRACE,December,Observed,-5.345422598447189
12,2011-01-01,Pasak,,,,,,2011,1,GRACE,January,Missing,
12,2011-02-01,Pasak,-15.051597892409093,1.0,42.0,2011-02-18,2011-02-18,2011,2,GRACE,February,Observed,-0.6449349727209153
12,2011-03-01,Pasak,-18.826520286786675,1.0,42.0,2011-03-16,2011-03-16,2011,3,GRACE,March,Observed,2.0090028509954982
12,2011-04-01,Pasak,-18.461244214063857,1.0,42.0,2011-04-16,2011-04-16,2011,4,GRACE,April,Observed,4.392804426498023
12,2011-05-01,Pasak,-9.354448169569864,1.0,42.0,2011-05-16,2011-05-16,2011,5,GRACE,May,Observed,5.350488212516768
12,2011-06-01,Pasak,,,,,,2011,6,GRACE,June,Missing,
12,2011-07-01,Pasak,11.827661480722632,1.0,42.0,2011-07-18,2011-07-18,2011,7,GRACE,July,Observed,5.381438561999988
12,2011-08-01,Pasak,27.17322786463105,1.0,42.0,2011-08-16,2011-08-16,2011,8,GRACE,August,Observed,4.611416048456865
12,2011-09-01,Pasak,37.85346844196511,1.0,42.0,2011-09-16,2011-09-16,2011,9,GRACE,September,Observed,5.166741077453423
12,2011-10-01,Pasak,31.489074744304904,2.0,84.0,2011-10-16,2011-10-31,2011,10,GRACE,October,Observed,5.638208366061835
12,2011-11-01,Pasak,,,,,,2011,11,GRACE,November,Missing,
12,2011-12-01,Pasak,1.783325089205696,1.0,42.0,2011-12-28,2011-12-28,2011,12,GRACE,December,Observed,7.800429286504062
12,2012-01-01,Pasak,-2.318786573431245,1.0,42.0,2012-01-16,2012-01-16,2012,1,GRACE,January,Observed,6.630126780126323
12,2012-02-01,Pasak,-9.498347602443506,1.0,42.0,2012-02-15,2012-02-15,2012,2,GRACE,February,Observed,5.983294940067659
12,2012-03-01,Pasak,-14.11184740070256,1.0,42.0,2012-03-16,2012-03-16,2012,3,GRACE,March,Observed,4.062634915392247
12,2012-04-01,Pasak,-13.993912465715514,1.0,42.0,2012-04-04,2012-04-04,2012,4,GRACE,April,Observed,1.714690456309644
12,2012-05-01,Pasak,,,,,,2012,5,GRACE,May,Missing,
12,2012-06-01,Pasak,-3.902595777273323,1.0,42.0,2012-06-16,2012-06-16,2012,6,GRACE,June,Observed,-0.6234430486220379
12,2012-07-01,Pasak,5.359343080135994,1.0,42.0,2012-07-16,2012-07-16,2012,7,GRACE,July,Observed,-0.9277949473573954
12,2012-08-01,Pasak,7.966627617876928,1.0,42.0,2012-08-16,2012-08-16,2012,8,GRACE,August,Observed,-1.5848209084629095
12,2012-09-01,Pasak,14.374023851139079,1.0,42.0,2012-09-13,2012-09-13,2012,9,GRACE,September,Observed,-2.0668493854311807
12,2012-10-01,Pasak,,,,,,2012,10,GRACE,October,Missing,
12,2012-11-01,Pasak,8.107739694988087,1.0,42.0,2012-11-18,2012-11-18,2012,11,GRACE,November,Observed,-1.359422422251383
12,2012-12-01,Pasak,-1.2601938981478793,1.0,42.0,2012-12-16,2012-12-16,2012,12,GRACE,December,Observed,-3.4494639831361718
12,2013-01-01,Pasak,-8.889046184486384,1.0,42.0,2013-01-16,2013-01-16,2013,1,GRACE,January,Observed,-4.445658597028258
12,2013-02-01,Pasak,-14.318632372126222,1.0,42.0,2013-02-14,2013-02-14,2013,2,GRACE,February,Observed,-5.216511724677173
12,2013-03-01,Pasak,,,,,,2013,3,GRACE,March,Missing,
12,2013-04-01,Pasak,-19.672067812368713,1.0,42.0,2013-04-21,2013-04-21,2013,4,GRACE,April,Observed,-9.313221089473467
12,2013-05-01,Pasak,-22.25983803109927,1.0,42.0,2013-05-16,2013-05-16,2013,5,GRACE,May,Observed,-5.643338791572029
12,2013-06-01,Pasak,-13.864541916194181,1.0,42.0,2013-06-16,2013-06-16,2013,6,GRACE,June,Observed,-5.072609181090927
12,2013-07-01,Pasak,-2.3491881963531624,1.0,42.0,2013-07-16,2013-07-16,2013,7,GRACE,July,Observed,-4.171274342390401
12,2013-08-01,Pasak,,,,,,2013,8,GRACE,August,Missing,
12,2013-09-01,Pasak,,,,,,2013,9,GRACE,September,Missing,
12,2013-10-01,Pasak,23.715719591639477,1.0,42.0,2013-10-16,2013-10-16,2013,10,GRACE,October,Observed,-3.8255221497982665
12,2013-11-01,Pasak,13.244306189318007,1.0,42.0,2013-11-16,2013-11-16,2013,11,GRACE,November,Observed,-4.203596766218851
12,2013-12-01,Pasak,6.851819650156859,1.0,42.0,2013-12-16,2013-12-16,2013,12,GRACE,December,Observed,-3.5616433413521245
12,2014-01-01,Pasak,-3.5684430362364172,1.0,42.0,2014-01-09,2014-01-09,2014,1,GRACE,January,Observed,-3.6873307548269074
12,2014-02-01,Pasak,,,,,,2014,2,GRACE,February,Missing,
12,2014-03-01,Pasak,-16.527465787046992,1.0,42.0,2014-03-17,2014-03-17,2014,3,GRACE,March,Observed,-3.471268340542464
12,2014-04-01,Pasak,-23.074739360153966,1.0,42.0,2014-04-16,2014-04-16,2014,4,GRACE,April,Observed,-1.9388012549336593
12,2014-05-01,Pasak,-16.48225720729873,1.0,42.0,2014-05-16,2014-05-16,2014,5,GRACE,May,Observed,-2.8998896149223254
12,2014-06-01,Pasak,-14.995728637467225,1.0,42.0,2014-06-13,2014-06-13,2014,6,GRACE,June,Observed,-3.924068828272707
12,2014-07-01,Pasak,,,,,,2014,7,GRACE,July,Missing,
12,2014-08-01,Pasak,-0.4046264677931693,1.0,42.0,2014-08-16,2014-08-16,2014,8,GRACE,August,Observed,-5.910149364697866
12,2014-09-01,Pasak,11.853402515545577,1.0,42.0,2014-09-16,2014-09-16,2014,9,GRACE,September,Observed,-6.573256636567995
12,2014-10-01,Pasak,14.104835991752818,1.0,42.0,2014-10-16,2014-10-16,2014,10,GRACE,October,Observed,-6.997548201116572
12,2014-11-01,Pasak,3.0025140558141947,1.0,42.0,2014-11-16,2014-11-16,2014,11,GRACE,November,Observed,-7.417084332085929
12,2014-12-01,Pasak,,,,,,2014,12,GRACE,December,Missing,
12,2015-01-01,Pasak,-10.66727938563329,1.0,42.0,2015-01-22,2015-01-22,2015,1,GRACE,January,Observed,-5.336607184511667
12,2015-02-01,Pasak,-12.541222083399164,1.0,42.0,2015-02-15,2015-02-15,2015,2,GRACE,February,Observed,-6.162600887944003
12,2015-03-01,Pasak,-20.77038143253276,1.0,42.0,2015-03-16,2015-03-16,2015,3,GRACE,March,Observed,-6.53475930531469
12,2015-04-01,Pasak,-27.270100669847537,2.0,84.0,2015-04-16,2015-04-27,2015,4,GRACE,April,Observed,-8.360317120210036
12,2015-05-01,Pasak,,,,,,2015,5,GRACE,May,Missing,
12,2015-06-01,Pasak,,,,,,2015,6,GRACE,June,Missing,
12,2015-07-01,Pasak,-12.770550515402682,1.0,42.0,2015-07-15,2015-07-15,2015,7,GRACE,July,Observed,-13.217494992577777
12,2015-08-01,Pasak,-3.7540522241293486,1.0,42.0,2015-08-16,2015-08-16,2015,8,GRACE,August,Observed,-14.176675502581594
12,2015-09-01,Pasak,-4.576617818512546,1.0,42.0,2015-09-14,2015-09-14,2015,9,GRACE,September,Observed,-15.213745224228497
12,2015-10-01,Pasak,,,,,,2015,10,GRACE,October,Missing,
12,2015-11-01,Pasak,,,,,,2015,11,GRACE,November,Missing,
12,2015-12-01,Pasak,-13.389755811164866,1.0,42.0,2015-12-23,2015-12-23,2015,12,GRACE,December,Observed,-17.609848853091933
12,2016-01-01,Pasak,-18.340723465663835,1.0,42.0,2016-01-16,2016-01-16,2016,1,GRACE,January,Observed,-18.90878471856513
12,2016-02-01,Pasak,-20.837779856574382,1.0,42.0,2016-02-14,2016-02-14,2016,2,GRACE,February,Observed,-18.84058226215687
12,2016-03-01,Pasak,-30.603863660089008,1.0,42.0,2016-03-16,2016-03-16,2016,3,GRACE,March,Observed,-18.90691464916599
12,2016-04-01,Pasak,,,,,,2016,4,GRACE,April,Missing,
12,2016-05-01,Pasak,-36.605447473198794,1.0,42.0,2016-05-20,2016-05-20,2016,5,GRACE,May,Observed,-20.698201752997672
12,2016-06-01,Pasak,-29.30027164235069,1.0,42.0,2016-06-16,2016-06-16,2016,6,GRACE,June,Observed,-17.134705402314054
12,2016-07-01,Pasak,-12.156728407728377,1.0,42.0,2016-07-15,2016-07-15,2016,7,GRACE,July,Observed,-16.069163265961016
12,2016-08-01,Pasak,-4.351043707211423,1.0,42.0,2016-08-21,2016-08-21,2016,8,GRACE,August,Observed,-14.870969346113299
12,2016-09-01,Pasak,,,,,,2016,9,GRACE,September,Missing,
12,2016-10-01,Pasak,,,,,,2016,10,GRACE,October,Missing,
12,2016-11-01,Pasak,11.37326540315489,1.0,42.0,2016-11-27,2016-11-27,2016,11,GRACE,November,Observed,-13.68307735219764
12,2016-12-01,Pasak,-3.799876583987516,1.0,42.0,2016-12-24,2016-12-24,2016,12,GRACE,December,Observed,-12.053479432816333
12,2017-01-01,Pasak,-7.556978187034384,1.0,42.0,2017-01-21,2017-01-21,2017,1,GRACE,January,Observed,-9.216776248834485
12,2017-02-01,Pasak,,,,,,2017,2,GRACE,February,Missing,
12,2017-03-01,Pasak,-17.957575001856487,1.0,42.0,2017-03-31,2017-03-31,2017,3,GRACE,March,Observed,
12,2017-04-01,Pasak,-22.793040569565978,1.0,42.0,2017-04-24,2017-04-24,2017,4,GRACE,April,Observed,
12,2017-05-01,Pasak,-21.939066198767026,1.0,42.0,2017-05-13,2017-05-13,2017,5,GRACE,May,Observed,
12,2017-06-01,Pasak,-3.76994298651406,1.0,42.0,2017-06-10,2017-06-10,2017,6,GRACE,June,Observed,
12,2017-07-01,Pasak,,,,,,2017,7,Mission gap,July,Missing,
12,2017-08-01,Pasak,,,,,,2017,8,Mission gap,August,Missing,
12,2017-09-01,Pasak,,,,,,2017,9,Mission gap,September,Missing,
12,2017-10-01,Pasak,,,,,,2017,10,Mission gap,October,Missing,
12,2017-11-01,Pasak,,,,,,2017,11,Mission gap,November,Missing,
12,2017-12-01,Pasak,,,,,,2017,12,Mission gap,December,Missing,
12,2018-01-01,Pasak,,,,,,2018,1,Mission gap,January,Missing,
12,2018-02-01,Pasak,,,,,,2018,2,Mission gap,February,Missing,
12,2018-03-01,Pasak,,,,,,2018,3,Mission gap,March,Missing,
12,2018-04-01,Pasak,,,,,,2018,4,Mission gap,April,Missing,
12,2018-05-01,Pasak,,,,,,2018,5,GRACE-FO,May,Missing,
12,2018-06-01,Pasak,2.5128291596529597,1.0,42.0,2018-06-16,2018-06-16,2018,6,GRACE-FO,June,Observed,
12,2018-07-01,Pasak,7.704975484530632,1.0,42.0,2018-07-10,2018-07-10,2018,7,GRACE-FO,July,Observed,
12,2018-08-01,Pasak,,,,,,2018,8,GRACE-FO,August,Missing,
12,2018-09-01,Pasak,,,,,,2018,9,GRACE-FO,September,Missing,
12,2018-10-01,Pasak,15.223858728086192,1.0,42.0,2018-10-31,2018-10-31,2018,10,GRACE-FO,October,Observed,-2.764136421865125
12,2018-11-01,Pasak,6.271069287403511,1.0,42.0,2018-11-16,2018-11-16,2018,11,GRACE-FO,November,Observed,-5.456630993137246
12,2018-12-01,Pasak,-4.049896224964062,1.0,42.0,2018-12-16,2018-12-16,2018,12,GRACE-FO,December,Observed,-7.304311179030655
12,2019-01-01,Pasak,-11.74835668259121,1.0,42.0,2019-01-16,2019-01-16,2019,1,GRACE-FO,January,Observed,-9.763096457513601
12,2019-02-01,Pasak,-17.09232330118034,1.0,42.0,2019-02-15,2019-02-15,2019,2,GRACE-FO,February,Observed,-12.647902427954525
12,2019-03-01,Pasak,-20.93524782585867,1.0,42.0,2019-03-16,2019-03-16,2019,3,GRACE-FO,March,Observed,-12.38939095551857
12,2019-04-01,Pasak,-26.99658756331421,1.0,42.0,2019-04-16,2019-04-16,2019,4,GRACE-FO,April,Observed,-10.591954274654297
12,2019-05-01,Pasak,-23.933432852071345,1.0,42.0,2019-05-16,2019-05-16,2019,5,GRACE-FO,May,Observed,-11.833265226206771
12,2019-06-01,Pasak,-22.075023625176488,1.0,42.0,2019-06-16,2019-06-16,2019,6,GRACE-FO,June,Observed,-13.012810866203514
12,2019-07-01,Pasak,-21.14308421987863,1.0,42.0,2019-07-16,2019-07-16,2019,7,GRACE-FO,July,Observed,-14.589577482337972
12,2019-08-01,Pasak,-9.804276231159005,1.0,42.0,2019-08-16,2019-08-16,2019,8,GRACE-FO,August,Observed,-15.940619880851038
12,2019-09-01,Pasak,9.17984921485271,1.0,42.0,2019-09-16,2019-09-16,2019,9,GRACE-FO,September,Observed,-16.984306316878325
12,2019-10-01,Pasak,0.3281273094564865,1.0,42.0,2019-10-16,2019-10-16,2019,10,GRACE-FO,October,Observed,-17.681124328857475
12,2019-11-01,Pasak,-7.883478392557394,1.0,42.0,2019-11-16,2019-11-16,2019,11,GRACE-FO,November,Observed,-17.787758378238134
12,2019-12-01,Pasak,-22.97109561857756,1.0,42.0,2019-12-16,2019-12-16,2019,12,GRACE-FO,December,Observed,-18.34214988228098
12,2020-01-01,Pasak,-27.960865464748,1.0,42.0,2020-01-16,2020-01-16,2020,1,GRACE-FO,January,Observed,-18.78188767227013
12,2020-02-01,Pasak,-29.61656053350777,1.0,42.0,2020-02-15,2020-02-15,2020,2,GRACE-FO,February,Observed,-19.51596152071846
12,2020-03-01,Pasak,-29.297063969608477,1.0,42.0,2020-03-16,2020-03-16,2020,3,GRACE-FO,March,Observed,-19.864519857313955
12,2020-04-01,Pasak,-28.27619615588212,1.0,42.0,2020-04-16,2020-04-16,2020,4,GRACE-FO,April,Observed,-20.793467074428815
12,2020-05-01,Pasak,-30.5861309005855,1.0,42.0,2020-05-16,2020-05-16,2020,5,GRACE-FO,May,Observed,-20.114150653500534
12,2020-06-01,Pasak,-27.3518771050463,1.0,42.0,2020-06-16,2020-06-16,2020,6,GRACE-FO,June,Observed,-19.52275247088494
12,2020-07-01,Pasak,-29.9519704012586,1.0,42.0,2020-07-16,2020-07-16,2020,7,GRACE-FO,July,Observed,-19.030926161101075
12,2020-08-01,Pasak,-13.986976270304929,1.0,42.0,2020-08-16,2020-08-16,2020,8,GRACE-FO,August,Observed,-18.534202796148502
12,2020-09-01,Pasak,-1.9675173905256054,1.0,42.0,2020-09-16,2020-09-16,2020,9,GRACE-FO,September,Observed,-17.769682496327334
12,2020-10-01,Pasak,8.479924360595854,1.0,42.0,2020-10-16,2020-10-16,2020,10,GRACE-FO,October,Observed,-17.19537181276715
12,2020-11-01,Pasak,-0.7867002011702631,1.0,42.0,2020-11-16,2020-11-16,2020,11,GRACE-FO,November,Observed,-17.121326256427164
12,2020-12-01,Pasak,-17.069179901171147,1.0,42.0,2020-12-16,2020-12-16,2020,12,GRACE-FO,December,Observed,-16.60750739483707
12,2021-01-01,Pasak,-22.00018508531713,1.0,42.0,2021-01-16,2021-01-16,2021,1,GRACE-FO,January,Observed,-15.739248866255137
12,2021-02-01,Pasak,-20.442316935653775,1.0,42.0,2021-02-15,2021-02-15,2021,2,GRACE-FO,February,Observed,-14.290626110574253
12,2021-03-01,Pasak,-22.405335766886257,1.0,42.0,2021-03-16,2021-03-16,2021,3,GRACE-FO,March,Observed,-13.514508844626045
12,2021-04-01,Pasak,-27.387649479802317,1.0,42.0,2021-04-16,2021-04-16,2021,4,GRACE-FO,April,Observed,-12.471232604786403
12,2021-05-01,Pasak,-24.420304561504377,1.0,42.0,2021-05-16,2021-05-16,2021,5,GRACE-FO,May,Observed,-11.524514342321138
12,2021-06-01,Pasak,-16.932774762063076,1.0,42.0,2021-06-16,2021-06-16,2021,6,GRACE-FO,June,Observed,-10.88065917666667
12,2021-07-01,Pasak,-12.568497333088017,1.0,42.0,2021-07-16,2021-07-16,2021,7,GRACE-FO,July,Observed,-10.15602217862928
12,2021-08-01,Pasak,-4.6735690789264295,1.0,42.0,2021-08-16,2021-08-16,2021,8,GRACE-FO,August,Observed,-9.424450587737349
12,2021-09-01,Pasak,10.551797487550092,1.0,42.0,2021-09-16,2021-09-16,2021,9,GRACE-FO,September,Observed,-8.75371124633624
12,2021-10-01,Pasak,19.840543510179057,1.0,42.0,2021-10-16,2021-10-16,2021,10,GRACE-FO,October,Observed,-8.197100629569194
12,2021-11-01,Pasak,6.939561786683342,1.0,42.0,2021-11-16,2021-11-16,2021,11,GRACE-FO,November,Observed,-7.538505695875187
12,2021-12-01,Pasak,-8.373535924722448,1.0,42.0,2021-12-16,2021-12-16,2021,12,GRACE-FO,December,Observed,-6.391082292840049
12,2022-01-01,Pasak,-13.221325994613965,1.0,42.0,2022-01-16,2022-01-16,2022,1,GRACE-FO,January,Observed,-5.360920890454929
12,2022-02-01,Pasak,-12.393444838840459,1.0,42.0,2022-02-15,2022-02-15,2022,2,GRACE-FO,February,Observed,-4.622002402567748
12,2022-03-01,Pasak,-15.726008365681711,1.0,42.0,2022-03-16,2022-03-16,2022,3,GRACE-FO,March,Observed,-3.990660251012765
12,2022-04-01,Pasak,-19.48451027547423,1.0,42.0,2022-04-16,2022-04-16,2022,4,GRACE-FO,April,Observed,-3.9092849254388398
12,2022-05-01,Pasak,-10.65122372508273,1.0,42.0,2022-05-16,2022-05-16,2022,5,GRACE-FO,May,Observed,-3.607852109854838
12,2022-06-01,Pasak,-4.570837933441642,1.0,42.0,2022-06-16,2022-06-16,2022,6,GRACE-FO,June,Observed,-3.2005251318284658
12,2022-07-01,Pasak,-3.701475478441841,1.0,42.0,2022-07-16,2022-07-16,2022,7,GRACE-FO,July,Observed,-2.1308311059718807
12,2022-08-01,Pasak,2.902536739733364,1.0,42.0,2022-08-16,2022-08-16,2022,8,GRACE-FO,August,Observed,-1.5057285375009606
12,2022-09-01,Pasak,11.5283013944372,1.0,42.0,2022-09-16,2022-09-16,2022,9,GRACE-FO,September,Observed,-1.3582494430549612
12,2022-10-01,Pasak,23.457737297187073,1.0,42.0,2022-10-16,2022-10-16,2022,10,GRACE-FO,October,Observed,-1.6314833131972144
12,2022-11-01,Pasak,11.82748552299981,1.0,42.0,2022-11-16,2022-11-16,2022,11,GRACE-FO,November,Observed,-1.75756950466665
12,2022-12-01,Pasak,4.462792385556576,1.0,42.0,2022-12-16,2022-12-16,2022,12,GRACE-FO,December,Observed,-3.137832013439263
12,2023-01-01,Pasak,-5.720095172962923,1.0,42.0,2023-01-16,2023-01-16,2023,1,GRACE-FO,January,Observed,-4.40839703199076
12,2023-02-01,Pasak,-10.623695705488467,1.0,42.0,2023-02-15,2023-02-15,2023,2,GRACE-FO,February,Observed,-5.209314386169219
12,2023-03-01,Pasak,-19.00481480738875,1.0,42.0,2023-03-16,2023-03-16,2023,3,GRACE-FO,March,Observed,-5.813490298181701
12,2023-04-01,Pasak,-20.997544573107454,1.0,42.0,2023-04-16,2023-04-16,2023,4,GRACE-FO,April,Observed,-6.444265169243767
12,2023-05-01,Pasak,-27.214373830354084,1.0,42.0,2023-05-16,2023-05-16,2023,5,GRACE-FO,May,Observed,-6.4708828951890505
12,2023-06-01,Pasak,-19.81761815605962,1.0,42.0,2023-06-16,2023-06-16,2023,6,GRACE-FO,June,Observed,-6.163573106393347
12,2023-07-01,Pasak,-13.312483728583338,1.0,42.0,2023-07-16,2023-07-16,2023,7,GRACE-FO,July,Observed,-6.446823403755951
12,2023-08-01,Pasak,-4.347574204416428,1.0,42.0,2023-08-16,2023-08-16,2023,8,GRACE-FO,August,Observed,-6.978819820295801
12,2023-09-01,Pasak,3.95900294169241,1.0,42.0,2023-09-16,2023-09-16,2023,9,GRACE-FO,September,Observed,-7.301540744860394
12,2023-10-01,Pasak,23.138324585843673,1.0,42.0,2023-10-16,2023-10-16,2023,10,GRACE-FO,October,Observed,-7.209277121678736
12,2023-11-01,Pasak,15.515202988548252,1.0,42.0,2023-11-16,2023-11-16,2023,11,GRACE-FO,November,Observed,-7.795800705133327
12,2023-12-01,Pasak,1.0637888172053205,1.0,42.0,2023-12-16,2023-12-16,2023,12,GRACE-FO,December,Observed,-7.926539223501724
12,2024-01-01,Pasak,-12.104052171441102,1.0,42.0,2024-01-16,2024-01-16,2024,1,GRACE-FO,January,Observed,-7.796248997862082
12,2024-02-01,Pasak,-14.496346800263606,1.0,42.0,2024-02-15,2024-02-15,2024,2,GRACE-FO,February,Observed,-7.886318036003401
12,2024-03-01,Pasak,-17.897651329208852,1.0,42.0,2024-03-16,2024-03-16,2024,3,GRACE-FO,March,Observed,-7.5365551010424285
12,2024-04-01,Pasak,-28.03582757456253,1.0,42.0,2024-04-16,2024-04-16,2024,4,GRACE-FO,April,Observed,-6.572827662796492
12,2024-05-01,Pasak,-28.78323605077485,1.0,42.0,2024-05-16,2024-05-16,2024,5,GRACE-FO,May,Observed,-6.868141403739538
12,2024-06-01,Pasak,-18.254135448383913,1.0,42.0,2024-06-16,2024-06-16,2024,6,GRACE-FO,June,Observed,-8.90299089394752
12,2024-07-01,Pasak,-14.393312186279177,1.0,42.0,2024-07-16,2024-07-16,2024,7,GRACE-FO,July,Observed,-9.899668865062804
12,2024-08-01,Pasak,-0.15041898488475647,1.0,42.0,2024-08-16,2024-08-16,2024,8,GRACE-FO,August,Observed,-9.654737386576324
12,2024-09-01,Pasak,15.523732200643654,1.0,42.0,2024-09-16,2024-09-16,2024,9,GRACE-FO,September,Observed,-9.049536209865416
12,2024-10-01,Pasak,19.59455969452712,1.0,42.0,2024-10-16,2024-10-16,2024,10,GRACE-FO,October,Observed,
13,2002-04-01,Tha Chin,-11.391402045890375,1.0,32.0,2002-04-18,2002-04-18,2002,4,GRACE,April,Observed,
13,2002-05-01,Tha Chin,-4.848356900736686,1.0,32.0,2002-05-10,2002-05-10,2002,5,GRACE,May,Observed,
13,2002-06-01,Tha Chin,,,,,,2002,6,GRACE,June,Missing,
13,2002-07-01,Tha Chin,,,,,,2002,7,GRACE,July,Missing,
13,2002-08-01,Tha Chin,20.375179681502473,1.0,32.0,2002-08-16,2002-08-16,2002,8,GRACE,August,Observed,15.253655377628581
13,2002-09-01,Tha Chin,32.255128524483304,1.0,32.0,2002-09-16,2002-09-16,2002,9,GRACE,September,Observed,14.223723494259673
13,2002-10-01,Tha Chin,36.84620580719571,1.0,32.0,2002-10-16,2002-10-16,2002,10,GRACE,October,Observed,13.426657781506401
13,2002-11-01,Tha Chin,30.558873091896317,1.0,32.0,2002-11-16,2002-11-16,2002,11,GRACE,November,Observed,14.059495810365565
13,2002-12-01,Tha Chin,14.265768982550016,1.0,32.0,2002-12-16,2002-12-16,2002,12,GRACE,December,Observed,14.979137909230227
13,2003-01-01,Tha Chin,3.9678458800278973,1.0,32.0,2003-01-16,2003-01-16,2003,1,GRACE,January,Observed,14.979137909230227
13,2003-02-01,Tha Chin,5.984268427308398,1.0,32.0,2003-02-15,2003-02-15,2003,2,GRACE,February,Observed,15.07141720961614
13,2003-03-01,Tha Chin,6.253066366726971,1.0,32.0,2003-03-16,2003-03-16,2003,3,GRACE,March,Observed,15.38773578160398
13,2003-04-01,Tha Chin,-5.063021757298752,1.0,32.0,2003-04-16,2003-04-16,2003,4,GRACE,April,Observed,14.84690069638689
13,2003-05-01,Tha Chin,4.348064087909939,1.0,32.0,2003-05-11,2003-05-11,2003,5,GRACE,May,Observed,13.896434569097272
13,2003-06-01,Tha Chin,,,,,,2003,6,GRACE,June,Missing,
13,2003-07-01,Tha Chin,15.994210213475258,1.0,32.0,2003-07-16,2003-07-16,2003,7,GRACE,July,Observed,12.42605617681406
13,2003-08-01,Tha Chin,23.854683973368697,1.0,32.0,2003-08-16,2003-08-16,2003,8,GRACE,August,Observed,11.951678252249144
13,2003-09-01,Tha Chin,26.305942587095334,1.0,32.0,2003-09-16,2003-09-16,2003,9,GRACE,September,Observed,11.364119781832219
13,2003-10-01,Tha Chin,26.391078407009918,1.0,32.0,2003-10-16,2003-10-16,2003,10,GRACE,October,Observed,10.131039382052917
13,2003-11-01,Tha Chin,17.749783815610034,1.0,32.0,2003-11-16,2003-11-16,2003,11,GRACE,November,Observed,9.637743824401996
13,2003-12-01,Tha Chin,10.90069594372097,1.0,32.0,2003-12-16,2003-12-16,2003,12,GRACE,December,Observed,8.600255752937624
13,2004-01-01,Tha Chin,-1.2503112901861757,1.0,32.0,2004-01-07,2004-01-07,2004,1,GRACE,January,Observed,9.143163643418044
13,2004-02-01,Tha Chin,-0.47887474727777624,1.0,32.0,2004-02-17,2004-02-17,2004,2,GRACE,February,Observed,9.374624513801129
13,2004-03-01,Tha Chin,-7.310818030845362,1.0,32.0,2004-03-16,2004-03-16,2004,3,GRACE,March,Observed,9.498267385032237
13,2004-04-01,Tha Chin,-10.489272891458882,1.0,32.0,2004-04-16,2004-04-16,2004,4,GRACE,April,Observed,9.354112129814942
13,2004-05-01,Tha Chin,-7.064304698198166,1.0,32.0,2004-05-16,2004-05-16,2004,5,GRACE,May,Observed,8.837271085654834
13,2004-06-01,Tha Chin,15.115150438702669,1.0,32.0,2004-06-16,2004-06-16,2004,6,GRACE,June,Observed,8.312500452103144
13,2004-07-01,Tha Chin,18.77174065807227,1.0,32.0,2004-07-16,2004-07-16,2004,7,GRACE,July,Observed,7.466560407587785
13,2004-08-01,Tha Chin,25.338398428142025,1.0,32.0,2004-08-16,2004-08-16,2004,8,GRACE,August,Observed,6.536208085772993
13,2004-09-01,Tha Chin,24.57607952448777,1.0,32.0,2004-09-16,2004-09-16,2004,9,GRACE,September,Observed,5.128304984081505
13,2004-10-01,Tha Chin,20.18898587708864,1.0,32.0,2004-10-16,2004-10-16,2004,10,GRACE,October,Observed,3.9565916822528977
13,2004-11-01,Tha Chin,11.452536212989742,1.0,32.0,2004-11-16,2004-11-16,2004,11,GRACE,November,Observed,3.125966044627326
13,2004-12-01,Tha Chin,0.7494154095366617,1.0,32.0,2004-12-16,2004-12-16,2004,12,GRACE,December,Observed,2.0137066432522963
13,2005-01-01,Tha Chin,-12.414539151963687,1.0,32.0,2005-01-16,2005-01-16,2005,1,GRACE,January,Observed,-0.42240706153534086
13,2005-02-01,Tha Chin,-17.37371196757562,1.0,32.0,2005-02-15,2005-02-15,2005,2,GRACE,February,Observed,-2.783036432859499
13,2005-03-01,Tha Chin,-21.37137765278865,1.0,32.0,2005-03-16,2005-03-16,2005,3,GRACE,March,Observed,-4.379402128972645
13,2005-04-01,Tha Chin,-20.45678054296575,1.0,32.0,2005-04-16,2005-04-16,2005,4,GRACE,April,Observed,-5.357641669399816
13,2005-05-01,Tha Chin,-20.411417514698517,1.0,32.0,2005-05-16,2005-05-16,2005,5,GRACE,May,Observed,-5.7319408881256075
13,2005-06-01,Tha Chin,-14.118214018748981,1.0,32.0,2005-06-16,2005-06-16,2005,6,GRACE,June,Observed,-5.668116853700043
13,2005-07-01,Tha Chin,-9.55581179781763,1.0,32.0,2005-07-16,2005-07-16,2005,7,GRACE,July,Observed,-5.518862630358039
13,2005-08-01,Tha Chin,6.182010074784277,1.0,32.0,2005-08-16,2005-08-16,2005,8,GRACE,August,Observed,-4.977781410691914
13,2005-09-01,Tha Chin,12.837205039361717,1.0,32.0,2005-09-16,2005-09-16,2005,9,GRACE,September,Observed,-4.523475009056889
13,2005-10-01,Tha Chin,15.697395252379147,1.0,32.0,2005-10-16,2005-10-16,2005,10,GRACE,October,Observed,-3.864865830892688
13,2005-11-01,Tha Chin,12.218424626096516,1.0,32.0,2005-11-16,2005-11-16,2005,11,GRACE,November,Observed,-3.438060823184751
13,2005-12-01,Tha Chin,2.5404660896407023,1.0,32.0,2005-12-16,2005-12-16,2005,12,GRACE,December,Observed,-2.607331951465906
13,2006-01-01,Tha Chin,-5.921564515970179,1.0,32.0,2006-01-16,2006-01-16,2006,1,GRACE,January,Observed,-1.569646072851504
13,2006-02-01,Tha Chin,-11.922035147955333,1.0,32.0,2006-02-15,2006-02-15,2006,2,GRACE,February,Observed,0.033732817701945805
13,2006-03-01,Tha Chin,-13.468067514818237,1.0,32.0,2006-03-16,2006-03-16,2006,3,GRACE,March,Observed,1.0996660786283738
13,2006-04-01,Tha Chin,-15.335120450470505,1.0,32.0,2006-04-16,2006-04-16,2006,4,GRACE,April,Observed,1.9437206252638202
13,2006-05-01,Tha Chin,-10.442671054072372,1.0,32.0,2006-05-16,2006-05-16,2006,5,GRACE,May,Observed,2.8138839353659786
13,2006-06-01,Tha Chin,-1.665983475376154,1.0,32.0,2006-06-16,2006-06-16,2006,6,GRACE,June,Observed,2.951870267555215
13,2006-07-01,Tha Chin,9.684734888823765,1.0,32.0,2006-07-16,2006-07-16,2006,7,GRACE,July,Observed,2.9766587464045653
13,2006-08-01,Tha Chin,18.973209205901412,1.0,32.0,2006-08-16,2006-08-16,2006,8,GRACE,August,Observed,2.9200771483315004
13,2006-09-01,Tha Chin,22.965859598987073,1.0,32.0,2006-09-16,2006-09-16,2006,9,GRACE,September,Observed,3.0240543460230143
13,2006-10-01,Tha Chin,26.139354973605045,1.0,32.0,2006-10-16,2006-10-16,2006,10,GRACE,October,Observed,2.8009155655338263
13,2006-11-01,Tha Chin,13.874260612367348,1.0,32.0,2006-11-16,2006-11-16,2006,11,GRACE,November,Observed,2.6754587068130626
13,2006-12-01,Tha Chin,2.8379278358329127,1.0,32.0,2006-12-16,2006-12-16,2006,12,GRACE,December,Observed,2.785358611015661
13,2007-01-01,Tha Chin,-6.600543692846958,1.0,32.0,2007-01-16,2007-01-16,2007,1,GRACE,January,Observed,2.6368985584569202
13,2007-02-01,Tha Chin,-10.67430877565717,1.0,32.0,2007-02-14,2007-02-14,2007,2,GRACE,February,Observed,2.193177783269695
13,2007-03-01,Tha Chin,-16.145732880688488,1.0,32.0,2007-03-16,2007-03-16,2007,3,GRACE,March,Observed,1.2223754915629998
13,2007-04-01,Tha Chin,-16.840602755119672,1.0,32.0,2007-04-16,2007-04-16,2007,4,GRACE,April,Observed,0.5104000788129631
13,2007-05-01,Tha Chin,-9.12387220364119,1.0,32.0,2007-05-16,2007-05-16,2007,5,GRACE,May,Observed,0.06835797118776703
13,2007-06-01,Tha Chin,-3.447504106081048,1.0,32.0,2007-06-16,2007-06-16,2007,6,GRACE,June,Observed,-0.0937057713857586
13,2007-07-01,Tha Chin,4.360085586577063,1.0,32.0,2007-07-16,2007-07-16,2007,7,GRACE,July,Observed,-0.504666657782523
13,2007-08-01,Tha Chin,7.3235817054210735,1.0,32.0,2007-08-16,2007-08-16,2007,8,GRACE,August,Observed,-0.7383738876218269
13,2007-09-01,Tha Chin,14.422154645986634,1.0,32.0,2007-09-16,2007-09-16,2007,9,GRACE,September,Observed,-1.0924074488880324
13,2007-10-01,Tha Chin,20.83484968210269,1.0,32.0,2007-10-16,2007-10-16,2007,10,GRACE,October,Observed,-1.36547938537773
13,2007-11-01,Tha Chin,11.92949570148504,1.0,32.0,2007-11-16,2007-11-16,2007,11,GRACE,November,Observed,-1.451677668392958
13,2007-12-01,Tha Chin,-2.0936028009282595,1.0,32.0,2007-12-16,2007-12-16,2007,12,GRACE,December,Observed,-1.2310542910506783
13,2008-01-01,Tha Chin,-9.405030450918606,1.0,32.0,2008-01-16,2008-01-16,2008,1,GRACE,January,Observed,-1.0015711312381774
13,2008-02-01,Tha Chin,-14.922711510851638,1.0,32.0,2008-02-15,2008-02-15,2008,2,GRACE,February,Observed,-0.9416654675469535
13,2008-03-01,Tha Chin,-19.422596118564858,1.0,32.0,2008-03-16,2008-03-16,2008,3,GRACE,March,Observed,-0.982000343780317
13,2008-04-01,Tha Chin,-17.874982151302408,1.0,32.0,2008-04-16,2008-04-16,2008,4,GRACE,April,Observed,-1.1586248880766272
13,2008-05-01,Tha Chin,-6.476391675533834,1.0,32.0,2008-05-16,2008-05-16,2008,5,GRACE,May,Observed,-1.6526402277490344
13,2008-06-01,Tha Chin,-0.6937061883310374,1.0,32.0,2008-06-16,2008-06-16,2008,6,GRACE,June,Observed,-1.6825493885652376
13,2008-07-01,Tha Chin,5.07895355087175,1.0,32.0,2008-07-16,2008-07-16,2008,7,GRACE,July,Observed,-1.5902348315966588
13,2008-08-01,Tha Chin,6.839563190620713,1.0,32.0,2008-08-16,2008-08-16,2008,8,GRACE,August,Observed,-1.5841643088933999
13,2008-09-01,Tha Chin,12.30266011443091,1.0,32.0,2008-09-16,2008-09-16,2008,9,GRACE,September,Observed,-1.501643573090704
13,2008-10-01,Tha Chin,14.906665606033803,1.0,32.0,2008-10-16,2008-10-16,2008,10,GRACE,October,Observed,-1.323833960343161
13,2008-11-01,Tha Chin,11.5705857716906,1.0,32.0,2008-11-16,2008-11-16,2008,11,GRACE,November,Observed,-1.1010270366116368
13,2008-12-01,Tha Chin,-0.9858281173053108,1.0,32.0,2008-12-16,2008-12-16,2008,12,GRACE,December,Observed,-1.7248715510570285
13,2009-01-01,Tha Chin,-9.332184178479498,1.0,32.0,2009-01-16,2009-01-16,2009,1,GRACE,January,Observed,-1.9156837098966302
13,2009-02-01,Tha Chin,-13.932462681219292,1.0,32.0,2009-02-15,2009-02-15,2009,2,GRACE,February,Observed,-2.4033027507385296
13,2009-03-01,Tha Chin,-17.28888076559434,1.0,32.0,2009-03-16,2009-03-16,2009,3,GRACE,March,Observed,-2.5192372008656467
13,2009-04-01,Tha Chin,-15.201299066524117,1.0,32.0,2009-04-16,2009-04-16,2009,4,GRACE,April,Observed,-2.5567704206443707
13,2009-05-01,Tha Chin,-13.962525848878533,1.0,32.0,2009-05-16,2009-05-16,2009,5,GRACE,May,Observed,-2.4366575030436217
13,2009-06-01,Tha Chin,-2.9834520944062635,1.0,32.0,2009-06-16,2009-06-16,2009,6,GRACE,June,Observed,-2.776579173164244
13,2009-07-01,Tha Chin,-0.7724749392310377,1.0,32.0,2009-07-16,2009-07-16,2009,7,GRACE,July,Observed,-2.829455098750359
13,2009-08-01,Tha Chin,5.448349789095303,1.0,32.0,2009-08-16,2009-08-16,2009,8,GRACE,August,Observed,-2.768366219014245
13,2009-09-01,Tha Chin,11.85226147708623,1.0,32.0,2009-09-16,2009-09-16,2009,9,GRACE,September,Observed,-2.7406327419757286
13,2009-10-01,Tha Chin,16.348020617242785,1.0,32.0,2009-10-16,2009-10-16,2009,10,GRACE,October,Observed,-2.735671579411232
13,2009-11-01,Tha Chin,7.4915257302431355,1.0,32.0,2009-11-16,2009-11-16,2009,11,GRACE,November,Observed,-3.29459937862157
13,2009-12-01,Tha Chin,-1.6203392243386947,1.0,32.0,2009-12-16,2009-12-16,2009,12,GRACE,December,Observed,-3.872065231715709
13,2010-01-01,Tha Chin,-8.599117621646124,1.0,32.0,2010-01-16,2010-01-16,2010,1,GRACE,January,Observed,-5.103968247023652
13,2010-02-01,Tha Chin,-13.5996609567571,1.0,32.0,2010-02-15,2010-02-15,2010,2,GRACE,February,Observed,-6.046070389152306
13,2010-03-01,Tha Chin,-17.22934681482037,1.0,32.0,2010-03-16,2010-03-16,2010,3,GRACE,March,Observed,-6.274939818169574
13,2010-04-01,Tha Chin,-21.908432657048177,1.0,32.0,2010-04-16,2010-04-16,2010,4,GRACE,April,Observed,-6.53500458691738
13,2010-05-01,Tha Chin,-20.892116086008205,1.0,32.0,2010-05-16,2010-05-16,2010,5,GRACE,May,Observed,-6.544783343156625
13,2010-06-01,Tha Chin,-17.766288278101573,1.0,32.0,2010-06-16,2010-06-16,2010,6,GRACE,June,Observed,-6.540038412478348
13,2010-07-01,Tha Chin,-12.07770064477489,1.0,32.0,2010-07-16,2010-07-16,2010,7,GRACE,July,Observed,-6.627203184473792
13,2010-08-01,Tha Chin,2.7019166408880944,1.0,32.0,2010-08-16,2010-08-16,2010,8,GRACE,August,Observed,-6.447938235639944
13,2010-09-01,Tha Chin,8.731484252112553,1.0,32.0,2010-09-16,2010-09-16,2010,9,GRACE,September,Observed,-6.62220900370854
13,2010-10-01,Tha Chin,16.23067554237184,1.0,32.0,2010-10-16,2010-10-16,2010,10,GRACE,October,Observed,-6.653809906517569
13,2010-11-01,Tha Chin,7.548464898382464,1.0,32.0,2010-11-16,2010-11-16,2010,11,GRACE,November,Observed,-6.351735826319748
13,2010-12-01,Tha Chin,-2.6663164882840213,1.0,32.0,2010-12-14,2010-12-14,2010,12,GRACE,December,Observed,-5.4926363395581745
13,2011-01-01,Tha Chin,,,,,,2011,1,GRACE,January,Missing,
13,2011-02-01,Tha Chin,-15.516639405511663,1.0,32.0,2011-02-18,2011-02-18,2011,2,GRACE,February,Observed,-2.505448583039829
13,2011-03-01,Tha Chin,-17.5769567457197,1.0,32.0,2011-03-16,2011-03-16,2011,3,GRACE,March,Observed,-1.5247026361605098
13,2011-04-01,Tha Chin,-18.58561777487216,1.0,32.0,2011-04-16,2011-04-16,2011,4,GRACE,April,Observed,-0.04101795090046352
13,2011-05-01,Tha Chin,-11.442021731630884,1.0,32.0,2011-05-16,2011-05-16,2011,5,GRACE,May,Observed,0.6000710683370187
13,2011-06-01,Tha Chin,,,,,,2011,6,GRACE,June,Missing,
13,2011-07-01,Tha Chin,5.520524981865167,1.0,32.0,2011-07-18,2011-07-18,2011,7,GRACE,July,Observed,-0.30925767241286917
13,2011-08-01,Tha Chin,12.50937610968129,1.0,32.0,2011-08-16,2011-08-16,2011,8,GRACE,August,Observed,-0.8359060708728789
13,2011-09-01,Tha Chin,23.568331104713018,1.0,32.0,2011-09-16,2011-09-16,2011,9,GRACE,September,Observed,-0.525056655264334
13,2011-10-01,Tha Chin,22.641565734746663,2.0,64.0,2011-10-16,2011-10-31,2011,10,GRACE,October,Observed,-0.20132094040215343
13,2011-11-01,Tha Chin,,,,,,2011,11,GRACE,November,Missing,
13,2011-12-01,Tha Chin,-3.901881324987567,1.0,32.0,2011-12-28,2011-12-28,2011,12,GRACE,December,Observed,1.3858969162131958
13,2012-01-01,Tha Chin,-5.5757416570129665,1.0,32.0,2012-01-16,2012-01-16,2012,1,GRACE,January,Observed,0.32008853630544676
13,2012-02-01,Tha Chin,-12.408145249426214,1.0,32.0,2012-02-15,2012-02-15,2012,2,GRACE,February,Observed,-0.2820621482276434
13,2012-03-01,Tha Chin,-14.339599597097893,1.0,32.0,2012-03-16,2012-03-16,2012,3,GRACE,March,Observed,-0.9742289532827281
13,2012-04-01,Tha Chin,-15.541357856562746,1.0,32.0,2012-04-04,2012-04-04,2012,4,GRACE,April,Observed,-2.183540301242308
13,2012-05-01,Tha Chin,,,,,,2012,5,GRACE,May,Missing,
13,2012-06-01,Tha Chin,-9.272186882864295,1.0,32.0,2012-06-16,2012-06-16,2012,6,GRACE,June,Observed,-3.7195247878824644
13,2012-07-01,Tha Chin,-0.5009818634657349,1.0,32.0,2012-07-16,2012-07-16,2012,7,GRACE,July,Observed,-3.4938212756331453
13,2012-08-01,Tha Chin,5.587708059130444,1.0,32.0,2012-08-16,2012-08-16,2012,8,GRACE,August,Observed,-3.7235577132072564
13,2012-09-01,Tha Chin,11.475217625117219,1.0,32.0,2012-09-13,2012-09-13,2012,9,GRACE,September,Observed,-3.7004330318619942
13,2012-10-01,Tha Chin,,,,,,2012,10,GRACE,October,Missing,
13,2012-11-01,Tha Chin,7.2817208683450945,1.0,32.0,2012-11-18,2012-11-18,2012,11,GRACE,November,Observed,-2.7871478786045003
13,2012-12-01,Tha Chin,-1.644846202494376,1.0,32.0,2012-12-16,2012-12-16,2012,12,GRACE,December,Observed,-4.5309123075621835
13,2013-01-01,Tha Chin,-7.8731060327540705,1.0,32.0,2013-01-16,2013-01-16,2013,1,GRACE,January,Observed,-4.8597245562865385
13,2013-02-01,Tha Chin,-12.176898435973598,1.0,32.0,2013-02-14,2013-02-14,2013,2,GRACE,February,Observed,-5.11500961558648
13,2013-03-01,Tha Chin,,,,,,2013,3,GRACE,March,Missing,
13,2013-04-01,Tha Chin,-17.9609580424812,1.0,32.0,2013-04-21,2013-04-21,2013,4,GRACE,April,Observed,-8.526627730014058
13,2013-05-01,Tha Chin,-20.22479216818133,1.0,32.0,2013-05-16,2013-05-16,2013,5,GRACE,May,Observed,-5.186784759629701
13,2013-06-01,Tha Chin,-12.560309370107845,1.0,32.0,2013-06-16,2013-06-16,2013,6,GRACE,June,Observed,-4.87733359868027
13,2013-07-01,Tha Chin,-3.0538324564651513,1.0,32.0,2013-07-16,2013-07-16,2013,7,GRACE,July,Observed,-4.545049125265276
13,2013-08-01,Tha Chin,,,,,,2013,8,GRACE,August,Missing,
13,2013-09-01,Tha Chin,,,,,,2013,9,GRACE,September,Missing,
13,2013-10-01,Tha Chin,21.531959003445156,1.0,32.0,2013-10-16,2013-10-16,2013,10,GRACE,October,Observed,-4.670551521642777
13,2013-11-01,Tha Chin,10.06678131688998,1.0,32.0,2013-11-16,2013-11-16,2013,11,GRACE,November,Observed,-5.186140954339277
13,2013-12-01,Tha Chin,1.3457140582405587,1.0,32.0,2013-12-16,2013-12-16,2013,12,GRACE,December,Observed,-4.862614900041247
13,2014-01-01,Tha Chin,-5.470784227576165,1.0,32.0,2014-01-09,2014-01-09,2014,1,GRACE,January,Observed,-5.185361278274064
13,2014-02-01,Tha Chin,,,,,,2014,2,GRACE,February,Missing,
13,2014-03-01,Tha Chin,-15.708741808549002,1.0,32.0,2014-03-17,2014-03-17,2014,3,GRACE,March,Observed,-4.818786328595755
13,2014-04-01,Tha Chin,-22.60126293674971,1.0,32.0,2014-04-16,2014-04-16,2014,4,GRACE,April,Observed,-3.614005032862207
13,2014-05-01,Tha Chin,-17.313057679499057,1.0,32.0,2014-05-16,2014-05-16,2014,5,GRACE,May,Observed,-4.697655700379252
13,2014-06-01,Tha Chin,-15.4650267742032,1.0,32.0,2014-06-13,2014-06-13,2014,6,GRACE,June,Observed,-5.226127848352521
13,2014-07-01,Tha Chin,,,,,,2014,7,GRACE,July,Missing,
13,2014-08-01,Tha Chin,0.245342090639628,1.0,32.0,2014-08-16,2014-08-16,2014,8,GRACE,August,Observed,-6.244472715851708
13,2014-09-01,Tha Chin,7.229026628739728,1.0,32.0,2014-09-16,2014-09-16,2014,9,GRACE,September,Observed,-6.867948729697178
13,2014-10-01,Tha Chin,10.695452328274703,1.0,32.0,2014-10-16,2014-10-16,2014,10,GRACE,October,Observed,-7.155549716246552
13,2014-11-01,Tha Chin,4.782059837157287,1.0,32.0,2014-11-16,2014-11-16,2014,11,GRACE,November,Observed,-7.447759731721549
13,2014-12-01,Tha Chin,,,,,,2014,12,GRACE,December,Missing,
13,2015-01-01,Tha Chin,-8.06404612847576,1.0,32.0,2015-01-22,2015-01-22,2015,1,GRACE,January,Observed,-5.212439107939153
13,2015-02-01,Tha Chin,-12.479232854306423,1.0,32.0,2015-02-15,2015-02-15,2015,2,GRACE,February,Observed,-5.661703501563952
13,2015-03-01,Tha Chin,-18.584751674042728,1.0,32.0,2015-03-16,2015-03-16,2015,3,GRACE,March,Observed,-5.393920178357682
13,2015-04-01,Tha Chin,-25.52336309149967,2.0,64.0,2015-04-16,2015-04-27,2015,4,GRACE,April,Observed,-6.281943164331545
13,2015-05-01,Tha Chin,,,,,,2015,5,GRACE,May,Missing,
13,2015-06-01,Tha Chin,,,,,,2015,6,GRACE,June,Missing,
13,2015-07-01,Tha Chin,-9.255818650562347,1.0,32.0,2015-07-15,2015-07-15,2015,7,GRACE,July,Observed,-10.550179046060672
13,2015-08-01,Tha Chin,2.655391999496056,1.0,32.0,2015-08-16,2015-08-16,2015,8,GRACE,August,Observed,-11.310417015939283
13,2015-09-01,Tha Chin,-0.763180245025029,1.0,32.0,2015-09-14,2015-09-14,2015,9,GRACE,September,Observed,-12.586874386823347
13,2015-10-01,Tha Chin,,,,,,2015,10,GRACE,October,Missing,
13,2015-11-01,Tha Chin,,,,,,2015,11,GRACE,November,Missing,
13,2015-12-01,Tha Chin,-12.38643172406948,1.0,32.0,2015-12-23,2015-12-23,2015,12,GRACE,December,Observed,-14.714961529167283
13,2016-01-01,Tha Chin,-14.145949887504663,1.0,32.0,2016-01-16,2016-01-16,2016,1,GRACE,January,Observed,-15.709900942320681
13,2016-02-01,Tha Chin,-22.690891821378933,1.0,32.0,2016-02-14,2016-02-14,2016,2,GRACE,February,Observed,-16.12253645071209
13,2016-03-01,Tha Chin,-30.272093618830336,1.0,32.0,2016-03-16,2016-03-16,2016,3,GRACE,March,Observed,-16.12347417039
13,2016-04-01,Tha Chin,,,,,,2016,4,GRACE,April,Missing,
13,2016-05-01,Tha Chin,-30.860718285463545,1.0,32.0,2016-05-20,2016-05-20,2016,5,GRACE,May,Observed,-18.043510911060626
13,2016-06-01,Tha Chin,-23.66941624754786,1.0,32.0,2016-06-16,2016-06-16,2016,6,GRACE,June,Observed,-15.171106339189727
13,2016-07-01,Tha Chin,-12.969538226085042,1.0,32.0,2016-07-15,2016-07-15,2016,7,GRACE,July,Observed,-14.452490294987683
13,2016-08-01,Tha Chin,2.646952522394852,1.0,32.0,2016-08-21,2016-08-21,2016,8,GRACE,August,Observed,-13.863045394440583
13,2016-09-01,Tha Chin,,,,,,2016,9,GRACE,September,Missing,
13,2016-10-01,Tha Chin,,,,,,2016,10,GRACE,October,Missing,
13,2016-11-01,Tha Chin,7.808130235777476,1.0,32.0,2016-11-27,2016-11-27,2016,11,GRACE,November,Observed,-12.540860964196817
13,2016-12-01,Tha Chin,-5.91888732625112,1.0,32.0,2016-12-24,2016-12-24,2016,12,GRACE,December,Observed,-11.398852647752959
13,2017-01-01,Tha Chin,-8.840945782580736,1.0,32.0,2017-01-21,2017-01-21,2017,1,GRACE,January,Observed,-9.439902695515437
13,2017-02-01,Tha Chin,,,,,,2017,2,GRACE,February,Missing,
13,2017-03-01,Tha Chin,-17.696907742128207,1.0,32.0,2017-03-31,2017-03-31,2017,3,GRACE,March,Observed,
13,2017-04-01,Tha Chin,-23.366417825887186,1.0,32.0,2017-04-24,2017-04-24,2017,4,GRACE,April,Observed,
13,2017-05-01,Tha Chin,-20.582643437468818,1.0,32.0,2017-05-13,2017-05-13,2017,5,GRACE,May,Observed,
13,2017-06-01,Tha Chin,-6.038866677410175,1.0,32.0,2017-06-10,2017-06-10,2017,6,GRACE,June,Observed,
13,2017-07-01,Tha Chin,,,,,,2017,7,Mission gap,July,Missing,
13,2017-08-01,Tha Chin,,,,,,2017,8,Mission gap,August,Missing,
13,2017-09-01,Tha Chin,,,,,,2017,9,Mission gap,September,Missing,
13,2017-10-01,Tha Chin,,,,,,2017,10,Mission gap,October,Missing,
13,2017-11-01,Tha Chin,,,,,,2017,11,Mission gap,November,Missing,
13,2017-12-01,Tha Chin,,,,,,2017,12,Mission gap,December,Missing,
13,2018-01-01,Tha Chin,,,,,,2018,1,Mission gap,January,Missing,
13,2018-02-01,Tha Chin,,,,,,2018,2,Mission gap,February,Missing,
13,2018-03-01,Tha Chin,,,,,,2018,3,Mission gap,March,Missing,
13,2018-04-01,Tha Chin,,,,,,2018,4,Mission gap,April,Missing,
13,2018-05-01,Tha Chin,,,,,,2018,5,GRACE-FO,May,Missing,
13,2018-06-01,Tha Chin,-0.5682326834532562,1.0,32.0,2018-06-16,2018-06-16,2018,6,GRACE-FO,June,Observed,
13,2018-07-01,Tha Chin,4.047903955547625,1.0,32.0,2018-07-10,2018-07-10,2018,7,GRACE-FO,July,Observed,
13,2018-08-01,Tha Chin,,,,,,2018,8,GRACE-FO,August,Missing,
13,2018-09-01,Tha Chin,,,,,,2018,9,GRACE-FO,September,Missing,
13,2018-10-01,Tha Chin,12.421776665786167,1.0,32.0,2018-10-31,2018-10-31,2018,10,GRACE-FO,October,Observed,-4.460218647965203
13,2018-11-01,Tha Chin,5.927437577687723,1.0,32.0,2018-11-16,2018-11-16,2018,11,GRACE-FO,November,Observed,-6.6688911350627365
13,2018-12-01,Tha Chin,-6.988854875264252,1.0,32.0,2018-12-16,2018-12-16,2018,12,GRACE-FO,December,Observed,-8.272730162981418
13,2019-01-01,Tha Chin,-14.465665175461936,1.0,32.0,2019-01-16,2019-01-16,2019,1,GRACE-FO,January,Observed,-10.011749608518482
13,2019-02-01,Tha Chin,-17.801778634311816,1.0,32.0,2019-02-15,2019-02-15,2019,2,GRACE-FO,February,Observed,-11.629699570791086
13,2019-03-01,Tha Chin,-18.254336014251887,1.0,32.0,2019-03-16,2019-03-16,2019,3,GRACE-FO,March,Observed,-10.195365265926451
13,2019-04-01,Tha Chin,-24.338271031843007,1.0,32.0,2019-04-16,2019-04-16,2019,4,GRACE-FO,April,Observed,-8.486511431685427
13,2019-05-01,Tha Chin,-22.70728141424955,1.0,32.0,2019-05-16,2019-05-16,2019,5,GRACE-FO,May,Observed,-9.416971944230133
13,2019-06-01,Tha Chin,-17.958427138823904,1.0,32.0,2019-06-16,2019-06-16,2019,6,GRACE-FO,June,Observed,-10.139715133225769
13,2019-07-01,Tha Chin,-12.131595667178408,1.0,32.0,2019-07-16,2019-07-16,2019,7,GRACE-FO,July,Observed,-10.80918813980979
13,2019-08-01,Tha Chin,4.147977782719896,1.0,32.0,2019-08-16,2019-08-16,2019,8,GRACE-FO,August,Observed,-11.097186688533888
13,2019-09-01,Tha Chin,10.310880744965827,1.0,32.0,2019-09-16,2019-09-16,2019,9,GRACE-FO,September,Observed,-11.796532186896256
13,2019-10-01,Tha Chin,1.2562505152497199,1.0,32.0,2019-10-16,2019-10-16,2019,10,GRACE-FO,October,Observed,-12.23120973492029
13,2019-11-01,Tha Chin,-2.7454806902599227,1.0,32.0,2019-11-16,2019-11-16,2019,11,GRACE-FO,November,Observed,-11.96340831116767
13,2019-12-01,Tha Chin,-15.022530954272487,1.0,32.0,2019-12-16,2019-12-16,2019,12,GRACE-FO,December,Observed,-11.859139401407537
13,2020-01-01,Tha Chin,-17.921647760151128,1.0,32.0,2020-01-16,2020-01-16,2020,1,GRACE-FO,January,Observed,-12.505549423032926
13,2020-02-01,Tha Chin,-26.193924614660222,1.0,32.0,2020-02-15,2020-02-15,2020,2,GRACE-FO,February,Observed,-13.292274082464731
13,2020-03-01,Tha Chin,-23.470466590540315,1.0,32.0,2020-03-16,2020-03-16,2020,3,GRACE-FO,March,Observed,-13.816581143868069
13,2020-04-01,Tha Chin,-21.124653946811573,1.0,32.0,2020-04-16,2020-04-16,2020,4,GRACE-FO,April,Observed,-14.277625512964507
13,2020-05-01,Tha Chin,-21.45605449712795,1.0,32.0,2020-05-16,2020-05-16,2020,5,GRACE-FO,May,Observed,-13.44393742723266
13,2020-06-01,Tha Chin,-25.715347398328582,1.0,32.0,2020-06-16,2020-06-16,2020,6,GRACE-FO,June,Observed,-13.274603620079757
13,2020-07-01,Tha Chin,-21.57229158036005,1.0,32.0,2020-07-16,2020-07-16,2020,7,GRACE-FO,July,Observed,-13.200656854575461
13,2020-08-01,Tha Chin,-2.1437069541201415,1.0,32.0,2020-08-16,2020-08-16,2020,8,GRACE-FO,August,Observed,-13.120030712980522
13,2020-09-01,Tha Chin,4.778348315808536,1.0,32.0,2020-09-16,2020-09-16,2020,9,GRACE-FO,September,Observed,-12.379230086069319
13,2020-10-01,Tha Chin,11.26050754403192,1.0,32.0,2020-10-16,2020-10-16,2020,10,GRACE-FO,October,Observed,-12.252645682201239
13,2020-11-01,Tha Chin,-0.7134750044250878,1.0,32.0,2020-11-16,2020-11-16,2020,11,GRACE-FO,November,Observed,-12.340771314350066
13,2020-12-01,Tha Chin,-14.135169768220948,1.0,32.0,2020-12-16,2020-12-16,2020,12,GRACE-FO,December,Observed,-12.494906377216248
13,2021-01-01,Tha Chin,-16.954134061011885,1.0,32.0,2021-01-16,2021-01-16,2021,1,GRACE-FO,January,Observed,-11.730922971716794
13,2021-02-01,Tha Chin,-17.304317091725743,1.0,32.0,2021-02-15,2021-02-15,2021,2,GRACE-FO,February,Observed,-10.830036456464201
13,2021-03-01,Tha Chin,-21.95145374412337,1.0,32.0,2021-03-16,2021-03-16,2021,3,GRACE-FO,March,Observed,-10.524850967313837
13,2021-04-01,Tha Chin,-22.182161532597526,1.0,32.0,2021-04-16,2021-04-16,2021,4,GRACE-FO,April,Observed,-10.25864480235183
13,2021-05-01,Tha Chin,-23.305675251522132,1.0,32.0,2021-05-16,2021-05-16,2021,5,GRACE-FO,May,Observed,-9.93061238202367
13,2021-06-01,Tha Chin,-16.54754653233511,1.0,32.0,2021-06-16,2021-06-16,2021,6,GRACE-FO,June,Observed,-9.45565294514674
13,2021-07-01,Tha Chin,-10.761653397328958,1.0,32.0,2021-07-16,2021-07-16,2021,7,GRACE-FO,July,Observed,-8.853890816340273
13,2021-08-01,Tha Chin,1.518518915684262,1.0,32.0,2021-08-16,2021-08-16,2021,8,GRACE-FO,August,Observed,-8.520886963854196
13,2021-09-01,Tha Chin,7.9728222953526044,1.0,32.0,2021-09-16,2021-09-16,2021,9,GRACE-FO,September,Observed,-8.307498907542534
13,2021-10-01,Tha Chin,15.196896587969839,1.0,32.0,2021-10-16,2021-10-16,2021,10,GRACE-FO,October,Observed,-7.720929782124376
13,2021-11-01,Tha Chin,4.986038238098067,1.0,32.0,2021-11-16,2021-11-16,2021,11,GRACE-FO,November,Observed,-7.451734501752818
13,2021-12-01,Tha Chin,-6.914024222543343,1.0,32.0,2021-12-16,2021-12-16,2021,12,GRACE-FO,December,Observed,-6.392895447690839
13,2022-01-01,Tha Chin,-12.958087831178945,1.0,32.0,2022-01-16,2022-01-16,2022,1,GRACE-FO,January,Observed,-5.574276738979312
13,2022-02-01,Tha Chin,-14.743660415985806,1.0,32.0,2022-02-15,2022-02-15,2022,2,GRACE-FO,February,Observed,-5.370001926677549
13,2022-03-01,Tha Chin,-14.912624239105467,1.0,32.0,2022-03-16,2022-03-16,2022,3,GRACE-FO,March,Observed,-5.588880757043801
13,2022-04-01,Tha Chin,-18.95181816813885,1.0,32.0,2022-04-16,2022-04-16,2022,4,GRACE-FO,April,Observed,-5.703641226004485
13,2022-05-01,Tha Chin,-10.599606602778373,1.0,32.0,2022-05-16,2022-05-16,2022,5,GRACE-FO,May,Observed,-5.87718849048683
13,2022-06-01,Tha Chin,-6.724122027796781,1.0,32.0,2022-06-16,2022-06-16,2022,6,GRACE-FO,June,Observed,-5.47756093628383
13,2022-07-01,Tha Chin,-8.310355649707814,1.0,32.0,2022-07-16,2022-07-16,2022,7,GRACE-FO,July,Observed,-4.964965063790911
13,2022-08-01,Tha Chin,-1.1080270487107509,1.0,32.0,2022-08-16,2022-08-16,2022,8,GRACE-FO,August,Observed,-4.890730952650835
13,2022-09-01,Tha Chin,6.595696667824399,1.0,32.0,2022-09-16,2022-09-16,2022,9,GRACE-FO,September,Observed,-4.530591930613891
13,2022-10-01,Tha Chin,13.114329414181691,1.0,32.0,2022-10-16,2022-10-16,2022,10,GRACE-FO,October,Observed,-4.854540146740707
13,2022-11-01,Tha Chin,9.781568888534078,1.0,32.0,2022-11-16,2022-11-16,2022,11,GRACE-FO,November,Observed,-4.780299425891247
13,2022-12-01,Tha Chin,-0.7628737526283288,1.0,32.0,2022-12-16,2022-12-16,2022,12,GRACE-FO,December,Observed,-5.730330903201723
13,2023-01-01,Tha Chin,-12.067278497498041,1.0,32.0,2023-01-16,2023-01-16,2023,1,GRACE-FO,January,Observed,-6.852577739354654
13,2023-02-01,Tha Chin,-10.421992151542469,1.0,32.0,2023-02-15,2023-02-15,2023,2,GRACE-FO,February,Observed,-7.315260074507747
13,2023-03-01,Tha Chin,-18.80000283262726,1.0,32.0,2023-03-16,2023-03-16,2023,3,GRACE-FO,March,Observed,-7.691405640556753
13,2023-04-01,Tha Chin,-18.060929517945326,1.0,32.0,2023-04-16,2023-04-16,2023,4,GRACE-FO,April,Observed,-8.206096660185889
13,2023-05-01,Tha Chin,-21.999984330504084,1.0,32.0,2023-05-16,2023-05-16,2023,5,GRACE-FO,May,Observed,-7.7237889126741335
13,2023-06-01,Tha Chin,-20.19108406163196,1.0,32.0,2023-06-16,2023-06-16,2023,6,GRACE-FO,June,Observed,-7.627293671732722
13,2023-07-01,Tha Chin,-13.862543671544934,1.0,32.0,2023-07-16,2023-07-16,2023,7,GRACE-FO,July,Observed,-8.048124854586272
13,2023-08-01,Tha Chin,-5.621773841298831,1.0,32.0,2023-08-16,2023-08-16,2023,8,GRACE-FO,August,Observed,-8.001012626205236
13,2023-09-01,Tha Chin,0.4194044322747872,1.0,32.0,2023-09-16,2023-09-16,2023,9,GRACE-FO,September,Observed,-8.362673165525498
13,2023-10-01,Tha Chin,18.902022384322755,1.0,32.0,2023-10-16,2023-10-16,2023,10,GRACE-FO,October,Observed,-8.22891215749619
13,2023-11-01,Tha Chin,10.939511779831014,1.0,32.0,2023-11-16,2023-11-16,2023,11,GRACE-FO,November,Observed,-8.844958748385341
13,2023-12-01,Tha Chin,-5.812847946870923,1.0,32.0,2023-12-16,2023-12-16,2023,12,GRACE-FO,December,Observed,-9.23070458245708
13,2024-01-01,Tha Chin,-11.50193175692563,1.0,32.0,2024-01-16,2024-01-16,2024,1,GRACE-FO,January,Observed,-9.175561268279104
13,2024-02-01,Tha Chin,-14.76191862338561,1.0,32.0,2024-02-15,2024-02-15,2024,2,GRACE-FO,February,Observed,-9.442663983417086
13,2024-03-01,Tha Chin,-17.194870736275547,1.0,32.0,2024-03-16,2024-03-16,2024,3,GRACE-FO,March,Observed,-8.9612814121153
13,2024-04-01,Tha Chin,-25.45348860861515,1.0,32.0,2024-04-16,2024-04-16,2024,4,GRACE-FO,April,Observed,-8.236978000673755
13,2024-05-01,Tha Chin,-26.62893433936495,1.0,32.0,2024-05-16,2024-05-16,2024,5,GRACE-FO,May,Observed,-8.748444368936779
13,2024-06-01,Tha Chin,-19.52936429149624,1.0,32.0,2024-06-16,2024-06-16,2024,6,GRACE-FO,June,Observed,-10.538258564279307
13,2024-07-01,Tha Chin,-17.06777625320071,1.0,32.0,2024-07-16,2024-07-16,2024,7,GRACE-FO,July,Observed,-11.010799626020145
13,2024-08-01,Tha Chin,0.154817014322603,1.0,32.0,2024-08-16,2024-08-16,2024,8,GRACE-FO,August,Observed,-10.956229389252869
13,2024-09-01,Tha Chin,9.111045369573317,1.0,32.0,2024-09-16,2024-09-16,2024,9,GRACE-FO,September,Observed,-10.480518234986276
13,2024-10-01,Tha Chin,12.764425965166446,1.0,32.0,2024-10-16,2024-10-16,2024,10,GRACE-FO,October,Observed,
14,2002-04-01,Mae Klong,-12.1984775983351,1.0,51.0,2002-04-18,2002-04-18,2002,4,GRACE,April,Observed,
14,2002-05-01,Mae Klong,-6.65294711957167,1.0,51.0,2002-05-10,2002-05-10,2002,5,GRACE,May,Observed,
14,2002-06-01,Mae Klong,,,,,,2002,6,GRACE,June,Missing,
14,2002-07-01,Mae Klong,,,,,,2002,7,GRACE,July,Missing,
14,2002-08-01,Mae Klong,18.06431111237426,1.0,51.0,2002-08-16,2002-08-16,2002,8,GRACE,August,Observed,12.69547279689285
14,2002-09-01,Mae Klong,27.8274710894896,1.0,51.0,2002-09-16,2002-09-16,2002,9,GRACE,September,Observed,11.831166195762242
14,2002-10-01,Mae Klong,32.57474425262555,1.0,51.0,2002-10-16,2002-10-16,2002,10,GRACE,October,Observed,11.3044698002216
14,2002-11-01,Mae Klong,26.890797005548915,1.0,51.0,2002-11-16,2002-11-16,2002,11,GRACE,November,Observed,11.966864099450728
14,2002-12-01,Mae Klong,11.093271582347784,1.0,51.0,2002-12-16,2002-12-16,2002,12,GRACE,December,Observed,12.676585498118456
14,2003-01-01,Mae Klong,3.9646120506634563,1.0,51.0,2003-01-16,2003-01-16,2003,1,GRACE,January,Observed,12.676585498118456
14,2003-02-01,Mae Klong,4.91671338671738,1.0,51.0,2003-02-15,2003-02-15,2003,2,GRACE,February,Observed,13.047308507131369
14,2003-03-01,Mae Klong,6.56420224035583,1.0,51.0,2003-03-16,2003-03-16,2003,3,GRACE,March,Observed,13.39385755113526
14,2003-04-01,Mae Klong,-5.574534606043829,1.0,51.0,2003-04-16,2003-04-16,2003,4,GRACE,April,Observed,12.962738542415172
14,2003-05-01,Mae Klong,0.4442668671056154,1.0,51.0,2003-05-11,2003-05-11,2003,5,GRACE,May,Observed,12.155725923343152
14,2003-06-01,Mae Klong,,,,,,2003,6,GRACE,June,Missing,
14,2003-07-01,Mae Klong,16.75453859726051,1.0,51.0,2003-07-16,2003-07-16,2003,7,GRACE,July,Observed,10.89478295074185
14,2003-08-01,Mae Klong,21.87635059641706,1.0,51.0,2003-08-16,2003-08-16,2003,8,GRACE,August,Observed,10.35690121184052
14,2003-09-01,Mae Klong,23.085161993568626,1.0,51.0,2003-09-16,2003-09-16,2003,9,GRACE,September,Observed,9.68586949713214
14,2003-10-01,Mae Klong,23.6976054428333,1.0,51.0,2003-10-16,2003-10-16,2003,10,GRACE,October,Observed,8.420843772791857
14,2003-11-01,Mae Klong,14.645289623877652,1.0,51.0,2003-11-16,2003-11-16,2003,11,GRACE,November,Observed,7.950161717658676
14,2003-12-01,Mae Klong,9.468406265404752,1.0,51.0,2003-12-16,2003-12-16,2003,12,GRACE,December,Observed,7.174519192188767
14,2004-01-01,Mae Klong,-1.9520870772511574,1.0,51.0,2004-01-07,2004-01-07,2004,1,GRACE,January,Observed,7.686340489642602
14,2004-02-01,Mae Klong,-2.4646354750748225,1.0,51.0,2004-02-17,2004-02-17,2004,2,GRACE,February,Observed,7.7034004365967474
14,2004-03-01,Mae Klong,-7.351080727387279,1.0,51.0,2004-03-16,2004-03-16,2004,3,GRACE,March,Observed,7.858966174744972
14,2004-04-01,Mae Klong,-10.75203721250882,1.0,51.0,2004-04-16,2004-04-16,2004,4,GRACE,April,Observed,7.784085123589501
14,2004-05-01,Mae Klong,-8.087800913063376,1.0,51.0,2004-05-16,2004-05-16,2004,5,GRACE,May,Observed,7.360073879026622
14,2004-06-01,Mae Klong,13.316374761634785,1.0,51.0,2004-06-16,2004-06-16,2004,6,GRACE,June,Observed,7.029263966552455
14,2004-07-01,Mae Klong,16.959257960710257,1.0,51.0,2004-07-16,2004-07-16,2004,7,GRACE,July,Observed,6.266491125430559
14,2004-08-01,Mae Klong,23.74313945419575,1.0,51.0,2004-08-16,2004-08-16,2004,8,GRACE,August,Observed,5.474083612979277
14,2004-09-01,Mae Klong,22.186589379702987,1.0,51.0,2004-09-16,2004-09-16,2004,9,GRACE,September,Observed,4.366672458923646
14,2004-10-01,Mae Klong,18.609470508078733,1.0,51.0,2004-10-16,2004-10-16,2004,10,GRACE,October,Observed,3.321083441920495
14,2004-11-01,Mae Klong,10.675570674187663,1.0,51.0,2004-11-16,2004-11-16,2004,11,GRACE,November,Observed,2.551338253025243
14,2004-12-01,Mae Klong,0.3151321719419937,1.0,51.0,2004-12-16,2004-12-16,2004,12,GRACE,December,Observed,1.650115401696964
14,2005-01-01,Mae Klong,-11.46097722666655,1.0,51.0,2005-01-16,2005-01-16,2005,1,GRACE,January,Observed,-0.4336473487000932
14,2005-02-01,Mae Klong,-15.753569323742385,1.0,51.0,2005-02-15,2005-02-15,2005,2,GRACE,February,Observed,-2.2980229704678528
14,2005-03-01,Mae Klong,-19.898148931425087,1.0,51.0,2005-03-16,2005-03-16,2005,3,GRACE,March,Observed,-3.601006721741925
14,2005-04-01,Mae Klong,-19.988979479251856,1.0,51.0,2005-04-16,2005-04-16,2005,4,GRACE,April,Observed,-4.288100322920191
14,2005-05-01,Mae Klong,-18.902475129002724,1.0,51.0,2005-05-16,2005-05-16,2005,5,GRACE,May,Observed,-4.583531609685022
14,2005-06-01,Mae Klong,-11.688778243129896,1.0,51.0,2005-06-16,2005-06-16,2005,6,GRACE,June,Observed,-4.556655145533415
14,2005-07-01,Mae Klong,-5.41324950050286,1.0,51.0,2005-07-16,2005-07-16,2005,7,GRACE,July,Observed,-4.390225903120306
14,2005-08-01,Mae Klong,8.107334438906888,1.0,51.0,2005-08-16,2005-08-16,2005,8,GRACE,August,Observed,-3.946068477451884
14,2005-09-01,Mae Klong,13.941466165563778,1.0,51.0,2005-09-16,2005-09-16,2005,9,GRACE,September,Observed,-3.58438423598693
14,2005-10-01,Mae Klong,15.064295066900774,1.0,51.0,2005-10-16,2005-10-16,2005,10,GRACE,October,Observed,-3.036962129256238
14,2005-11-01,Mae Klong,10.998088244006947,1.0,51.0,2005-11-16,2005-11-16,2005,11,GRACE,November,Observed,-2.617089548271181
14,2005-12-01,Mae Klong,2.312283080899298,1.0,51.0,2005-12-16,2005-12-16,2005,12,GRACE,December,Observed,-1.924820904392522
14,2006-01-01,Mae Klong,-6.131088118645483,1.0,51.0,2006-01-16,2006-01-16,2006,1,GRACE,January,Observed,-1.1638264276400343
14,2006-02-01,Mae Klong,-11.41335842616294,1.0,51.0,2006-02-15,2006-02-15,2006,2,GRACE,February,Observed,0.18347414456165353
14,2006-03-01,Mae Klong,-13.329083650656777,1.0,51.0,2006-03-16,2006-03-16,2006,3,GRACE,March,Observed,0.959370907206777
14,2006-04-01,Mae Klong,-14.950508507431172,1.0,51.0,2006-04-16,2006-04-16,2006,4,GRACE,April,Observed,1.538530904292062
14,2006-05-01,Mae Klong,-10.595251402458816,1.0,51.0,2006-05-16,2006-05-16,2006,5,GRACE,May,Observed,2.2191466961303514
14,2006-06-01,Mae Klong,-2.5568445221000444,1.0,51.0,2006-06-16,2006-06-16,2006,6,GRACE,June,Observed,2.2447868853746127
14,2006-07-01,Mae Klong,10.754357365917395,1.0,51.0,2006-07-16,2006-07-16,2006,7,GRACE,July,Observed,2.1941554113246546
14,2006-08-01,Mae Klong,17.418095590648367,1.0,51.0,2006-08-16,2006-08-16,2006,8,GRACE,August,Observed,2.1524738788675672
14,2006-09-01,Mae Klong,20.8913861305872,1.0,51.0,2006-09-16,2006-09-16,2006,9,GRACE,September,Observed,2.2744227059230195
14,2006-10-01,Mae Klong,23.231684568960244,1.0,51.0,2006-10-16,2006-10-16,2006,10,GRACE,October,Observed,2.140329068887441
14,2006-11-01,Mae Klong,11.30577051493809,1.0,51.0,2006-11-16,2006-11-16,2006,11,GRACE,November,Observed,2.0394254355260033
14,2006-12-01,Mae Klong,1.7047053922998012,1.0,51.0,2006-12-16,2006-12-16,2006,12,GRACE,December,Observed,2.113384552039814
14,2007-01-01,Mae Klong,-6.631266508130533,1.0,51.0,2007-01-16,2007-01-16,2007,1,GRACE,January,Observed,1.9503515858581075
14,2007-02-01,Mae Klong,-9.949972501497511,1.0,51.0,2007-02-14,2007-02-14,2007,2,GRACE,February,Observed,1.4885248052331477
14,2007-03-01,Mae Klong,-14.938207295083721,1.0,51.0,2007-03-16,2007-03-16,2007,3,GRACE,March,Observed,0.8281590711162018
14,2007-04-01,Mae Klong,-16.161352107768426,1.0,51.0,2007-04-16,2007-04-16,2007,4,GRACE,April,Observed,0.3636647063683414
14,2007-05-01,Mae Klong,-9.707742004293092,1.0,51.0,2007-05-16,2007-05-16,2007,5,GRACE,May,Observed,0.11091618788960005
14,2007-06-01,Mae Klong,-4.513240116280515,1.0,51.0,2007-06-16,2007-06-16,2007,6,GRACE,June,Observed,0.05966898927950733
14,2007-07-01,Mae Klong,5.2124359984178765,1.0,51.0,2007-07-16,2007-07-16,2007,7,GRACE,July,Observed,-0.22048866558270605
14,2007-08-01,Mae Klong,9.493706781245015,1.0,51.0,2007-08-16,2007-08-16,2007,8,GRACE,August,Observed,-0.38916539528830035
14,2007-09-01,Mae Klong,15.317453753612876,1.0,51.0,2007-09-16,2007-09-16,2007,9,GRACE,September,Observed,-0.6792157722620419
14,2007-10-01,Mae Klong,20.19870234721535,1.0,51.0,2007-10-16,2007-10-16,2007,10,GRACE,October,Observed,-0.9220805600850427
14,2007-11-01,Mae Klong,10.690804131616973,1.0,51.0,2007-11-16,2007-11-16,2007,11,GRACE,November,Observed,-0.9614410212891976
14,2007-12-01,Mae Klong,-1.6571864660467592,1.0,51.0,2007-12-16,2007-12-16,2007,12,GRACE,December,Observed,-0.7854464668818407
14,2008-01-01,Mae Klong,-8.655387264597666,1.0,51.0,2008-01-16,2008-01-16,2008,1,GRACE,January,Observed,-0.6468029868509373
14,2008-02-01,Mae Klong,-13.430577025182409,1.0,51.0,2008-02-15,2008-02-15,2008,2,GRACE,February,Observed,-0.669966087861654
14,2008-03-01,Mae Klong,-17.852584748959732,1.0,51.0,2008-03-16,2008-03-16,2008,3,GRACE,March,Observed,-0.6581277969240046
14,2008-04-01,Mae Klong,-16.633677642218284,1.0,51.0,2008-04-16,2008-04-16,2008,4,GRACE,April,Observed,-0.8494815402054736
14,2008-05-01,Mae Klong,-7.59580735140481,1.0,51.0,2008-05-16,2008-05-16,2008,5,GRACE,May,Observed,-1.3645536504479836
14,2008-06-01,Mae Klong,-2.849518355909673,1.0,51.0,2008-06-16,2008-06-16,2008,6,GRACE,June,Observed,-1.391841649751526
14,2008-07-01,Mae Klong,4.934478786289276,1.0,51.0,2008-07-16,2008-07-16,2008,7,GRACE,July,Observed,-1.3256473091990661
14,2008-08-01,Mae Klong,9.635766272496808,1.0,51.0,2008-08-16,2008-08-16,2008,8,GRACE,August,Observed,-1.3814844278245466
14,2008-09-01,Mae Klong,13.021208834235248,1.0,51.0,2008-09-16,2008-09-16,2008,9,GRACE,September,Observed,-1.36481285593017
14,2008-10-01,Mae Klong,14.017837024305228,1.0,51.0,2008-10-16,2008-10-16,2008,10,GRACE,October,Observed,-1.2016211089564635
14,2008-11-01,Mae Klong,10.363348139974464,1.0,51.0,2008-11-16,2008-11-16,2008,11,GRACE,November,Observed,-1.0709440530542633
14,2008-12-01,Mae Klong,-0.8628543794172423,1.0,51.0,2008-12-16,2008-12-16,2008,12,GRACE,December,Observed,-1.5832061486258049
14,2009-01-01,Mae Klong,-9.325432688103428,1.0,51.0,2009-01-16,2009-01-16,2009,1,GRACE,January,Observed,-1.6900476958322768
14,2009-02-01,Mae Klong,-13.230518162449894,1.0,51.0,2009-02-15,2009-02-15,2009,2,GRACE,February,Observed,-2.1009733766039695
14,2009-03-01,Mae Klong,-15.894283785275253,1.0,51.0,2009-03-16,2009-03-16,2009,3,GRACE,March,Observed,-2.194139017913997
14,2009-04-01,Mae Klong,-15.065552971391883,1.0,51.0,2009-04-16,2009-04-16,2009,4,GRACE,April,Observed,-2.2090626701173437
14,2009-05-01,Mae Klong,-13.742952498263307,1.0,51.0,2009-05-16,2009-05-16,2009,5,GRACE,May,Observed,-2.1804220261139813
14,2009-06-01,Mae Klong,-4.131616922387336,1.0,51.0,2009-06-16,2009-06-16,2009,6,GRACE,June,Observed,-2.484281458609208
14,2009-07-01,Mae Klong,0.00337061702896267,1.0,51.0,2009-07-16,2009-07-16,2009,7,GRACE,July,Observed,-2.5242847990571295
14,2009-08-01,Mae Klong,8.517778576776475,1.0,51.0,2009-08-16,2009-08-16,2009,8,GRACE,August,Observed,-2.425735980981914
14,2009-09-01,Mae Klong,12.842125007795088,1.0,51.0,2009-09-16,2009-09-16,2009,9,GRACE,September,Observed,-2.4052727069093613
14,2009-10-01,Mae Klong,14.361524752345579,1.0,51.0,2009-10-16,2009-10-16,2009,10,GRACE,October,Observed,-2.421510210087836
14,2009-11-01,Mae Klong,6.7170349500317466,1.0,51.0,2009-11-16,2009-11-16,2009,11,GRACE,November,Observed,-2.8811542053561396
14,2009-12-01,Mae Klong,-1.3428944647923058,1.0,51.0,2009-12-16,2009-12-16,2009,12,GRACE,December,Observed,-3.2851207763479677
14,2010-01-01,Mae Klong,-8.142846871200836,1.0,51.0,2010-01-16,2010-01-16,2010,1,GRACE,January,Observed,-4.129171700127812
14,2010-02-01,Mae Klong,-12.984958873579265,1.0,51.0,2010-02-15,2010-02-15,2010,2,GRACE,February,Observed,-4.838455847185544
14,2010-03-01,Mae Klong,-16.08913382341695,1.0,51.0,2010-03-16,2010-03-16,2010,3,GRACE,March,Observed,-5.1170935983472665
14,2010-04-01,Mae Klong,-20.581280914611522,1.0,51.0,2010-04-16,2010-04-16,2010,4,GRACE,April,Observed,-5.270648027028959
14,2010-05-01,Mae Klong,-18.59055135016525,1.0,51.0,2010-05-16,2010-05-16,2010,5,GRACE,May,Observed,-5.149372507076107
14,2010-06-01,Mae Klong,-14.260228007745463,1.0,51.0,2010-06-16,2010-06-16,2010,6,GRACE,June,Observed,-5.087209289712436
14,2010-07-01,Mae Klong,-8.508039147663824,1.0,51.0,2010-07-16,2010-07-16,2010,7,GRACE,July,Observed,-5.0707096929682915
14,2010-08-01,Mae Klong,5.17412556283581,1.0,51.0,2010-08-16,2010-08-16,2010,8,GRACE,August,Observed,-4.791424494947151
14,2010-09-01,Mae Klong,10.999471863614781,1.0,51.0,2010-09-16,2010-09-16,2010,9,GRACE,September,Observed,-4.943065918270929
14,2010-10-01,Mae Klong,15.816830991779803,1.0,51.0,2010-10-16,2010-10-16,2010,10,GRACE,October,Observed,-4.91749649034415
14,2010-11-01,Mae Klong,7.46299355839579,1.0,51.0,2010-11-16,2010-11-16,2010,11,GRACE,November,Observed,-4.663124133319618
14,2010-12-01,Mae Klong,-1.1448993038625719,1.0,51.0,2010-12-14,2010-12-14,2010,12,GRACE,December,Observed,-3.996395130600381
14,2011-01-01,Mae Klong,,,,,,2011,1,GRACE,January,Missing,
14,2011-02-01,Mae Klong,-14.653014530140824,1.0,51.0,2011-02-18,2011-02-18,2011,2,GRACE,February,Observed,-1.439573455296418
14,2011-03-01,Mae Klong,-15.807870116222386,1.0,51.0,2011-03-16,2011-03-16,2011,3,GRACE,March,Observed,-0.7192571214245674
14,2011-04-01,Mae Klong,-17.78318498734167,1.0,51.0,2011-04-16,2011-04-16,2011,4,GRACE,April,Observed,0.41743914380049674
14,2011-05-01,Mae Klong,-11.256532320253635,1.0,51.0,2011-05-16,2011-05-16,2011,5,GRACE,May,Observed,1.0332292280599078
14,2011-06-01,Mae Klong,,,,,,2011,6,GRACE,June,Missing,
14,2011-07-01,Mae Klong,6.796344728230723,1.0,51.0,2011-07-18,2011-07-18,2011,7,GRACE,July,Observed,0.07735332832177812
14,2011-08-01,Mae Klong,12.377288901554316,1.0,51.0,2011-08-16,2011-08-16,2011,8,GRACE,August,Observed,-0.4335881233024554
14,2011-09-01,Mae Klong,22.36643451586542,1.0,51.0,2011-09-16,2011-09-16,2011,9,GRACE,September,Observed,-0.2467997030231018
14,2011-10-01,Mae Klong,21.974731834373912,2.0,102.0,2011-10-16,2011-10-31,2011,10,GRACE,October,Observed,-0.04345897356927129
14,2011-11-01,Mae Klong,,,,,,2011,11,GRACE,November,Missing,
14,2011-12-01,Mae Klong,-3.318018071169856,1.0,51.0,2011-12-28,2011-12-28,2011,12,GRACE,December,Observed,1.4611810739960487
14,2012-01-01,Mae Klong,-5.032061187920557,1.0,51.0,2012-01-16,2012-01-16,2012,1,GRACE,January,Observed,0.5262720698502195
14,2012-02-01,Mae Klong,-12.78513032734729,1.0,51.0,2012-02-15,2012-02-15,2012,2,GRACE,February,Observed,-0.15120481128792243
14,2012-03-01,Mae Klong,-13.774462821684079,1.0,51.0,2012-03-16,2012-03-16,2012,3,GRACE,March,Observed,-0.5107314069732702
14,2012-04-01,Mae Klong,-15.454497905938156,1.0,51.0,2012-04-04,2012-04-04,2012,4,GRACE,April,Observed,-1.349040028304865
14,2012-05-01,Mae Klong,,,,,,2012,5,GRACE,May,Missing,
14,2012-06-01,Mae Klong,-7.887908967462243,1.0,51.0,2012-06-16,2012-06-16,2012,6,GRACE,June,Observed,-2.81114029116906
14,2012-07-01,Mae Klong,0.021575916849304377,1.0,51.0,2012-07-16,2012-07-16,2012,7,GRACE,July,Observed,-2.5732649900409266
14,2012-08-01,Mae Klong,8.782022944700838,1.0,51.0,2012-08-16,2012-08-16,2012,8,GRACE,August,Observed,-2.7486760880391707
14,2012-09-01,Mae Klong,13.983348302549475,1.0,51.0,2012-09-13,2012-09-13,2012,9,GRACE,September,Observed,-2.543132062919818
14,2012-10-01,Mae Klong,,,,,,2012,10,GRACE,October,Missing,
14,2012-11-01,Mae Klong,7.353729205731963,1.0,51.0,2012-11-18,2012-11-18,2012,11,GRACE,November,Observed,-1.4674412195612607
14,2012-12-01,Mae Klong,-0.9392650598885238,1.0,51.0,2012-12-16,2012-12-16,2012,12,GRACE,December,Observed,-3.036381378427947
14,2013-01-01,Mae Klong,-6.786172167902998,1.0,51.0,2013-01-16,2013-01-16,2013,1,GRACE,January,Observed,-3.2565125092151583
14,2013-02-01,Mae Klong,-10.729690076153766,1.0,51.0,2013-02-14,2013-02-14,2013,2,GRACE,February,Observed,-3.3415932486363027
14,2013-03-01,Mae Klong,,,,,,2013,3,GRACE,March,Missing,
14,2013-04-01,Mae Klong,-17.0046110744754,1.0,51.0,2013-04-21,2013-04-21,2013,4,GRACE,April,Observed,-7.022662966701667
14,2013-05-01,Mae Klong,-17.156842808228127,1.0,51.0,2013-05-16,2013-05-16,2013,5,GRACE,May,Observed,-4.076736110957686
14,2013-06-01,Mae Klong,-10.089220275334354,1.0,51.0,2013-06-16,2013-06-16,2013,6,GRACE,June,Observed,-3.8848198695913485
14,2013-07-01,Mae Klong,-0.8292314773621402,1.0,51.0,2013-07-16,2013-07-16,2013,7,GRACE,July,Observed,-3.76032634174601
14,2013-08-01,Mae Klong,,,,,,2013,8,GRACE,August,Missing,
14,2013-09-01,Mae Klong,,,,,,2013,9,GRACE,September,Missing,
14,2013-10-01,Mae Klong,19.49067873499416,1.0,51.0,2013-10-16,2013-10-16,2013,10,GRACE,October,Observed,-4.067516023168903
14,2013-11-01,Mae Klong,9.08097537802901,1.0,51.0,2013-11-16,2013-11-16,2013,11,GRACE,November,Observed,-4.599462693172892
14,2013-12-01,Mae Klong,0.18117669071952833,1.0,51.0,2013-12-16,2013-12-16,2013,12,GRACE,December,Observed,-4.486037207156845
14,2014-01-01,Mae Klong,-5.021301369805441,1.0,51.0,2014-01-09,2014-01-09,2014,1,GRACE,January,Observed,-4.7701120849870895
14,2014-02-01,Mae Klong,,,,,,2014,2,GRACE,February,Missing,
14,2014-03-01,Mae Klong,-15.259268007057369,1.0,51.0,2014-03-17,2014-03-17,2014,3,GRACE,March,Observed,-4.275069843738101
14,2014-04-01,Mae Klong,-21.792131104511306,1.0,51.0,2014-04-16,2014-04-16,2014,4,GRACE,April,Observed,-2.9953244419039615
14,2014-05-01,Mae Klong,-16.136013434083697,1.0,51.0,2014-05-16,2014-05-16,2014,5,GRACE,May,Observed,-3.8622508346571207
14,2014-06-01,Mae Klong,-12.645894175806557,1.0,51.0,2014-06-13,2014-06-13,2014,6,GRACE,June,Observed,-4.158368865878801
14,2014-07-01,Mae Klong,,,,,,2014,7,GRACE,July,Missing,
14,2014-08-01,Mae Klong,3.626148693878759,1.0,51.0,2014-08-16,2014-08-16,2014,8,GRACE,August,Observed,-4.885671195216724
14,2014-09-01,Mae Klong,8.522384174603296,1.0,51.0,2014-09-16,2014-09-16,2014,9,GRACE,September,Observed,-5.69658515843156
14,2014-10-01,Mae Klong,10.821414807462563,1.0,51.0,2014-10-16,2014-10-16,2014,10,GRACE,October,Observed,-5.848413937580283
14,2014-11-01,Mae Klong,6.119795065812201,1.0,51.0,2014-11-16,2014-11-16,2014,11,GRACE,November,Observed,-5.828265717519588
14,2014-12-01,Mae Klong,,,,,,2014,12,GRACE,December,Missing,
14,2015-01-01,Mae Klong,-7.227476777248407,1.0,51.0,2015-01-22,2015-01-22,2015,1,GRACE,January,Observed,-3.687593695663203
14,2015-02-01,Mae Klong,-12.994810827365093,1.0,51.0,2015-02-15,2015-02-15,2015,2,GRACE,February,Observed,-3.844254980530384
14,2015-03-01,Mae Klong,-16.777555798544597,1.0,51.0,2015-03-16,2015-03-16,2015,3,GRACE,March,Observed,-3.5302770842073463
14,2015-04-01,Mae Klong,-21.59064890390436,2.0,102.0,2015-04-16,2015-04-27,2015,4,GRACE,April,Observed,-3.9801476644737153
14,2015-05-01,Mae Klong,,,,,,2015,5,GRACE,May,Missing,
14,2015-06-01,Mae Klong,,,,,,2015,6,GRACE,June,Missing,
14,2015-07-01,Mae Klong,-5.097545259467823,1.0,51.0,2015-07-15,2015-07-15,2015,7,GRACE,July,Observed,-7.919337099420075
14,2015-08-01,Mae Klong,6.451949760786096,1.0,51.0,2015-08-16,2015-08-16,2015,8,GRACE,August,Observed,-8.539746774713528
14,2015-09-01,Mae Klong,4.473548952205977,1.0,51.0,2015-09-14,2015-09-14,2015,9,GRACE,September,Observed,-9.471344985582832
14,2015-10-01,Mae Klong,,,,,,2015,10,GRACE,October,Missing,
14,2015-11-01,Mae Klong,,,,,,2015,11,GRACE,November,Missing,
14,2015-12-01,Mae Klong,-10.5921579418224,1.0,51.0,2015-12-23,2015-12-23,2015,12,GRACE,December,Observed,-11.196453048529165
14,2016-01-01,Mae Klong,-12.19075417959603,1.0,51.0,2016-01-16,2016-01-16,2016,1,GRACE,January,Observed,-11.683872486574806
14,2016-02-01,Mae Klong,-20.447596514319514,1.0,51.0,2016-02-14,2016-02-14,2016,2,GRACE,February,Observed,-12.003058880617491
14,2016-03-01,Mae Klong,-26.913303072852404,1.0,51.0,2016-03-16,2016-03-16,2016,3,GRACE,March,Observed,-11.94766347997887
14,2016-04-01,Mae Klong,,,,,,2016,4,GRACE,April,Missing,
14,2016-05-01,Mae Klong,-25.255766133167224,1.0,51.0,2016-05-20,2016-05-20,2016,5,GRACE,May,Observed,-14.000315034001977
14,2016-06-01,Mae Klong,-15.583227990939948,1.0,51.0,2016-06-16,2016-06-16,2016,6,GRACE,June,Observed,-11.69133784119908
14,2016-07-01,Mae Klong,-7.9702228058519875,1.0,51.0,2016-07-15,2016-07-15,2016,7,GRACE,July,Observed,-11.054556270687092
14,2016-08-01,Mae Klong,6.9505083665336915,1.0,51.0,2016-08-21,2016-08-21,2016,8,GRACE,August,Observed,-10.64650957574758
14,2016-09-01,Mae Klong,,,,,,2016,9,GRACE,September,Missing,
14,2016-10-01,Mae Klong,,,,,,2016,10,GRACE,October,Missing,
14,2016-11-01,Mae Klong,6.780479701224093,1.0,51.0,2016-11-27,2016-11-27,2016,11,GRACE,November,Observed,-9.799503812838985
14,2016-12-01,Mae Klong,-4.861123807214504,1.0,51.0,2016-12-24,2016-12-24,2016,12,GRACE,December,Observed,-9.035400586950418
14,2017-01-01,Mae Klong,-8.518333925140414,1.0,51.0,2017-01-21,2017-01-21,2017,1,GRACE,January,Observed,-8.061973515536188
14,2017-02-01,Mae Klong,,,,,,2017,2,GRACE,February,Missing,
14,2017-03-01,Mae Klong,-16.83562806773367,1.0,51.0,2017-03-31,2017-03-31,2017,3,GRACE,March,Observed,
14,2017-04-01,Mae Klong,-22.902219653260904,1.0,51.0,2017-04-24,2017-04-24,2017,4,GRACE,April,Observed,
14,2017-05-01,Mae Klong,-18.37883710017013,1.0,51.0,2017-05-13,2017-05-13,2017,5,GRACE,May,Observed,
14,2017-06-01,Mae Klong,-6.822384348211869,1.0,51.0,2017-06-10,2017-06-10,2017,6,GRACE,June,Observed,
14,2017-07-01,Mae Klong,,,,,,2017,7,Mission gap,July,Missing,
14,2017-08-01,Mae Klong,,,,,,2017,8,Mission gap,August,Missing,
14,2017-09-01,Mae Klong,,,,,,2017,9,Mission gap,September,Missing,
14,2017-10-01,Mae Klong,,,,,,2017,10,Mission gap,October,Missing,
14,2017-11-01,Mae Klong,,,,,,2017,11,Mission gap,November,Missing,
14,2017-12-01,Mae Klong,,,,,,2017,12,Mission gap,December,Missing,
14,2018-01-01,Mae Klong,,,,,,2018,1,Mission gap,January,Missing,
14,2018-02-01,Mae Klong,,,,,,2018,2,Mission gap,February,Missing,
14,2018-03-01,Mae Klong,,,,,,2018,3,Mission gap,March,Missing,
14,2018-04-01,Mae Klong,,,,,,2018,4,Mission gap,April,Missing,
14,2018-05-01,Mae Klong,,,,,,2018,5,GRACE-FO,May,Missing,
14,2018-06-01,Mae Klong,-2.148784418363637,1.0,51.0,2018-06-16,2018-06-16,2018,6,GRACE-FO,June,Observed,
14,2018-07-01,Mae Klong,3.9391289529863416,1.0,51.0,2018-07-10,2018-07-10,2018,7,GRACE-FO,July,Observed,
14,2018-08-01,Mae Klong,,,,,,2018,8,GRACE-FO,August,Missing,
14,2018-09-01,Mae Klong,,,,,,2018,9,GRACE-FO,September,Missing,
14,2018-10-01,Mae Klong,12.10126176442867,1.0,51.0,2018-10-31,2018-10-31,2018,10,GRACE-FO,October,Observed,-3.8148737077381423
14,2018-11-01,Mae Klong,6.694017311682578,1.0,51.0,2018-11-16,2018-11-16,2018,11,GRACE-FO,November,Observed,-5.782671016063336
14,2018-12-01,Mae Klong,-5.808508300184182,1.0,51.0,2018-12-16,2018-12-16,2018,12,GRACE-FO,December,Observed,-7.093771420427736
14,2019-01-01,Mae Klong,-13.917815147342994,1.0,51.0,2019-01-16,2019-01-16,2019,1,GRACE-FO,January,Observed,-8.30502618726391
14,2019-02-01,Mae Klong,-14.707598393784819,1.0,51.0,2019-02-15,2019-02-15,2019,2,GRACE-FO,February,Observed,-9.20552074093148
14,2019-03-01,Mae Klong,-16.670691431327104,1.0,51.0,2019-03-16,2019-03-16,2019,3,GRACE-FO,March,Observed,-7.600943230386454
14,2019-04-01,Mae Klong,-21.52504948266489,1.0,51.0,2019-04-16,2019-04-16,2019,4,GRACE-FO,April,Observed,-5.844856272559454
14,2019-05-01,Mae Klong,-18.893675059707327,1.0,51.0,2019-05-16,2019-05-16,2019,5,GRACE-FO,May,Observed,-6.602711922876857
14,2019-06-01,Mae Klong,-14.261332086725394,1.0,51.0,2019-06-16,2019-06-16,2019,6,GRACE-FO,June,Observed,-7.127313213041649
14,2019-07-01,Mae Klong,-5.065816583689344,1.0,51.0,2019-07-16,2019-07-16,2019,7,GRACE-FO,July,Observed,-7.428689675079091
14,2019-08-01,Mae Klong,8.444831875063803,1.0,51.0,2019-08-16,2019-08-16,2019,8,GRACE-FO,August,Observed,-7.405413846519511
14,2019-09-01,Mae Klong,13.472100263537538,1.0,51.0,2019-09-16,2019-09-16,2019,9,GRACE-FO,September,Observed,-8.022947348076643
14,2019-10-01,Mae Klong,3.0069939606198393,1.0,51.0,2019-10-16,2019-10-16,2019,10,GRACE-FO,October,Observed,-8.32796894820181
14,2019-11-01,Mae Klong,0.39880182970507205,1.0,51.0,2019-11-16,2019-11-16,2019,11,GRACE-FO,November,Observed,-8.203708142575358
14,2019-12-01,Mae Klong,-9.425025844633467,1.0,51.0,2019-12-16,2019-12-16,2019,12,GRACE-FO,December,Observed,-8.23074258667693
14,2020-01-01,Mae Klong,-13.638505204628027,1.0,51.0,2020-01-16,2020-01-16,2020,1,GRACE-FO,January,Observed,-8.940755406111712
14,2020-02-01,Mae Klong,-22.11800041247043,1.0,51.0,2020-02-15,2020-02-15,2020,2,GRACE-FO,February,Observed,-9.650223844696201
14,2020-03-01,Mae Klong,-20.330950632829104,1.0,51.0,2020-03-16,2020-03-16,2020,3,GRACE-FO,March,Observed,-10.065415183804648
14,2020-04-01,Mae Klong,-20.03391981514746,1.0,51.0,2020-04-16,2020-04-16,2020,4,GRACE-FO,April,Observed,-10.49022711642582
14,2020-05-01,Mae Klong,-19.218088388926198,1.0,51.0,2020-05-16,2020-05-16,2020,5,GRACE-FO,May,Observed,-9.726673654749925
14,2020-06-01,Mae Klong,-22.781485919942774,1.0,51.0,2020-06-16,2020-06-16,2020,6,GRACE-FO,June,Observed,-9.744249535866267
14,2020-07-01,Mae Klong,-13.579437846703208,1.0,51.0,2020-07-16,2020-07-16,2020,7,GRACE-FO,July,Observed,-9.803552997361153
14,2020-08-01,Mae Klong,3.4625358057624305,1.0,51.0,2020-08-16,2020-08-16,2020,8,GRACE-FO,August,Observed,-9.906385103740819
14,2020-09-01,Mae Klong,8.374357072083498,1.0,51.0,2020-09-16,2020-09-16,2020,9,GRACE-FO,September,Observed,-9.358277581464433
14,2020-10-01,Mae Klong,12.169635500730553,1.0,51.0,2020-10-16,2020-10-16,2020,10,GRACE-FO,October,Observed,-9.384129442335762
14,2020-11-01,Mae Klong,0.187891256308982,1.0,51.0,2020-11-16,2020-11-16,2020,11,GRACE-FO,November,Observed,-9.267002743166405
14,2020-12-01,Mae Klong,-10.136667382572105,1.0,51.0,2020-12-16,2020-12-16,2020,12,GRACE-FO,December,Observed,-9.384785591921306
14,2021-01-01,Mae Klong,-14.872490481184016,1.0,51.0,2021-01-16,2021-01-16,2021,1,GRACE-FO,January,Observed,-8.668262739293393
14,2021-02-01,Mae Klong,-15.540710145153819,1.0,51.0,2021-02-15,2021-02-15,2021,2,GRACE-FO,February,Observed,-8.093828656654873
14,2021-03-01,Mae Klong,-20.64117296328505,1.0,51.0,2021-03-16,2021-03-16,2021,3,GRACE-FO,March,Observed,-7.952093976757072
14,2021-04-01,Mae Klong,-18.62839942511516,1.0,51.0,2021-04-16,2021-04-16,2021,4,GRACE-FO,April,Observed,-7.896691165919351
14,2021-05-01,Mae Klong,-20.63148257398502,1.0,51.0,2021-05-16,2021-05-16,2021,5,GRACE-FO,May,Observed,-7.677211723957427
14,2021-06-01,Mae Klong,-14.183211688407813,1.0,51.0,2021-06-16,2021-06-16,2021,6,GRACE-FO,June,Observed,-7.252588827633858
14,2021-07-01,Mae Klong,-6.68622885504096,1.0,51.0,2021-07-16,2021-07-16,2021,7,GRACE-FO,July,Observed,-6.849863300137987
14,2021-08-01,Mae Klong,5.16335196453604,1.0,51.0,2021-08-16,2021-08-16,2021,8,GRACE-FO,August,Observed,-6.649457933654209
14,2021-09-01,Mae Klong,9.039190802136147,1.0,51.0,2021-09-16,2021-09-16,2021,9,GRACE-FO,September,Observed,-6.643460121972743
14,2021-10-01,Mae Klong,14.803388804273645,1.0,51.0,2021-10-16,2021-10-16,2021,10,GRACE-FO,October,Observed,-6.1133888756897194
14,2021-11-01,Mae Klong,5.283366012191818,1.0,51.0,2021-11-16,2021-11-16,2021,11,GRACE-FO,November,Observed,-5.944538273573662
14,2021-12-01,Mae Klong,-5.30396105262168,1.0,51.0,2021-12-16,2021-12-16,2021,12,GRACE-FO,December,Observed,-5.026143825622786
14,2022-01-01,Mae Klong,-12.467626083378667,1.0,51.0,2022-01-16,2022-01-16,2022,1,GRACE-FO,January,Observed,-4.386679080926543
14,2022-02-01,Mae Klong,-15.46873640497622,1.0,51.0,2022-02-15,2022-02-15,2022,2,GRACE-FO,February,Observed,-4.370152409747118
14,2022-03-01,Mae Klong,-14.280318007888779,1.0,51.0,2022-03-16,2022-03-16,2022,3,GRACE-FO,March,Observed,-4.63305052187271
14,2022-04-01,Mae Klong,-16.602192199722463,1.0,51.0,2022-04-16,2022-04-16,2022,4,GRACE-FO,April,Observed,-4.6023206583143805
14,2022-05-01,Mae Klong,-9.610749198574512,1.0,51.0,2022-05-16,2022-05-16,2022,5,GRACE-FO,May,Observed,-4.831679481803247
14,2022-06-01,Mae Klong,-6.5096347520528965,1.0,51.0,2022-06-16,2022-06-16,2022,6,GRACE-FO,June,Observed,-4.505047652705531
14,2022-07-01,Mae Klong,-6.487908800887858,1.0,51.0,2022-07-16,2022-07-16,2022,7,GRACE-FO,July,Observed,-4.127087299616343
14,2022-08-01,Mae Klong,2.0085746190289284,1.0,51.0,2022-08-16,2022-08-16,2022,8,GRACE-FO,August,Observed,-4.168142149814248
14,2022-09-01,Mae Klong,9.407949164836108,1.0,51.0,2022-09-16,2022-09-16,2022,9,GRACE-FO,September,Observed,-3.7001024459841436
14,2022-10-01,Mae Klong,12.051082922407245,1.0,51.0,2022-10-16,2022-10-16,2022,10,GRACE-FO,October,Observed,-3.886986143264995
14,2022-11-01,Mae Klong,9.202947961364416,1.0,51.0,2022-11-16,2022-11-16,2022,11,GRACE-FO,November,Observed,-3.9468719998128123
14,2022-12-01,Mae Klong,-0.7684368155514232,1.0,51.0,2022-12-16,2022-12-16,2022,12,GRACE-FO,December,Observed,-4.681801517437152
14,2023-01-01,Mae Klong,-12.960284285753522,1.0,51.0,2023-01-16,2023-01-16,2023,1,GRACE-FO,January,Observed,-5.593764003004661
14,2023-02-01,Mae Klong,-9.85225995901498,1.0,51.0,2023-02-15,2023-02-15,2023,2,GRACE-FO,February,Observed,-5.776951803386516
14,2023-03-01,Mae Klong,-16.522922375258982,1.0,51.0,2023-03-16,2023-03-16,2023,3,GRACE-FO,March,Observed,-6.023507264929463
14,2023-04-01,Mae Klong,-17.320822478296275,1.0,51.0,2023-04-16,2023-04-16,2023,4,GRACE-FO,April,Observed,-6.463761080641132
14,2023-05-01,Mae Klong,-18.429903410066583,1.0,51.0,2023-05-16,2023-05-16,2023,5,GRACE-FO,May,Observed,-6.001777386429946
14,2023-06-01,Mae Klong,-17.453184578863002,1.0,51.0,2023-06-16,2023-06-16,2023,6,GRACE-FO,June,Observed,-5.980087024705242
14,2023-07-01,Mae Klong,-8.686162405470117,1.0,51.0,2023-07-16,2023-07-16,2023,7,GRACE-FO,July,Observed,-6.429117227425163
14,2023-08-01,Mae Klong,-0.9500909194864425,1.0,51.0,2023-08-16,2023-08-16,2023,8,GRACE-FO,August,Observed,-6.164192427798366
14,2023-09-01,Mae Klong,4.124903376296068,1.0,51.0,2023-09-16,2023-09-16,2023,9,GRACE-FO,September,Observed,-6.435246840396043
14,2023-10-01,Mae Klong,17.594887252941483,1.0,51.0,2023-10-16,2023-10-16,2023,10,GRACE-FO,October,Observed,-6.37882351668462
14,2023-11-01,Mae Klong,9.463232302060872,1.0,51.0,2023-11-16,2023-11-16,2023,11,GRACE-FO,November,Observed,-6.876984523481236
14,2023-12-01,Mae Klong,-6.156799248190488,1.0,51.0,2023-12-16,2023-12-16,2023,12,GRACE-FO,December,Observed,-7.245915253721182
14,2024-01-01,Mae Klong,-9.781186690231964,1.0,51.0,2024-01-16,2024-01-16,2024,1,GRACE-FO,January,Observed,-6.989161792927064
14,2024-02-01,Mae Klong,-13.104912910187094,1.0,51.0,2024-02-15,2024-02-15,2024,2,GRACE-FO,February,Observed,-7.365490781632334
14,2024-03-01,Mae Klong,-15.845842490721912,1.0,51.0,2024-03-16,2024-03-16,2024,3,GRACE-FO,March,Observed,-6.838237575741329
14,2024-04-01,Mae Klong,-23.298754559855656,1.0,51.0,2024-04-16,2024-04-16,2024,4,GRACE-FO,April,Observed,-6.169910953973781
14,2024-05-01,Mae Klong,-22.85707217294593,1.0,51.0,2024-05-16,2024-05-16,2024,5,GRACE-FO,May,Observed,-6.414987093620195
14,2024-06-01,Mae Klong,-14.372143049333593,1.0,51.0,2024-06-16,2024-06-16,2024,6,GRACE-FO,June,Observed,-7.8584615841366565
14,2024-07-01,Mae Klong,-13.202110269933355,1.0,51.0,2024-07-16,2024-07-16,2024,7,GRACE-FO,July,Observed,-8.028627817731273
14,2024-08-01,Mae Klong,5.376947551205607,1.0,51.0,2024-08-16,2024-08-16,2024,8,GRACE-FO,August,Observed,-7.833899054120085
14,2024-09-01,Mae Klong,12.14482283750665,1.0,51.0,2024-09-16,2024-09-16,2024,9,GRACE-FO,September,Observed,-7.175022322111709
14,2024-10-01,Mae Klong,14.653973577184503,1.0,51.0,2024-10-16,2024-10-16,2024,10,GRACE-FO,October,Observed,
15,2002-04-01,Bang Pakong,-10.037645927537822,1.0,42.0,2002-04-18,2002-04-18,2002,4,GRACE,April,Observed,
15,2002-05-01,Bang Pakong,-5.180934868666463,1.0,42.0,2002-05-10,2002-05-10,2002,5,GRACE,May,Observed,
15,2002-06-01,Bang Pakong,,,,,,2002,6,GRACE,June,Missing,
15,2002-07-01,Bang Pakong,,,,,,2002,7,GRACE,July,Missing,
15,2002-08-01,Bang Pakong,27.12961599348912,1.0,42.0,2002-08-16,2002-08-16,2002,8,GRACE,August,Observed,20.704675432046653
15,2002-09-01,Bang Pakong,44.38725854767136,1.0,42.0,2002-09-16,2002-09-16,2002,9,GRACE,September,Observed,18.976644208466073
15,2002-10-01,Bang Pakong,48.03150094092147,1.0,42.0,2002-10-16,2002-10-16,2002,10,GRACE,October,Observed,17.072293576435335
15,2002-11-01,Bang Pakong,37.24023934240391,1.0,42.0,2002-11-16,2002-11-16,2002,11,GRACE,November,Observed,17.169468053790474
15,2002-12-01,Bang Pakong,20.002849746193696,1.0,42.0,2002-12-16,2002-12-16,2002,12,GRACE,December,Observed,17.67067686565684
15,2003-01-01,Bang Pakong,4.064519681897949,1.0,42.0,2003-01-16,2003-01-16,2003,1,GRACE,January,Observed,17.67067686565684
15,2003-02-01,Bang Pakong,5.152394419821428,1.0,42.0,2003-02-15,2003-02-15,2003,2,GRACE,February,Observed,16.76364992814969
15,2003-03-01,Bang Pakong,-0.06686211184126922,1.0,42.0,2003-03-16,2003-03-16,2003,3,GRACE,March,Observed,16.56371760265255
15,2003-04-01,Bang Pakong,-9.06590115398644,1.0,42.0,2003-04-16,2003-04-16,2003,4,GRACE,April,Observed,15.396316057068729
15,2003-05-01,Bang Pakong,-0.16884675000282418,1.0,42.0,2003-05-11,2003-05-11,2003,5,GRACE,May,Observed,14.134415812151959
15,2003-06-01,Bang Pakong,,,,,,2003,6,GRACE,June,Missing,
15,2003-07-01,Bang Pakong,7.693380553078173,1.0,42.0,2003-07-16,2003-07-16,2003,7,GRACE,July,Observed,12.543810209226125
15,2003-08-01,Bang Pakong,24.93036041302059,1.0,42.0,2003-08-16,2003-08-16,2003,8,GRACE,August,Observed,12.239058741799198
15,2003-09-01,Bang Pakong,31.54584154624932,1.0,42.0,2003-09-16,2003-09-16,2003,9,GRACE,September,Observed,11.447592551041453
15,2003-10-01,Bang Pakong,34.15059824683701,1.0,42.0,2003-10-16,2003-10-16,2003,10,GRACE,October,Observed,10.499333461247458
15,2003-11-01,Bang Pakong,25.28921992863244,1.0,42.0,2003-11-16,2003-11-16,2003,11,GRACE,November,Observed,10.29111171022152
15,2003-12-01,Bang Pakong,14.457207527781001,1.0,42.0,2003-12-16,2003-12-16,2003,12,GRACE,December,Observed,9.552492692081358
15,2004-01-01,Bang Pakong,0.7122535402017729,1.0,42.0,2004-01-07,2004-01-07,2004,1,GRACE,January,Observed,9.66321440565967
15,2004-02-01,Bang Pakong,-3.553733678513807,1.0,42.0,2004-02-17,2004-02-17,2004,2,GRACE,February,Observed,10.009985909360601
15,2004-03-01,Bang Pakong,-10.497712099575208,1.0,42.0,2004-03-16,2004-03-16,2004,3,GRACE,March,Observed,10.031681038050287
15,2004-04-01,Bang Pakong,-11.356340415271754,1.0,42.0,2004-04-16,2004-04-16,2004,4,GRACE,April,Observed,10.12223702411073
15,2004-05-01,Bang Pakong,-8.293655949544585,1.0,42.0,2004-05-16,2004-05-16,2004,5,GRACE,May,Observed,9.704124023793874
15,2004-06-01,Bang Pakong,10.88115325502109,1.0,42.0,2004-06-16,2004-06-16,2004,6,GRACE,June,Observed,8.643447732396515
15,2004-07-01,Bang Pakong,11.854638597489348,1.0,42.0,2004-07-16,2004-07-16,2004,7,GRACE,July,Observed,7.616018174515198
15,2004-08-01,Bang Pakong,25.190701957296827,1.0,42.0,2004-08-16,2004-08-16,2004,8,GRACE,August,Observed,6.376939531515684
15,2004-09-01,Bang Pakong,32.632513378974615,1.0,42.0,2004-09-16,2004-09-16,2004,9,GRACE,September,Observed,5.006012215291672
15,2004-10-01,Bang Pakong,29.13324224303475,1.0,42.0,2004-10-16,2004-10-16,2004,10,GRACE,October,Observed,4.13469147740195
15,2004-11-01,Bang Pakong,12.561104431864127,1.0,42.0,2004-11-16,2004-11-16,2004,11,GRACE,November,Observed,3.404456811056954
15,2004-12-01,Bang Pakong,2.12805283320521,1.0,42.0,2004-12-16,2004-12-16,2004,12,GRACE,December,Observed,2.2568742466714955
15,2005-01-01,Bang Pakong,-14.156690175792402,1.0,42.0,2005-01-16,2005-01-16,2005,1,GRACE,January,Observed,-0.17105909559009724
15,2005-02-01,Bang Pakong,-20.004861473201952,1.0,42.0,2005-02-15,2005-02-15,2005,2,GRACE,February,Observed,-2.055918301419222
15,2005-03-01,Bang Pakong,-20.953560954251873,1.0,42.0,2005-03-16,2005-03-16,2005,3,GRACE,March,Observed,-3.8714965912794423
15,2005-04-01,Bang Pakong,-20.119156411411698,1.0,42.0,2005-04-16,2005-04-16,2005,4,GRACE,April,Observed,-5.194400048635102
15,2005-05-01,Bang Pakong,-22.064646722170092,1.0,42.0,2005-05-16,2005-05-16,2005,5,GRACE,May,Observed,-5.905819968045023
15,2005-06-01,Bang Pakong,-18.25404685211802,1.0,42.0,2005-06-16,2005-06-16,2005,6,GRACE,June,Observed,-5.541409296704837
15,2005-07-01,Bang Pakong,-10.763671872460153,1.0,42.0,2005-07-16,2005-07-16,2005,7,GRACE,July,Observed,-5.342905407932328
15,2005-08-01,Bang Pakong,3.4037624789741803,1.0,42.0,2005-08-16,2005-08-16,2005,8,GRACE,August,Observed,-4.536563912985551
15,2005-09-01,Bang Pakong,16.7576718907067,1.0,42.0,2005-09-16,2005-09-16,2005,9,GRACE,September,Observed,-3.854606529677909
15,2005-10-01,Bang Pakong,20.596203210115704,1.0,42.0,2005-10-16,2005-10-16,2005,10,GRACE,October,Observed,-3.3700217642017436
15,2005-11-01,Bang Pakong,16.93403248794635,1.0,42.0,2005-11-16,2005-11-16,2005,11,GRACE,November,Observed,-3.0667030106547677
15,2005-12-01,Bang Pakong,4.510099498475334,1.0,42.0,2005-12-16,2005-12-16,2005,12,GRACE,December,Observed,-2.2985705177972844
15,2006-01-01,Bang Pakong,-4.480592236431086,1.0,42.0,2006-01-16,2006-01-16,2006,1,GRACE,January,Observed,-1.3779685491328764
15,2006-02-01,Bang Pakong,-11.821372873510244,1.0,42.0,2006-02-15,2006-02-15,2006,2,GRACE,February,Observed,-0.45777121327960213
15,2006-03-01,Bang Pakong,-15.13854376853789,1.0,42.0,2006-03-16,2006-03-16,2006,3,GRACE,March,Observed,0.6498039990920376
15,2006-04-01,Bang Pakong,-16.47933136884798,1.0,42.0,2006-04-16,2006-04-16,2006,4,GRACE,April,Observed,1.489133860621721
15,2006-05-01,Bang Pakong,-12.847056807880296,1.0,42.0,2006-05-16,2006-05-16,2006,5,GRACE,May,Observed,2.5842879292627834
15,2006-06-01,Bang Pakong,-7.206823228145127,1.0,42.0,2006-06-16,2006-06-16,2006,6,GRACE,June,Observed,2.700199635899209
15,2006-07-01,Bang Pakong,0.2786961577791397,1.0,42.0,2006-07-16,2006-07-16,2006,7,GRACE,July,Observed,2.734494699599527
15,2006-08-01,Bang Pakong,16.694665027433857,1.0,42.0,2006-08-16,2006-08-16,2006,8,GRACE,August,Observed,2.5992634900551885
15,2006-09-01,Bang Pakong,26.8296302290629,1.0,42.0,2006-09-16,2006-09-16,2006,9,GRACE,September,Observed,2.442587768015421
15,2006-10-01,Bang Pakong,33.73805203380845,1.0,42.0,2006-10-16,2006-10-16,2006,10,GRACE,October,Observed,2.174302603336985
15,2006-11-01,Bang Pakong,18.324972967583456,1.0,42.0,2006-11-16,2006-11-16,2006,11,GRACE,November,Observed,2.0931234437858195
15,2006-12-01,Bang Pakong,4.921640262879153,1.0,42.0,2006-12-16,2006-12-16,2006,12,GRACE,December,Observed,2.2411548809398414
15,2007-01-01,Bang Pakong,-6.103366750963149,1.0,42.0,2007-01-16,2007-01-16,2007,1,GRACE,January,Observed,2.354802836790743
15,2007-02-01,Bang Pakong,-13.701481537987455,1.0,42.0,2007-02-14,2007-02-14,2007,2,GRACE,February,Observed,2.2942839460414883
15,2007-03-01,Bang Pakong,-18.357965744679117,1.0,42.0,2007-03-16,2007-03-16,2007,3,GRACE,March,Observed,1.4533866063144807
15,2007-04-01,Bang Pakong,-17.453481283461972,1.0,42.0,2007-04-16,2007-04-16,2007,4,GRACE,April,Observed,0.21316341741263667
15,2007-05-01,Bang Pakong,-11.070679562032032,1.0,42.0,2007-05-16,2007-05-16,2007,5,GRACE,May,Observed,-0.7118960963992492
15,2007-06-01,Bang Pakong,-5.843047757934303,1.0,42.0,2007-06-16,2007-06-16,2007,6,GRACE,June,Observed,-0.93322995995548
15,2007-07-01,Bang Pakong,-0.4475305312119177,1.0,42.0,2007-07-16,2007-07-16,2007,7,GRACE,July,Observed,-1.3573070325144603
15,2007-08-01,Bang Pakong,6.603896950709767,1.0,42.0,2007-08-16,2007-08-16,2007,8,GRACE,August,Observed,-1.6054642571806959
15,2007-09-01,Bang Pakong,11.94695196224077,1.0,42.0,2007-09-16,2007-09-16,2007,9,GRACE,September,Observed,-1.7298951397331461
15,2007-10-01,Bang Pakong,22.63733786806582,1.0,42.0,2007-10-16,2007-10-16,2007,10,GRACE,October,Observed,-1.738733681108741
15,2007-11-01,Bang Pakong,15.668966604908686,1.0,42.0,2007-11-16,2007-11-16,2007,11,GRACE,November,Observed,-1.8457981930632623
15,2007-12-01,Bang Pakong,-0.16728460782861412,1.0,42.0,2007-12-16,2007-12-16,2007,12,GRACE,December,Observed,-1.6995895096359828
15,2008-01-01,Bang Pakong,-9.08125344695797,1.0,42.0,2008-01-16,2008-01-16,2008,1,GRACE,January,Observed,-1.3900195683796464
15,2008-02-01,Bang Pakong,-15.19465212861686,1.0,42.0,2008-02-15,2008-02-15,2008,2,GRACE,February,Observed,-1.2985183136290415
15,2008-03-01,Bang Pakong,-18.464028241186256,1.0,42.0,2008-03-16,2008-03-16,2008,3,GRACE,March,Observed,-1.68494737639693
15,2008-04-01,Bang Pakong,-18.738255426916226,1.0,42.0,2008-04-16,2008-04-16,2008,4,GRACE,April,Observed,-1.3599724912895386
15,2008-05-01,Bang Pakong,-9.316175360904676,1.0,42.0,2008-05-16,2008-05-16,2008,5,GRACE,May,Observed,-1.6520865351855285
15,2008-06-01,Bang Pakong,-2.128208462858269,1.0,42.0,2008-06-16,2008-06-16,2008,6,GRACE,June,Observed,-1.61876582519353
15,2008-07-01,Bang Pakong,0.6504845257953419,1.0,42.0,2008-07-16,2008-07-16,2008,7,GRACE,July,Observed,-1.5284437906286785
15,2008-08-01,Bang Pakong,1.9667481974951044,1.0,42.0,2008-08-16,2008-08-16,2008,8,GRACE,August,Observed,-1.3459431672076967
15,2008-09-01,Bang Pakong,15.846650583529465,1.0,42.0,2008-09-16,2008-09-16,2008,9,GRACE,September,Observed,-1.4502608306839064
15,2008-10-01,Bang Pakong,19.13196934131394,1.0,42.0,2008-10-16,2008-10-16,2008,10,GRACE,October,Observed,-1.4118538132291925
15,2008-11-01,Bang Pakong,16.068815124812673,1.0,42.0,2008-11-16,2008-11-16,2008,11,GRACE,November,Observed,-1.13489160394989
15,2008-12-01,Bang Pakong,0.9165798069495998,1.0,42.0,2008-12-16,2008-12-16,2008,12,GRACE,December,Observed,-1.4762631173769087
15,2009-01-01,Bang Pakong,-6.8912459659061875,1.0,42.0,2009-01-16,2009-01-16,2009,1,GRACE,January,Observed,-1.693829407380606
15,2009-02-01,Bang Pakong,-16.44646409033138,1.0,42.0,2009-02-15,2009-02-15,2009,2,GRACE,February,Observed,-1.9628768989614709
15,2009-03-01,Bang Pakong,-18.00314403172969,1.0,42.0,2009-03-16,2009-03-16,2009,3,GRACE,March,Observed,-1.9463440158771126
15,2009-04-01,Bang Pakong,-15.414708915564594,1.0,42.0,2009-04-16,2009-04-16,2009,4,GRACE,April,Observed,-2.175565182366063
15,2009-05-01,Bang Pakong,-13.412633522028901,1.0,42.0,2009-05-16,2009-05-16,2009,5,GRACE,May,Observed,-1.7189951775627268
15,2009-06-01,Bang Pakong,-4.739003942902635,1.0,42.0,2009-06-16,2009-06-16,2009,6,GRACE,June,Observed,-2.0134524173439705
15,2009-07-01,Bang Pakong,-2.5780853731750346,1.0,42.0,2009-07-16,2009-07-16,2009,7,GRACE,July,Observed,-2.121856681328557
15,2009-08-01,Bang Pakong,2.165142794507402,1.0,42.0,2009-08-16,2009-08-16,2009,8,GRACE,August,Observed,-2.3141669384008177
15,2009-09-01,Bang Pakong,13.09599658566206,1.0,42.0,2009-09-16,2009-09-16,2009,9,GRACE,September,Observed,-2.193940297429203
15,2009-10-01,Bang Pakong,24.61080939895397,1.0,42.0,2009-10-16,2009-10-16,2009,10,GRACE,October,Observed,-2.3266099290475792
15,2009-11-01,Bang Pakong,12.535328247437757,1.0,42.0,2009-11-16,2009-11-16,2009,11,GRACE,November,Observed,-2.8668707143281256
15,2009-12-01,Bang Pakong,-0.38427136086544145,1.0,42.0,2009-12-16,2009-12-16,2009,12,GRACE,December,Observed,-3.6872424157953305
15,2010-01-01,Bang Pakong,-9.198969050773318,1.0,42.0,2010-01-16,2010-01-16,2010,1,GRACE,January,Observed,-5.23461855649722
15,2010-02-01,Bang Pakong,-15.003744398672003,1.0,42.0,2010-02-15,2010-02-15,2010,2,GRACE,February,Observed,-6.21412759318556
15,2010-03-01,Bang Pakong,-19.5951796111502,1.0,42.0,2010-03-16,2010-03-16,2010,3,GRACE,March,Observed,-6.733663118879108
15,2010-04-01,Bang Pakong,-21.89783833893115,1.0,42.0,2010-04-16,2010-04-16,2010,4,GRACE,April,Observed,-7.214906794254137
15,2010-05-01,Bang Pakong,-23.257093939635364,1.0,42.0,2010-05-16,2010-05-16,2010,5,GRACE,May,Observed,-7.811801780111016
15,2010-06-01,Bang Pakong,-23.3075176313253,1.0,42.0,2010-06-16,2010-06-16,2010,6,GRACE,June,Observed,-8.043918021065414
15,2010-07-01,Bang Pakong,-14.332193813435119,1.0,42.0,2010-07-16,2010-07-16,2010,7,GRACE,July,Observed,-8.323469683703953
15,2010-08-01,Bang Pakong,-4.069283513815183,1.0,42.0,2010-08-16,2010-08-16,2010,8,GRACE,August,Observed,-8.243878832152193
15,2010-09-01,Bang Pakong,7.3210724811617185,1.0,42.0,2010-09-16,2010-09-16,2010,9,GRACE,September,Observed,-8.303341861645654
15,2010-10-01,Bang Pakong,17.448069568671414,1.0,42.0,2010-10-16,2010-10-16,2010,10,GRACE,October,Observed,-8.154139115987675
15,2010-11-01,Bang Pakong,9.749933355984986,1.0,42.0,2010-11-16,2010-11-16,2010,11,GRACE,November,Observed,-7.799170276229404
15,2010-12-01,Bang Pakong,-3.7388913125279077,1.0,42.0,2010-12-14,2010-12-14,2010,12,GRACE,December,Observed,-7.030321204113242
15,2011-01-01,Bang Pakong,,,,,,2011,1,GRACE,January,Missing,
15,2011-02-01,Bang Pakong,-15.657837723100075,1.0,42.0,2011-02-18,2011-02-18,2011,2,GRACE,February,Observed,-4.051180681428289
15,2011-03-01,Bang Pakong,-17.953949408912447,1.0,42.0,2011-03-16,2011-03-16,2011,3,GRACE,March,Observed,-2.497498163943729
15,2011-04-01,Bang Pakong,-17.99318110159016,1.0,42.0,2011-04-16,2011-04-16,2011,4,GRACE,April,Observed,-0.6429522775120446
15,2011-05-01,Bang Pakong,-14.79975414635759,1.0,42.0,2011-05-16,2011-05-16,2011,5,GRACE,May,Observed,0.7292097137384012
15,2011-06-01,Bang Pakong,,,,,,2011,6,GRACE,June,Missing,
15,2011-07-01,Bang Pakong,-0.8179850137976423,1.0,42.0,2011-07-18,2011-07-18,2011,7,GRACE,July,Observed,0.010358650911891512
15,2011-08-01,Bang Pakong,11.467541661030422,1.0,42.0,2011-08-16,2011-08-16,2011,8,GRACE,August,Observed,-0.5917457806596386
15,2011-09-01,Bang Pakong,25.86653134547856,1.0,42.0,2011-09-16,2011-09-16,2011,9,GRACE,September,Observed,-0.13386028926015464
15,2011-10-01,Bang Pakong,31.169689481175872,2.0,84.0,2011-10-16,2011-10-31,2011,10,GRACE,October,Observed,-0.2308484931529126
15,2011-11-01,Bang Pakong,,,,,,2011,11,GRACE,November,Missing,
15,2011-12-01,Bang Pakong,-1.18782723571991,1.0,42.0,2011-12-28,2011-12-28,2011,12,GRACE,December,Observed,1.7037221337969144
15,2012-01-01,Bang Pakong,-6.010685664803409,1.0,42.0,2012-01-16,2012-01-16,2012,1,GRACE,January,Observed,0.032961568103257656
15,2012-02-01,Bang Pakong,-11.078982809105234,1.0,42.0,2012-02-15,2012-02-15,2012,2,GRACE,February,Observed,-0.23823498817539498
15,2012-03-01,Bang Pakong,-18.92383144784003,1.0,42.0,2012-03-16,2012-03-16,2012,3,GRACE,March,Observed,-1.8515422907553734
15,2012-04-01,Bang Pakong,-15.150951112246394,1.0,42.0,2012-04-04,2012-04-04,2012,4,GRACE,April,Observed,-3.6675415919945378
15,2012-05-01,Bang Pakong,,,,,,2012,5,GRACE,May,Missing,
15,2012-06-01,Bang Pakong,-15.003883523139653,1.0,42.0,2012-06-16,2012-06-16,2012,6,GRACE,June,Observed,-5.913517457982968
15,2012-07-01,Bang Pakong,-3.5299505765841688,1.0,42.0,2012-07-16,2012-07-16,2012,7,GRACE,July,Observed,-6.190313743949829
15,2012-08-01,Bang Pakong,-4.665531364769361,1.0,42.0,2012-08-16,2012-08-16,2012,8,GRACE,August,Observed,-6.643835869686852
15,2012-09-01,Bang Pakong,7.706538333086913,1.0,42.0,2012-09-13,2012-09-13,2012,9,GRACE,September,Observed,-7.133102277107733
15,2012-10-01,Bang Pakong,,,,,,2012,10,GRACE,October,Missing,
15,2012-11-01,Bang Pakong,8.709930821291575,1.0,42.0,2012-11-18,2012-11-18,2012,11,GRACE,November,Observed,-6.258115188783746
15,2012-12-01,Bang Pakong,-3.9557900953885197,1.0,42.0,2012-12-16,2012-12-16,2012,12,GRACE,December,Observed,-8.004646586707295
15,2013-01-01,Bang Pakong,-10.545906922173648,1.0,42.0,2013-01-16,2013-01-16,2013,1,GRACE,January,Observed,-8.39283792870238
15,2013-02-01,Bang Pakong,-15.971646883314033,1.0,42.0,2013-02-14,2013-02-14,2013,2,GRACE,February,Observed,-8.668383772938848
15,2013-03-01,Bang Pakong,,,,,,2013,3,GRACE,March,Missing,
15,2013-04-01,Bang Pakong,-19.066796488062817,1.0,42.0,2013-04-21,2013-04-21,2013,4,GRACE,April,Observed,-11.215605587213252
15,2013-05-01,Bang Pakong,-23.72342916801924,1.0,42.0,2013-05-16,2013-05-16,2013,5,GRACE,May,Observed,-6.875752902869078
15,2013-06-01,Bang Pakong,-18.885796943090483,1.0,42.0,2013-06-16,2013-06-16,2013,6,GRACE,June,Observed,-6.067318367598314
15,2013-07-01,Bang Pakong,-6.285409018948843,1.0,42.0,2013-07-16,2013-07-16,2013,7,GRACE,July,Observed,-4.755206068358712
15,2013-08-01,Bang Pakong,,,,,,2013,8,GRACE,August,Missing,
15,2013-09-01,Bang Pakong,,,,,,2013,9,GRACE,September,Missing,
15,2013-10-01,Bang Pakong,27.843068571884313,1.0,42.0,2013-10-16,2013-10-16,2013,10,GRACE,October,Observed,-4.058284099224325
15,2013-11-01,Bang Pakong,15.985841638728456,1.0,42.0,2013-11-16,2013-11-16,2013,11,GRACE,November,Observed,-4.409550702766257
15,2013-12-01,Bang Pakong,7.853220597767895,1.0,42.0,2013-12-16,2013-12-16,2013,12,GRACE,December,Observed,-3.7651345530699407
15,2014-01-01,Bang Pakong,-3.994510754848987,1.0,42.0,2014-01-09,2014-01-09,2014,1,GRACE,January,Observed,-3.6971632369539567
15,2014-02-01,Bang Pakong,,,,,,2014,2,GRACE,February,Missing,
15,2014-03-01,Bang Pakong,-16.250745328429215,1.0,42.0,2014-03-17,2014-03-17,2014,3,GRACE,March,Observed,-2.8716078660018582
15,2014-04-01,Bang Pakong,-22.228195919940195,1.0,42.0,2014-04-16,2014-04-16,2014,4,GRACE,April,Observed,-1.5395844523480828
15,2014-05-01,Bang Pakong,-17.9236838207524,1.0,42.0,2014-05-16,2014-05-16,2014,5,GRACE,May,Observed,-2.9752799455744756
15,2014-06-01,Bang Pakong,-18.274055098046627,1.0,42.0,2014-06-13,2014-06-13,2014,6,GRACE,June,Observed,-4.2621410685822365
15,2014-07-01,Bang Pakong,,,,,,2014,7,GRACE,July,Missing,
15,2014-08-01,Bang Pakong,1.1445893196200414,1.0,42.0,2014-08-16,2014-08-16,2014,8,GRACE,August,Observed,-6.534049466755047
15,2014-09-01,Bang Pakong,10.448626270535897,1.0,42.0,2014-09-16,2014-09-16,2014,9,GRACE,September,Observed,-7.045273368745744
15,2014-10-01,Bang Pakong,13.486113639620385,1.0,42.0,2014-10-16,2014-10-16,2014,10,GRACE,October,Observed,-7.60134433422399
15,2014-11-01,Bang Pakong,3.1172304086508507,1.0,42.0,2014-11-16,2014-11-16,2014,11,GRACE,November,Observed,-8.225718550546421
15,2014-12-01,Bang Pakong,,,,,,2014,12,GRACE,December,Missing,
15,2015-01-01,Bang Pakong,-12.326324672054156,1.0,42.0,2015-01-22,2015-01-22,2015,1,GRACE,January,Observed,-5.757430823333147
15,2015-02-01,Bang Pakong,-11.64628848666201,1.0,42.0,2015-02-15,2015-02-15,2015,2,GRACE,February,Observed,-6.4210061905273665
15,2015-03-01,Bang Pakong,-21.811454983211682,1.0,42.0,2015-03-16,2015-03-16,2015,3,GRACE,March,Observed,-8.247095703162922
15,2015-04-01,Bang Pakong,-28.471938083164503,2.0,84.0,2015-04-16,2015-04-27,2015,4,GRACE,April,Observed,-10.146984412887669
15,2015-05-01,Bang Pakong,,,,,,2015,5,GRACE,May,Missing,
15,2015-06-01,Bang Pakong,,,,,,2015,6,GRACE,June,Missing,
15,2015-07-01,Bang Pakong,-11.729609128081115,1.0,42.0,2015-07-15,2015-07-15,2015,7,GRACE,July,Observed,-15.421703647472626
15,2015-08-01,Bang Pakong,-15.29021629409995,1.0,42.0,2015-08-16,2015-08-16,2015,8,GRACE,August,Observed,-16.28947359470711
15,2015-09-01,Bang Pakong,-6.650372116986841,1.0,42.0,2015-09-14,2015-09-14,2015,9,GRACE,September,Observed,-17.500750086117165
15,2015-10-01,Bang Pakong,,,,,,2015,10,GRACE,October,Missing,
15,2015-11-01,Bang Pakong,,,,,,2015,11,GRACE,November,Missing,
15,2015-12-01,Bang Pakong,-15.447425415520728,1.0,42.0,2015-12-23,2015-12-23,2015,12,GRACE,December,Observed,-18.786768238594274
15,2016-01-01,Bang Pakong,-19.268484249930054,1.0,42.0,2016-01-16,2016-01-16,2016,1,GRACE,January,Observed,-20.467793551744414
15,2016-02-01,Bang Pakong,-21.336500417942435,1.0,42.0,2016-02-14,2016-02-14,2016,2,GRACE,February,Observed,-20.680874375181922
15,2016-03-01,Bang Pakong,-28.770668053374557,1.0,42.0,2016-03-16,2016-03-16,2016,3,GRACE,March,Observed,-19.865306938067476
15,2016-04-01,Bang Pakong,,,,,,2016,4,GRACE,April,Missing,
15,2016-05-01,Bang Pakong,-31.800870232818504,1.0,42.0,2016-05-20,2016-05-20,2016,5,GRACE,May,Observed,-21.517173790702557
15,2016-06-01,Bang Pakong,-33.915996056945545,1.0,42.0,2016-06-16,2016-06-16,2016,6,GRACE,June,Observed,-17.922284490697844
15,2016-07-01,Bang Pakong,-13.647336539018669,1.0,42.0,2016-07-15,2016-07-15,2016,7,GRACE,July,Observed,-16.488344982081223
15,2016-08-01,Bang Pakong,-7.9501093600699555,1.0,42.0,2016-08-21,2016-08-21,2016,8,GRACE,August,Observed,-15.06854335628356
15,2016-09-01,Bang Pakong,,,,,,2016,9,GRACE,September,Missing,
15,2016-10-01,Bang Pakong,,,,,,2016,10,GRACE,October,Missing,
15,2016-11-01,Bang Pakong,10.836829909339851,1.0,42.0,2016-11-27,2016-11-27,2016,11,GRACE,November,Observed,-13.641431086234336
15,2016-12-01,Bang Pakong,-2.5419698379711324,1.0,42.0,2016-12-24,2016-12-24,2016,12,GRACE,December,Observed,-12.252101249883202
15,2017-01-01,Bang Pakong,-6.490269617751051,1.0,42.0,2017-01-21,2017-01-21,2017,1,GRACE,January,Observed,-9.187688153937847
15,2017-02-01,Bang Pakong,,,,,,2017,2,GRACE,February,Missing,
15,2017-03-01,Bang Pakong,-16.779533495105383,1.0,42.0,2017-03-31,2017-03-31,2017,3,GRACE,March,Observed,
15,2017-04-01,Bang Pakong,-20.483624545768635,1.0,42.0,2017-04-24,2017-04-24,2017,4,GRACE,April,Observed,
15,2017-05-01,Bang Pakong,-19.29690170565828,1.0,42.0,2017-05-13,2017-05-13,2017,5,GRACE,May,Observed,
15,2017-06-01,Bang Pakong,-6.33627819343735,1.0,42.0,2017-06-10,2017-06-10,2017,6,GRACE,June,Observed,
15,2017-07-01,Bang Pakong,,,,,,2017,7,Mission gap,July,Missing,
15,2017-08-01,Bang Pakong,,,,,,2017,8,Mission gap,August,Missing,
15,2017-09-01,Bang Pakong,,,,,,2017,9,Mission gap,September,Missing,
15,2017-10-01,Bang Pakong,,,,,,2017,10,Mission gap,October,Missing,
15,2017-11-01,Bang Pakong,,,,,,2017,11,Mission gap,November,Missing,
15,2017-12-01,Bang Pakong,,,,,,2017,12,Mission gap,December,Missing,
15,2018-01-01,Bang Pakong,,,,,,2018,1,Mission gap,January,Missing,
15,2018-02-01,Bang Pakong,,,,,,2018,2,Mission gap,February,Missing,
15,2018-03-01,Bang Pakong,,,,,,2018,3,Mission gap,March,Missing,
15,2018-04-01,Bang Pakong,,,,,,2018,4,Mission gap,April,Missing,
15,2018-05-01,Bang Pakong,,,,,,2018,5,GRACE-FO,May,Missing,
15,2018-06-01,Bang Pakong,-4.281671386904115,1.0,42.0,2018-06-16,2018-06-16,2018,6,GRACE-FO,June,Observed,
15,2018-07-01,Bang Pakong,-1.6419377780990738,1.0,42.0,2018-07-10,2018-07-10,2018,7,GRACE-FO,July,Observed,
15,2018-08-01,Bang Pakong,,,,,,2018,8,GRACE-FO,August,Missing,
15,2018-09-01,Bang Pakong,,,,,,2018,9,GRACE-FO,September,Missing,
15,2018-10-01,Bang Pakong,14.513809526026296,1.0,42.0,2018-10-31,2018-10-31,2018,10,GRACE-FO,October,Observed,-6.8936169086363295
15,2018-11-01,Bang Pakong,2.8165416879074154,1.0,42.0,2018-11-16,2018-11-16,2018,11,GRACE-FO,November,Observed,-8.998337803778949
15,2018-12-01,Bang Pakong,-6.718798903616384,1.0,42.0,2018-12-16,2018-12-16,2018,12,GRACE-FO,December,Observed,-10.6540562141604
15,2019-01-01,Bang Pakong,-14.417427844198036,1.0,42.0,2019-01-16,2019-01-16,2019,1,GRACE-FO,January,Observed,-12.734338012982693
15,2019-02-01,Bang Pakong,-21.02823018414801,1.0,42.0,2019-02-15,2019-02-15,2019,2,GRACE-FO,February,Observed,-14.463153925551982
15,2019-03-01,Bang Pakong,-24.391220386058716,1.0,42.0,2019-03-16,2019-03-16,2019,3,GRACE-FO,March,Observed,-14.453731393054575
15,2019-04-01,Bang Pakong,-25.83610496491991,1.0,42.0,2019-04-16,2019-04-16,2019,4,GRACE-FO,April,Observed,-12.725354588918472
15,2019-05-01,Bang Pakong,-25.55552190759346,1.0,42.0,2019-05-16,2019-05-16,2019,5,GRACE-FO,May,Observed,-13.805584366992838
15,2019-06-01,Bang Pakong,-25.084489375127042,1.0,42.0,2019-06-16,2019-06-16,2019,6,GRACE-FO,June,Observed,-14.6496293072518
15,2019-07-01,Bang Pakong,-18.930096903791956,1.0,42.0,2019-07-16,2019-07-16,2019,7,GRACE-FO,July,Observed,-16.120625623736284
15,2019-08-01,Bang Pakong,-14.359506068080526,1.0,42.0,2019-08-16,2019-08-16,2019,8,GRACE-FO,August,Observed,-17.112526894827322
15,2019-09-01,Bang Pakong,6.286790256578667,1.0,42.0,2019-09-16,2019-09-16,2019,9,GRACE-FO,September,Observed,-17.881709856795734
15,2019-10-01,Bang Pakong,1.5510521891339446,1.0,42.0,2019-10-16,2019-10-16,2019,10,GRACE-FO,October,Observed,-18.193406434610857
15,2019-11-01,Bang Pakong,-7.311997595200151,1.0,42.0,2019-11-16,2019-11-16,2019,11,GRACE-FO,November,Observed,-18.043054328219174
15,2019-12-01,Bang Pakong,-24.37075470143018,1.0,42.0,2019-12-16,2019-12-16,2019,12,GRACE-FO,December,Observed,-18.326758468373743
15,2020-01-01,Bang Pakong,-26.320243097290486,1.0,42.0,2020-01-16,2020-01-16,2020,1,GRACE-FO,January,Observed,-18.667197580828113
15,2020-02-01,Bang Pakong,-30.258425727768955,1.0,42.0,2020-02-15,2020-02-15,2020,2,GRACE-FO,February,Observed,-19.195174220563114
15,2020-03-01,Bang Pakong,-28.131579319840203,1.0,42.0,2020-03-16,2020-03-16,2020,3,GRACE-FO,March,Observed,-19.39007493926987
15,2020-04-01,Bang Pakong,-24.031879688219707,1.0,42.0,2020-04-16,2020-04-16,2020,4,GRACE-FO,April,Observed,-20.20316345981735
15,2020-05-01,Bang Pakong,-28.959971589448298,1.0,42.0,2020-05-16,2020-05-16,2020,5,GRACE-FO,May,Observed,-19.516685363716007
15,2020-06-01,Bang Pakong,-29.169758724579474,1.0,42.0,2020-06-16,2020-06-16,2020,6,GRACE-FO,June,Observed,-18.755726206389202
15,2020-07-01,Bang Pakong,-25.26581658061201,1.0,42.0,2020-07-16,2020-07-16,2020,7,GRACE-FO,July,Observed,-18.155430255497524
15,2020-08-01,Bang Pakong,-16.698314692561546,1.0,42.0,2020-08-16,2020-08-16,2020,8,GRACE-FO,August,Observed,-17.47510673948427
15,2020-09-01,Bang Pakong,-3.4702719899911134,1.0,42.0,2020-09-16,2020-09-16,2020,9,GRACE-FO,September,Observed,-16.52770135644712
15,2020-10-01,Bang Pakong,9.788789342350016,1.0,42.0,2020-10-16,2020-10-16,2020,10,GRACE-FO,October,Observed,-15.881314384698873
15,2020-11-01,Bang Pakong,1.8195122927215732,1.0,42.0,2020-11-16,2020-11-16,2020,11,GRACE-FO,November,Observed,-16.018528482410186
15,2020-12-01,Bang Pakong,-17.167203290730093,1.0,42.0,2020-12-16,2020-12-16,2020,12,GRACE-FO,December,Observed,-15.66923189516224
15,2021-01-01,Bang Pakong,-18.156360905131404,1.0,42.0,2021-01-16,2021-01-16,2021,1,GRACE-FO,January,Observed,-14.973913995060464
15,2021-02-01,Bang Pakong,-18.889561131323156,1.0,42.0,2021-02-15,2021-02-15,2021,2,GRACE-FO,February,Observed,-14.15023417122171
15,2021-03-01,Bang Pakong,-20.374935658861283,1.0,42.0,2021-03-16,2021-03-16,2021,3,GRACE-FO,March,Observed,-13.700479959726309
15,2021-04-01,Bang Pakong,-25.67844886075546,1.0,42.0,2021-04-16,2021-04-16,2021,4,GRACE-FO,April,Observed,-12.943913936382408
15,2021-05-01,Bang Pakong,-24.768412542472916,1.0,42.0,2021-05-16,2021-05-16,2021,5,GRACE-FO,May,Observed,-12.215483474183438
15,2021-06-01,Bang Pakong,-20.825943923358185,1.0,42.0,2021-06-16,2021-06-16,2021,6,GRACE-FO,June,Observed,-11.571628757773267
15,2021-07-01,Bang Pakong,-15.381658694546948,1.0,42.0,2021-07-16,2021-07-16,2021,7,GRACE-FO,July,Observed,-10.466337937844385
15,2021-08-01,Bang Pakong,-11.301264154616728,1.0,42.0,2021-08-16,2021-08-16,2021,8,GRACE-FO,August,Observed,-9.935442799040027
15,2021-09-01,Bang Pakong,5.608520290135698,1.0,42.0,2021-09-16,2021-09-16,2021,9,GRACE-FO,September,Observed,-9.119118377580902
15,2021-10-01,Bang Pakong,18.529954888737656,1.0,42.0,2021-10-16,2021-10-16,2021,10,GRACE-FO,October,Observed,-8.942529913485634
15,2021-11-01,Bang Pakong,9.545768889643625,1.0,42.0,2021-11-16,2021-11-16,2021,11,GRACE-FO,November,Observed,-8.402723777813542
15,2021-12-01,Bang Pakong,-3.9037134515835015,1.0,42.0,2021-12-16,2021-12-16,2021,12,GRACE-FO,December,Observed,-7.296870941995736
15,2022-01-01,Bang Pakong,-11.785619239479134,1.0,42.0,2022-01-16,2022-01-16,2022,1,GRACE-FO,January,Observed,-6.3588713209408185
15,2022-02-01,Bang Pakong,-9.093668073813653,1.0,42.0,2022-02-15,2022-02-15,2022,2,GRACE-FO,February,Observed,-5.725434333787379
15,2022-03-01,Bang Pakong,-18.25587408971806,1.0,42.0,2022-03-16,2022-03-16,2022,3,GRACE-FO,March,Observed,-5.244009515967099
15,2022-04-01,Bang Pakong,-19.200775232690344,1.0,42.0,2022-04-16,2022-04-16,2022,4,GRACE-FO,April,Observed,-5.271388612193705
15,2022-05-01,Bang Pakong,-11.49817851265925,1.0,42.0,2022-05-16,2022-05-16,2022,5,GRACE-FO,May,Observed,-5.0083360117410045
15,2022-06-01,Bang Pakong,-9.56994847069918,1.0,42.0,2022-06-16,2022-06-16,2022,6,GRACE-FO,June,Observed,-4.856546365413806
15,2022-07-01,Bang Pakong,-7.780414848705665,1.0,42.0,2022-07-16,2022-07-16,2022,7,GRACE-FO,July,Observed,-4.246133036943552
15,2022-08-01,Bang Pakong,-5.524166340773381,1.0,42.0,2022-08-16,2022-08-16,2022,8,GRACE-FO,August,Observed,-3.598900404906871
15,2022-09-01,Bang Pakong,5.2799711354164325,1.0,42.0,2022-09-16,2022-09-16,2022,9,GRACE-FO,September,Observed,-3.8180778099398993
15,2022-10-01,Bang Pakong,21.686586094170067,1.0,42.0,2022-10-16,2022-10-16,2022,10,GRACE-FO,October,Observed,-3.7471797106466056
15,2022-11-01,Bang Pakong,11.367244645569999,1.0,42.0,2022-11-16,2022-11-16,2022,11,GRACE-FO,November,Observed,-3.8083446414172655
15,2022-12-01,Bang Pakong,3.4212464900595583,1.0,42.0,2022-12-16,2022-12-16,2022,12,GRACE-FO,December,Observed,-5.214165021316909
15,2023-01-01,Bang Pakong,-4.0188276550389785,1.0,42.0,2023-01-16,2023-01-16,2023,1,GRACE-FO,January,Observed,-6.172088194378158
15,2023-02-01,Bang Pakong,-11.72379693420998,1.0,42.0,2023-02-15,2023-02-15,2023,2,GRACE-FO,February,Observed,-6.944791518362611
15,2023-03-01,Bang Pakong,-17.405096898198536,1.0,42.0,2023-03-16,2023-03-16,2023,3,GRACE-FO,March,Observed,-7.304157884673174
15,2023-04-01,Bang Pakong,-19.934754401938267,1.0,42.0,2023-04-16,2023-04-16,2023,4,GRACE-FO,April,Observed,-7.790203110424991
15,2023-05-01,Bang Pakong,-28.36802307145497,1.0,42.0,2023-05-16,2023-05-16,2023,5,GRACE-FO,May,Observed,-8.171967699246023
15,2023-06-01,Bang Pakong,-21.06502654743415,1.0,42.0,2023-06-16,2023-06-16,2023,6,GRACE-FO,June,Observed,-8.199984165223302
15,2023-07-01,Bang Pakong,-17.05285473651913,1.0,42.0,2023-07-16,2023-07-16,2023,7,GRACE-FO,July,Observed,-8.6796619389568
15,2023-08-01,Bang Pakong,-9.836562736500126,1.0,42.0,2023-08-16,2023-08-16,2023,8,GRACE-FO,August,Observed,-9.528664746230168
15,2023-09-01,Bang Pakong,-0.5525715736053681,1.0,42.0,2023-09-16,2023-09-16,2023,9,GRACE-FO,September,Observed,-10.158516872140416
15,2023-10-01,Bang Pakong,17.10541102831768,1.0,42.0,2023-10-16,2023-10-16,2023,10,GRACE-FO,October,Observed,-10.259076287431219
15,2023-11-01,Bang Pakong,11.031047053842645,1.0,42.0,2023-11-16,2023-11-16,2023,11,GRACE-FO,November,Observed,-11.000040706467585
15,2023-12-01,Bang Pakong,-2.334886794742422,1.0,42.0,2023-12-16,2023-12-16,2023,12,GRACE-FO,December,Observed,-11.191506458466819
15,2024-01-01,Bang Pakong,-14.206861342319383,1.0,42.0,2024-01-16,2024-01-16,2024,1,GRACE-FO,January,Observed,-11.644043382238713
15,2024-02-01,Bang Pakong,-19.28202244513296,1.0,42.0,2024-02-15,2024-02-15,2024,2,GRACE-FO,February,Observed,-11.471224106223476
15,2024-03-01,Bang Pakong,-18.61180988168815,1.0,42.0,2024-03-16,2024-03-16,2024,3,GRACE-FO,March,Observed,-11.43824918796435
15,2024-04-01,Bang Pakong,-28.82632743037467,1.0,42.0,2024-04-16,2024-04-16,2024,4,GRACE-FO,April,Observed,-11.085804279691152
15,2024-05-01,Bang Pakong,-30.665612095445802,1.0,42.0,2024-05-16,2024-05-16,2024,5,GRACE-FO,May,Observed,-11.751779899765763
15,2024-06-01,Bang Pakong,-26.495469632696874,1.0,42.0,2024-06-16,2024-06-16,2024,6,GRACE-FO,June,Observed,-13.822945986457437
15,2024-07-01,Bang Pakong,-14.979023424336283,1.0,42.0,2024-07-16,2024-07-16,2024,7,GRACE-FO,July,Observed,-14.971751905628938
15,2024-08-01,Bang Pakong,-9.440863717390616,1.0,42.0,2024-08-16,2024-08-16,2024,8,GRACE-FO,August,Observed,-15.056739745996667
15,2024-09-01,Bang Pakong,3.676767325673015,1.0,42.0,2024-09-16,2024-09-16,2024,9,GRACE-FO,September,Observed,-14.52857940860463
15,2024-10-01,Bang Pakong,9.113703587422338,1.0,42.0,2024-10-16,2024-10-16,2024,10,GRACE-FO,October,Observed,
16,2002-04-01,Tonle Sap,-12.93930718913056,1.0,12.0,2002-04-18,2002-04-18,2002,4,GRACE,April,Observed,
16,2002-05-01,Tonle Sap,-9.95397731619974,1.0,12.0,2002-05-10,2002-05-10,2002,5,GRACE,May,Observed,
16,2002-06-01,Tonle Sap,,,,,,2002,6,GRACE,June,Missing,
16,2002-07-01,Tonle Sap,,,,,,2002,7,GRACE,July,Missing,
16,2002-08-01,Tonle Sap,33.93916568432311,1.0,12.0,2002-08-16,2002-08-16,2002,8,GRACE,August,Observed,22.06353214616451
16,2002-09-01,Tonle Sap,53.929285715937176,1.0,12.0,2002-09-16,2002-09-16,2002,9,GRACE,September,Observed,19.484808085772055
16,2002-10-01,Tonle Sap,54.705835644546376,1.0,12.0,2002-10-16,2002-10-16,2002,10,GRACE,October,Observed,16.714229895389032
16,2002-11-01,Tonle Sap,38.04518914155115,1.0,12.0,2002-11-16,2002-11-16,2002,11,GRACE,November,Observed,16.6530486832766
16,2002-12-01,Tonle Sap,18.81181050317797,1.0,12.0,2002-12-16,2002-12-16,2002,12,GRACE,December,Observed,16.764588603658186
16,2003-01-01,Tonle Sap,-0.029745014889408488,1.0,12.0,2003-01-16,2003-01-16,2003,1,GRACE,January,Observed,16.764588603658186
16,2003-02-01,Tonle Sap,-1.1449843973675846,1.0,12.0,2003-02-15,2003-02-15,2003,2,GRACE,February,Observed,15.638521881441482
16,2003-03-01,Tonle Sap,-8.220973818058171,1.0,12.0,2003-03-16,2003-03-16,2003,3,GRACE,March,Observed,14.950827963054875
16,2003-04-01,Tonle Sap,-13.551119310254862,1.0,12.0,2003-04-16,2003-04-16,2003,4,GRACE,April,Observed,13.34876729962544
16,2003-05-01,Tonle Sap,-8.838578112383875,1.0,12.0,2003-05-11,2003-05-11,2003,5,GRACE,May,Observed,12.010695395634126
16,2003-06-01,Tonle Sap,,,,,,2003,6,GRACE,June,Missing,
16,2003-07-01,Tonle Sap,4.377854659274438,1.0,12.0,2003-07-16,2003-07-16,2003,7,GRACE,July,Observed,10.219344340208906
16,2003-08-01,Tonle Sap,26.37453258207041,1.0,12.0,2003-08-16,2003-08-16,2003,8,GRACE,August,Observed,10.034870235828102
16,2003-09-01,Tonle Sap,36.3066184182134,1.0,12.0,2003-09-16,2003-09-16,2003,9,GRACE,September,Observed,9.127473019646613
16,2003-10-01,Tonle Sap,39.987044700641924,1.0,12.0,2003-10-16,2003-10-16,2003,10,GRACE,October,Observed,8.473186114032048
16,2003-11-01,Tonle Sap,27.035336910260476,1.0,12.0,2003-11-16,2003-11-16,2003,11,GRACE,November,Observed,8.377905358527196
16,2003-12-01,Tonle Sap,10.116801124791229,1.0,12.0,2003-12-16,2003-12-16,2003,12,GRACE,December,Observed,8.08166679732372
16,2004-01-01,Tonle Sap,-2.058960163078254,1.0,12.0,2004-01-07,2004-01-07,2004,1,GRACE,January,Observed,7.88093404745062
16,2004-02-01,Tonle Sap,-11.126353775363954,1.0,12.0,2004-02-17,2004-02-17,2004,2,GRACE,February,Observed,8.13935777360732
16,2004-03-01,Tonle Sap,-15.418129779818404,1.0,12.0,2004-03-16,2004-03-16,2004,3,GRACE,March,Observed,8.352433143404644
16,2004-04-01,Tonle Sap,-14.599207620808233,1.0,12.0,2004-04-16,2004-04-16,2004,4,GRACE,April,Observed,8.702617405345919
16,2004-05-01,Tonle Sap,-12.0972022856221,1.0,12.0,2004-05-16,2004-05-16,2004,5,GRACE,May,Observed,8.410763951821453
16,2004-06-01,Tonle Sap,5.672873798846521,1.0,12.0,2004-06-16,2004-06-16,2004,6,GRACE,June,Observed,7.303559515559654
16,2004-07-01,Tonle Sap,7.478939373154846,1.0,12.0,2004-07-16,2004-07-16,2004,7,GRACE,July,Observed,6.498314741652806
16,2004-08-01,Tonle Sap,28.931437019638288,1.0,12.0,2004-08-16,2004-08-16,2004,8,GRACE,August,Observed,5.220090693939251
16,2004-09-01,Tonle Sap,40.508829561508676,1.0,12.0,2004-09-16,2004-09-16,2004,9,GRACE,September,Observed,4.2338027248181165
16,2004-10-01,Tonle Sap,36.48480325834835,1.0,12.0,2004-10-16,2004-10-16,2004,10,GRACE,October,Observed,3.55496687515773
16,2004-11-01,Tonle Sap,13.74888367511888,1.0,12.0,2004-11-16,2004-11-16,2004,11,GRACE,November,Observed,2.93880732588559
16,2004-12-01,Tonle Sap,0.4538638379090569,1.0,12.0,2004-12-16,2004-12-16,2004,12,GRACE,December,Observed,2.0573433248451933
16,2005-01-01,Tonle Sap,-17.397648735640924,1.0,12.0,2005-01-16,2005-01-16,2005,1,GRACE,January,Observed,0.03184849948654763
16,2005-02-01,Tonle Sap,-22.96180940481757,1.0,12.0,2005-02-15,2005-02-15,2005,2,GRACE,February,Observed,-1.1843340491822039
16,2005-03-01,Tonle Sap,-23.564159975743042,1.0,12.0,2005-03-16,2005-03-16,2005,3,GRACE,March,Observed,-2.996755772723589
16,2005-04-01,Tonle Sap,-21.993122212073914,1.0,12.0,2005-04-16,2005-04-16,2005,4,GRACE,April,Observed,-4.236641237388265
16,2005-05-01,Tonle Sap,-22.674770298106854,1.0,12.0,2005-05-16,2005-05-16,2005,5,GRACE,May,Observed,-5.017110962886634
16,2005-06-01,Tonle Sap,-18.633064105457226,1.0,12.0,2005-06-16,2005-06-16,2005,6,GRACE,June,Observed,-4.476543248321414
16,2005-07-01,Tonle Sap,-7.115251210870172,1.0,12.0,2005-07-16,2005-07-16,2005,7,GRACE,July,Observed,-4.1787202802708245
16,2005-08-01,Tonle Sap,7.182376337141671,1.0,12.0,2005-08-16,2005-08-16,2005,8,GRACE,August,Observed,-3.338756303449054
16,2005-09-01,Tonle Sap,25.630203985532578,1.0,12.0,2005-09-16,2005-09-16,2005,9,GRACE,September,Observed,-2.8026811287366917
16,2005-10-01,Tonle Sap,27.1191665523679,1.0,12.0,2005-10-16,2005-10-16,2005,10,GRACE,October,Observed,-2.4252472681640973
16,2005-11-01,Tonle Sap,20.235696249901537,1.0,12.0,2005-11-16,2005-11-16,2005,11,GRACE,November,Observed,-2.1939768829125854
16,2005-12-01,Tonle Sap,4.0277394545161185,1.0,12.0,2005-12-16,2005-12-16,2005,12,GRACE,December,Observed,-1.6497957035509094
16,2006-01-01,Tonle Sap,-7.318081013779675,1.0,12.0,2006-01-16,2006-01-16,2006,1,GRACE,January,Observed,-1.0297911766054886
16,2006-02-01,Tonle Sap,-16.528907308269215,1.0,12.0,2006-02-15,2006-02-15,2006,2,GRACE,February,Observed,-0.5921101549047497
16,2006-03-01,Tonle Sap,-19.034953648871912,1.0,12.0,2006-03-16,2006-03-16,2006,3,GRACE,March,Observed,0.30594166498404735
16,2006-04-01,Tonle Sap,-19.217877589055774,1.0,12.0,2006-04-16,2006-04-16,2006,4,GRACE,April,Observed,0.809710123724963
16,2006-05-01,Tonle Sap,-16.14459614576674,1.0,12.0,2006-05-16,2006-05-16,2006,5,GRACE,May,Observed,1.9024537986121397
16,2006-06-01,Tonle Sap,-11.193009782112176,1.0,12.0,2006-06-16,2006-06-16,2006,6,GRACE,June,Observed,1.9331707883605311
16,2006-07-01,Tonle Sap,-1.8630789504613037,1.0,12.0,2006-07-16,2006-07-16,2006,7,GRACE,July,Observed,1.8894356444354328
16,2006-08-01,Tonle Sap,17.958998175807235,1.0,12.0,2006-08-16,2006-08-16,2006,8,GRACE,August,Observed,1.6083256153705319
16,2006-09-01,Tonle Sap,31.675425490423564,1.0,12.0,2006-09-16,2006-09-16,2006,9,GRACE,September,Observed,1.4239365963411037
16,2006-10-01,Tonle Sap,40.232090651014026,1.0,12.0,2006-10-16,2006-10-16,2006,10,GRACE,October,Observed,1.254101413474044
16,2006-11-01,Tonle Sap,20.604300126882233,1.0,12.0,2006-11-16,2006-11-16,2006,11,GRACE,November,Observed,1.2009905677398762
16,2006-12-01,Tonle Sap,3.50291772741494,1.0,12.0,2006-12-16,2006-12-16,2006,12,GRACE,December,Observed,1.3810015375047147
16,2007-01-01,Tonle Sap,-10.691401362558489,1.0,12.0,2007-01-16,2007-01-16,2007,1,GRACE,January,Observed,1.6064573901258201
16,2007-02-01,Tonle Sap,-18.741575536622353,1.0,12.0,2007-02-14,2007-02-14,2007,2,GRACE,February,Observed,1.6367013144259606
16,2007-03-01,Tonle Sap,-21.072975843276623,1.0,12.0,2007-03-16,2007-03-16,2007,3,GRACE,March,Observed,1.1624169532603779
16,2007-04-01,Tonle Sap,-19.85520773786579,1.0,12.0,2007-04-16,2007-04-16,2007,4,GRACE,April,Observed,-0.10585952030286212
16,2007-05-01,Tonle Sap,-13.984464508588683,1.0,12.0,2007-05-16,2007-05-16,2007,5,GRACE,May,Observed,-1.0999715503757042
16,2007-06-01,Tonle Sap,-8.487539550658912,1.0,12.0,2007-06-16,2007-06-16,2007,6,GRACE,June,Observed,-1.2512255463085014
16,2007-07-01,Tonle Sap,-1.5001518588596128,1.0,12.0,2007-07-16,2007-07-16,2007,7,GRACE,July,Observed,-1.5095453744712828
16,2007-08-01,Tonle Sap,12.267585841820242,1.0,12.0,2007-08-16,2007-08-16,2007,8,GRACE,August,Observed,-1.6123797700741607
16,2007-09-01,Tonle Sap,16.456107807664683,1.0,12.0,2007-09-16,2007-09-16,2007,9,GRACE,September,Observed,-1.6461018208540281
16,2007-10-01,Tonle Sap,28.302746290139922,1.0,12.0,2007-10-16,2007-10-16,2007,10,GRACE,October,Observed,-1.6139785352539817
16,2007-11-01,Tonle Sap,18.789252175688663,1.0,12.0,2007-11-16,2007-11-16,2007,11,GRACE,November,Observed,-1.6585946726023106
16,2007-12-01,Tonle Sap,0.4030797894615629,1.0,12.0,2007-12-16,2007-12-16,2007,12,GRACE,December,Observed,-1.5879179697509345
16,2008-01-01,Tonle Sap,-11.925414109793019,1.0,12.0,2008-01-16,2008-01-16,2008,1,GRACE,January,Observed,-1.3441346975291726
16,2008-02-01,Tonle Sap,-19.146240145980762,1.0,12.0,2008-02-15,2008-02-15,2008,2,GRACE,February,Observed,-1.3151610116593064
16,2008-03-01,Tonle Sap,-20.687496416076065,1.0,12.0,2008-03-16,2008-03-16,2008,3,GRACE,March,Observed,-1.9065066711917293
16,2008-04-01,Tonle Sap,-20.390601386045738,1.0,12.0,2008-04-16,2008-04-16,2008,4,GRACE,April,Observed,-1.3727502864486016
16,2008-05-01,Tonle Sap,-13.136344074372168,1.0,12.0,2008-05-16,2008-05-16,2008,5,GRACE,May,Observed,-1.6727138934014458
16,2008-06-01,Tonle Sap,-5.56214028399777,1.0,12.0,2008-06-16,2008-06-16,2008,6,GRACE,June,Observed,-1.6380795454892165
16,2008-07-01,Tonle Sap,-1.1524676284212203,1.0,12.0,2008-07-16,2008-07-16,2008,7,GRACE,July,Observed,-1.5923594734787179
16,2008-08-01,Tonle Sap,5.171437927431166,1.0,12.0,2008-08-16,2008-08-16,2008,8,GRACE,August,Observed,-1.4138372371069796
16,2008-09-01,Tonle Sap,22.86118442458222,1.0,12.0,2008-09-16,2008-09-16,2008,9,GRACE,September,Observed,-1.4937624935791936
16,2008-10-01,Tonle Sap,24.703183006705792,1.0,12.0,2008-10-16,2008-10-16,2008,10,GRACE,October,Observed,-1.46616917586531
16,2008-11-01,Tonle Sap,19.20486435063541,1.0,12.0,2008-11-16,2008-11-16,2008,11,GRACE,November,Observed,-1.227009255834334
16,2008-12-01,Tonle Sap,0.95172065358755,1.0,12.0,2008-12-16,2008-12-16,2008,12,GRACE,December,Observed,-1.3694590400586917
16,2009-01-01,Tonle Sap,-9.783147273332162,1.0,12.0,2009-01-16,2009-01-16,2009,1,GRACE,January,Observed,-1.4855024656356122
16,2009-02-01,Tonle Sap,-20.105343223647328,1.0,12.0,2009-02-15,2009-02-15,2009,2,GRACE,February,Observed,-1.5564618293411583
16,2009-03-01,Tonle Sap,-20.356376603509464,1.0,12.0,2009-03-16,2009-03-16,2009,3,GRACE,March,Observed,-1.3522226438866873
16,2009-04-01,Tonle Sap,-17.520682345674025,1.0,12.0,2009-04-16,2009-04-16,2009,4,GRACE,April,Observed,-1.415208883176322
16,2009-05-01,Tonle Sap,-14.845741485064462,1.0,12.0,2009-05-16,2009-05-16,2009,5,GRACE,May,Observed,-0.7201202990143685
16,2009-06-01,Tonle Sap,-6.954661390920815,1.0,12.0,2009-06-16,2009-06-16,2009,6,GRACE,June,Observed,-0.9733174734737563
16,2009-07-01,Tonle Sap,-2.0039799928877757,1.0,12.0,2009-07-16,2009-07-16,2009,7,GRACE,July,Observed,-1.1071253178837461
16,2009-08-01,Tonle Sap,7.62230815288482,1.0,12.0,2009-08-16,2009-08-16,2009,8,GRACE,August,Observed,-1.36457672772985
16,2009-09-01,Tonle Sap,22.105349553106603,1.0,12.0,2009-09-16,2009-09-16,2009,9,GRACE,September,Observed,-1.270938571456174
16,2009-10-01,Tonle Sap,33.04424601664924,1.0,12.0,2009-10-16,2009-10-16,2009,10,GRACE,October,Observed,-1.4831397186912652
16,2009-11-01,Tonle Sap,16.166498257122754,1.0,12.0,2009-11-16,2009-11-16,2009,11,GRACE,November,Observed,-1.937137772585216
16,2009-12-01,Tonle Sap,-0.6539734793323295,1.0,12.0,2009-12-16,2009-12-16,2009,12,GRACE,December,Observed,-2.708460646025182
16,2010-01-01,Tonle Sap,-12.872564191485406,1.0,12.0,2010-01-16,2010-01-16,2010,1,GRACE,January,Observed,-4.0242560803043546
16,2010-02-01,Tonle Sap,-18.981685348363218,1.0,12.0,2010-02-15,2010-02-15,2010,2,GRACE,February,Observed,-4.993053984457958
16,2010-03-01,Tonle Sap,-22.902790370330557,1.0,12.0,2010-03-16,2010-03-16,2010,3,GRACE,March,Observed,-6.157602492613292
16,2010-04-01,Tonle Sap,-22.968658992401433,1.0,12.0,2010-04-16,2010-04-16,2010,4,GRACE,April,Observed,-7.0772808101018265
16,2010-05-01,Tonle Sap,-24.10161596634405,1.0,12.0,2010-05-16,2010-05-16,2010,5,GRACE,May,Observed,-8.108272801716803
16,2010-06-01,Tonle Sap,-22.74420660227089,1.0,12.0,2010-06-16,2010-06-16,2010,6,GRACE,June,Observed,-8.451743197214258
16,2010-07-01,Tonle Sap,-13.629554842731013,1.0,12.0,2010-07-16,2010-07-16,2010,7,GRACE,July,Observed,-8.724006696471493
16,2010-08-01,Tonle Sap,-6.352273944979194,1.0,12.0,2010-08-16,2010-08-16,2010,8,GRACE,August,Observed,-8.346865106015683
16,2010-09-01,Tonle Sap,11.069209743244176,1.0,12.0,2010-09-16,2010-09-16,2010,9,GRACE,September,Observed,-8.381363969080011
16,2010-10-01,Tonle Sap,20.67234211726954,1.0,12.0,2010-10-16,2010-10-16,2010,10,GRACE,October,Observed,-8.219873288269362
16,2010-11-01,Tonle Sap,12.044853511153297,1.0,12.0,2010-11-16,2010-11-16,2010,11,GRACE,November,Observed,-7.960888123447405
16,2010-12-01,Tonle Sap,-3.921135470419171,1.0,12.0,2010-12-14,2010-12-14,2010,12,GRACE,December,Observed,-7.335424087890539
16,2011-01-01,Tonle Sap,,,,,,2011,1,GRACE,January,Missing,
16,2011-02-01,Tonle Sap,-19.36117284207083,1.0,12.0,2011-02-18,2011-02-18,2011,2,GRACE,February,Observed,-4.6188010633442715
16,2011-03-01,Tonle Sap,-21.12639288141339,1.0,12.0,2011-03-16,2011-03-16,2011,3,GRACE,March,Observed,-2.4779750481902583
16,2011-04-01,Tonle Sap,-20.11982217935993,1.0,12.0,2011-04-16,2011-04-16,2011,4,GRACE,April,Observed,-0.47625750827039537
16,2011-05-01,Tonle Sap,-17.221511575218514,1.0,12.0,2011-05-16,2011-05-16,2011,5,GRACE,May,Observed,1.4287524313181663
16,2011-06-01,Tonle Sap,,,,,,2011,6,GRACE,June,Missing,
16,2011-07-01,Tonle Sap,-1.872107111648685,1.0,12.0,2011-07-18,2011-07-18,2011,7,GRACE,July,Observed,0.5278907414600736
16,2011-08-01,Tonle Sap,15.055986206560933,1.0,12.0,2011-08-16,2011-08-16,2011,8,GRACE,August,Observed,-0.4514817392965577
16,2011-09-01,Tonle Sap,31.086385142442804,1.0,12.0,2011-09-16,2011-09-16,2011,9,GRACE,September,Observed,-0.001500101803232745
16,2011-10-01,Tonle Sap,39.72244151315516,2.0,24.0,2011-10-16,2011-10-31,2011,10,GRACE,October,Observed,-0.21841366724390204
16,2011-11-01,Tonle Sap,,,,,,2011,11,GRACE,November,Missing,
16,2011-12-01,Tonle Sap,-1.4127895993068749,1.0,12.0,2011-12-28,2011-12-28,2011,12,GRACE,December,Observed,1.9111333803345225
16,2012-01-01,Tonle Sap,-9.26583406610624,1.0,12.0,2012-01-16,2012-01-16,2012,1,GRACE,January,Observed,0.1370343327448813
16,2012-02-01,Tonle Sap,-14.861356467137579,1.0,12.0,2012-02-15,2012-02-15,2012,2,GRACE,February,Observed,-0.061738952441833694
16,2012-03-01,Tonle Sap,-23.295528535820086,1.0,12.0,2012-03-16,2012-03-16,2012,3,GRACE,March,Observed,-2.046610446747102
16,2012-04-01,Tonle Sap,-17.956996659128716,1.0,12.0,2012-04-04,2012-04-04,2012,4,GRACE,April,Observed,-3.9000166728214865
16,2012-05-01,Tonle Sap,,,,,,2012,5,GRACE,May,Missing,
16,2012-06-01,Tonle Sap,-15.82985709556189,1.0,12.0,2012-06-16,2012-06-16,2012,6,GRACE,June,Observed,-6.740535195048736
16,2012-07-01,Tonle Sap,-3.8598399635158347,1.0,12.0,2012-07-16,2012-07-16,2012,7,GRACE,July,Observed,-7.189478800929315
16,2012-08-01,Tonle Sap,-4.792728736491745,1.0,12.0,2012-08-16,2012-08-16,2012,8,GRACE,August,Observed,-7.824773000276549
16,2012-09-01,Tonle Sap,12.552322881698958,1.0,12.0,2012-09-13,2012-09-13,2012,9,GRACE,September,Observed,-8.396683849253172
16,2012-10-01,Tonle Sap,,,,,,2012,10,GRACE,October,Missing,
16,2012-11-01,Tonle Sap,11.317256290882662,1.0,12.0,2012-11-18,2012-11-18,2012,11,GRACE,November,Observed,-7.223253224345675
16,2012-12-01,Tonle Sap,-5.902225658112667,1.0,12.0,2012-12-16,2012-12-16,2012,12,GRACE,December,Observed,-8.80634559867473
16,2013-01-01,Tonle Sap,-15.618776059578579,1.0,12.0,2013-01-16,2013-01-16,2013,1,GRACE,January,Observed,-9.170516203028539
16,2013-02-01,Tonle Sap,-20.580464956903807,1.0,12.0,2013-02-14,2013-02-14,2013,2,GRACE,February,Observed,-9.277791403524002
16,2013-03-01,Tonle Sap,,,,,,2013,3,GRACE,March,Missing,
16,2013-04-01,Tonle Sap,-22.294965721528165,1.0,12.0,2013-04-21,2013-04-21,2013,4,GRACE,April,Observed,-12.567188522555902
16,2013-05-01,Tonle Sap,-23.054176967636216,1.0,12.0,2013-05-16,2013-05-16,2013,5,GRACE,May,Observed,-7.373176371556253
16,2013-06-01,Tonle Sap,-19.47156313909999,1.0,12.0,2013-06-16,2013-06-16,2013,6,GRACE,June,Observed,-6.293812885455862
16,2013-07-01,Tonle Sap,-4.9325919684704465,1.0,12.0,2013-07-16,2013-07-16,2013,7,GRACE,July,Observed,-4.772011482333095
16,2013-08-01,Tonle Sap,,,,,,2013,8,GRACE,August,Missing,
16,2013-09-01,Tonle Sap,,,,,,2013,9,GRACE,September,Missing,
16,2013-10-01,Tonle Sap,34.178920836440945,1.0,12.0,2013-10-16,2013-10-16,2013,10,GRACE,October,Observed,-3.6153048066366487
16,2013-11-01,Tonle Sap,21.03152766578618,1.0,12.0,2013-11-16,2013-11-16,2013,11,GRACE,November,Observed,-3.5874158758843606
16,2013-12-01,Tonle Sap,7.7939869699922415,1.0,12.0,2013-12-16,2013-12-16,2013,12,GRACE,December,Observed,-3.0603563394425866
16,2014-01-01,Tonle Sap,-5.90393357370366,1.0,12.0,2014-01-09,2014-01-09,2014,1,GRACE,January,Observed,-2.8802609301587476
16,2014-02-01,Tonle Sap,,,,,,2014,2,GRACE,February,Missing,
16,2014-03-01,Tonle Sap,-19.884947361510708,1.0,12.0,2014-03-17,2014-03-17,2014,3,GRACE,March,Observed,-1.498959774606634
16,2014-04-01,Tonle Sap,-22.04396534475757,1.0,12.0,2014-04-16,2014-04-16,2014,4,GRACE,April,Observed,0.44564786839003273
16,2014-05-01,Tonle Sap,-18.310641139660255,1.0,12.0,2014-05-16,2014-05-16,2014,5,GRACE,May,Observed,-1.0522685337395408
16,2014-06-01,Tonle Sap,-17.85070445554544,1.0,12.0,2014-06-13,2014-06-13,2014,6,GRACE,June,Observed,-2.4789204521177752
16,2014-07-01,Tonle Sap,,,,,,2014,7,GRACE,July,Missing,
16,2014-08-01,Tonle Sap,7.499118431498575,1.0,12.0,2014-08-16,2014-08-16,2014,8,GRACE,August,Observed,-5.067867039209097
16,2014-09-01,Tonle Sap,17.947116655360034,1.0,12.0,2014-09-16,2014-09-16,2014,9,GRACE,September,Observed,-6.26621731720425
16,2014-10-01,Tonle Sap,19.199756815145207,1.0,12.0,2014-10-16,2014-10-16,2014,10,GRACE,October,Observed,-6.784433797830897
16,2014-11-01,Tonle Sap,6.765008482003835,1.0,12.0,2014-11-16,2014-11-16,2014,11,GRACE,November,Observed,-7.516938023282182
16,2014-12-01,Tonle Sap,,,,,,2014,12,GRACE,December,Missing,
16,2015-01-01,Tonle Sap,-18.931545435415543,1.0,12.0,2015-01-22,2015-01-22,2015,1,GRACE,January,Observed,-4.876004329702016
16,2015-02-01,Tonle Sap,-17.051369819160623,1.0,12.0,2015-02-15,2015-02-15,2015,2,GRACE,February,Observed,-5.390618880404443
16,2015-03-01,Tonle Sap,-25.06711216777718,1.0,12.0,2015-03-16,2015-03-16,2015,3,GRACE,March,Observed,-8.380484587696746
16,2015-04-01,Tonle Sap,-29.36900759927042,2.0,24.0,2015-04-16,2015-04-27,2015,4,GRACE,April,Observed,-10.60888164785273
16,2015-05-01,Tonle Sap,,,,,,2015,5,GRACE,May,Missing,
16,2015-06-01,Tonle Sap,,,,,,2015,6,GRACE,June,Missing,
16,2015-07-01,Tonle Sap,-9.507535286023852,1.0,12.0,2015-07-15,2015-07-15,2015,7,GRACE,July,Observed,-17.60057120060421
16,2015-08-01,Tonle Sap,-19.409672934132157,1.0,12.0,2015-08-16,2015-08-16,2015,8,GRACE,August,Observed,-18.216804604222126
16,2015-09-01,Tonle Sap,-2.1084568860438275,1.0,12.0,2015-09-14,2015-09-14,2015,9,GRACE,September,Observed,-19.02696508486696
16,2015-10-01,Tonle Sap,,,,,,2015,10,GRACE,October,Missing,
16,2015-11-01,Tonle Sap,,,,,,2015,11,GRACE,November,Missing,
16,2015-12-01,Tonle Sap,-19.359869477010065,1.0,12.0,2015-12-23,2015-12-23,2015,12,GRACE,December,Observed,-19.361428680165087
16,2016-01-01,Tonle Sap,-23.861412664358866,1.0,12.0,2016-01-16,2016-01-16,2016,1,GRACE,January,Observed,-20.566193432600215
16,2016-02-01,Tonle Sap,-23.532653664319287,1.0,12.0,2016-02-14,2016-02-14,2016,2,GRACE,February,Observed,-20.615289143161295
16,2016-03-01,Tonle Sap,-29.26907293137264,1.0,12.0,2016-03-16,2016-03-16,2016,3,GRACE,March,Observed,-19.52311764581563
16,2016-04-01,Tonle Sap,,,,,,2016,4,GRACE,April,Missing,
16,2016-05-01,Tonle Sap,-27.842755598059984,1.0,12.0,2016-05-20,2016-05-20,2016,5,GRACE,May,Observed,-21.699950240787107
16,2016-06-01,Tonle Sap,-30.20431145208125,1.0,12.0,2016-06-16,2016-06-16,2016,6,GRACE,June,Observed,-17.969672657169763
16,2016-07-01,Tonle Sap,-9.949396681073589,1.0,12.0,2016-07-15,2016-07-15,2016,7,GRACE,July,Observed,-15.929225017415193
16,2016-08-01,Tonle Sap,-9.580129458021165,1.0,12.0,2016-08-21,2016-08-21,2016,8,GRACE,August,Observed,-14.224599450793647
16,2016-09-01,Tonle Sap,,,,,,2016,9,GRACE,September,Missing,
16,2016-10-01,Tonle Sap,,,,,,2016,10,GRACE,October,Missing,
16,2016-11-01,Tonle Sap,11.872548011769009,1.0,12.0,2016-11-27,2016-11-27,2016,11,GRACE,November,Observed,-12.470508995304437
16,2016-12-01,Tonle Sap,-0.9958407192189731,1.0,12.0,2016-12-24,2016-12-24,2016,12,GRACE,December,Observed,-11.415801520650664
16,2017-01-01,Tonle Sap,-8.519782564764947,1.0,12.0,2017-01-21,2017-01-21,2017,1,GRACE,January,Observed,-8.921165872343817
16,2017-02-01,Tonle Sap,,,,,,2017,2,GRACE,February,Missing,
16,2017-03-01,Tonle Sap,-18.22566228868194,1.0,12.0,2017-03-31,2017-03-31,2017,3,GRACE,March,Observed,
16,2017-04-01,Tonle Sap,-18.789250207607086,1.0,12.0,2017-04-24,2017-04-24,2017,4,GRACE,April,Observed,
16,2017-05-01,Tonle Sap,-18.350388326176024,1.0,12.0,2017-05-13,2017-05-13,2017,5,GRACE,May,Observed,
16,2017-06-01,Tonle Sap,-7.752590617319624,1.0,12.0,2017-06-10,2017-06-10,2017,6,GRACE,June,Observed,
16,2017-07-01,Tonle Sap,,,,,,2017,7,Mission gap,July,Missing,
16,2017-08-01,Tonle Sap,,,,,,2017,8,Mission gap,August,Missing,
16,2017-09-01,Tonle Sap,,,,,,2017,9,Mission gap,September,Missing,
16,2017-10-01,Tonle Sap,,,,,,2017,10,Mission gap,October,Missing,
16,2017-11-01,Tonle Sap,,,,,,2017,11,Mission gap,November,Missing,
16,2017-12-01,Tonle Sap,,,,,,2017,12,Mission gap,December,Missing,
16,2018-01-01,Tonle Sap,,,,,,2018,1,Mission gap,January,Missing,
16,2018-02-01,Tonle Sap,,,,,,2018,2,Mission gap,February,Missing,
16,2018-03-01,Tonle Sap,,,,,,2018,3,Mission gap,March,Missing,
16,2018-04-01,Tonle Sap,,,,,,2018,4,Mission gap,April,Missing,
16,2018-05-01,Tonle Sap,,,,,,2018,5,GRACE-FO,May,Missing,
16,2018-06-01,Tonle Sap,-7.2703501398331385,1.0,12.0,2018-06-16,2018-06-16,2018,6,GRACE-FO,June,Observed,
16,2018-07-01,Tonle Sap,-3.1441661401386085,1.0,12.0,2018-07-10,2018-07-10,2018,7,GRACE-FO,July,Observed,
16,2018-08-01,Tonle Sap,,,,,,2018,8,GRACE-FO,August,Missing,
16,2018-09-01,Tonle Sap,,,,,,2018,9,GRACE-FO,September,Missing,
16,2018-10-01,Tonle Sap,16.32419499878952,1.0,12.0,2018-10-31,2018-10-31,2018,10,GRACE-FO,October,Observed,-8.076659035080143
16,2018-11-01,Tonle Sap,5.111879776307873,1.0,12.0,2018-11-16,2018-11-16,2018,11,GRACE-FO,November,Observed,-10.171636312735169
16,2018-12-01,Tonle Sap,-6.1060191339382,1.0,12.0,2018-12-16,2018-12-16,2018,12,GRACE-FO,December,Observed,-11.659065005497322
16,2019-01-01,Tonle Sap,-17.833825860074633,1.0,12.0,2019-01-16,2019-01-16,2019,1,GRACE-FO,January,Observed,-13.442578465690877
16,2019-02-01,Tonle Sap,-24.223566998485232,1.0,12.0,2019-02-15,2019-02-15,2019,2,GRACE-FO,February,Observed,-14.676800722273276
16,2019-03-01,Tonle Sap,-27.47141878326871,1.0,12.0,2019-03-16,2019-03-16,2019,3,GRACE-FO,March,Observed,-14.95216165415775
16,2019-04-01,Tonle Sap,-26.931454533975387,1.0,12.0,2019-04-16,2019-04-16,2019,4,GRACE-FO,April,Observed,-12.878000507912276
16,2019-05-01,Tonle Sap,-25.04592324035669,1.0,12.0,2019-05-16,2019-05-16,2019,5,GRACE-FO,May,Observed,-13.67880315456542
16,2019-06-01,Tonle Sap,-25.1054847417687,1.0,12.0,2019-06-16,2019-06-16,2019,6,GRACE-FO,June,Observed,-14.598675118753619
16,2019-07-01,Tonle Sap,-15.486388705962591,1.0,12.0,2019-07-16,2019-07-16,2019,7,GRACE-FO,July,Observed,-16.231078102174248
16,2019-08-01,Tonle Sap,-17.70577097300249,1.0,12.0,2019-08-16,2019-08-16,2019,8,GRACE-FO,August,Observed,-17.252839077039873
16,2019-09-01,Tonle Sap,9.937772100787932,1.0,12.0,2019-09-16,2019-09-16,2019,9,GRACE-FO,September,Observed,-17.955513724562344
16,2019-10-01,Tonle Sap,6.714563238951769,1.0,12.0,2019-10-16,2019-10-16,2019,10,GRACE-FO,October,Observed,-18.269109093326826
16,2019-11-01,Tonle Sap,-5.926583793950482,1.0,12.0,2019-11-16,2019-11-16,2019,11,GRACE-FO,November,Observed,-18.331938444552673
16,2019-12-01,Tonle Sap,-25.69485493498575,1.0,12.0,2019-12-16,2019-12-16,2019,12,GRACE-FO,December,Observed,-19.13076691214241
16,2020-01-01,Tonle Sap,-30.09495755846216,1.0,12.0,2020-01-16,2020-01-16,2020,1,GRACE-FO,January,Observed,-19.315188375467994
16,2020-02-01,Tonle Sap,-32.65566276875486,1.0,12.0,2020-02-15,2020-02-15,2020,2,GRACE-FO,February,Observed,-19.766118308835626
16,2020-03-01,Tonle Sap,-31.234563208442488,1.0,12.0,2020-03-16,2020-03-16,2020,3,GRACE-FO,March,Observed,-20.001700514117108
16,2020-04-01,Tonle Sap,-27.685406748685566,1.0,12.0,2020-04-16,2020-04-16,2020,4,GRACE-FO,April,Observed,-21.129102743249994
16,2020-05-01,Tonle Sap,-34.63186485143354,1.0,12.0,2020-05-16,2020-05-16,2020,5,GRACE-FO,May,Observed,-20.586337990226298
16,2020-06-01,Tonle Sap,-27.318542301675727,1.0,12.0,2020-06-16,2020-06-16,2020,6,GRACE-FO,June,Observed,-19.510605426672782
16,2020-07-01,Tonle Sap,-20.897547906374125,1.0,12.0,2020-07-16,2020-07-16,2020,7,GRACE-FO,July,Observed,-18.656267986607123
16,2020-08-01,Tonle Sap,-20.532757436380265,1.0,12.0,2020-08-16,2020-08-16,2020,8,GRACE-FO,August,Observed,-17.870227425758415
16,2020-09-01,Tonle Sap,-3.591054648806738,1.0,12.0,2020-09-16,2020-09-16,2020,9,GRACE-FO,September,Observed,-17.01568936056484
16,2020-10-01,Tonle Sap,13.227740275236123,1.0,12.0,2020-10-16,2020-10-16,2020,10,GRACE-FO,October,Observed,-16.255832333157482
16,2020-11-01,Tonle Sap,6.982206968691687,1.0,12.0,2020-11-16,2020-11-16,2020,11,GRACE-FO,November,Observed,-16.151011575412838
16,2020-12-01,Tonle Sap,-15.442805654197798,1.0,12.0,2020-12-16,2020-12-16,2020,12,GRACE-FO,December,Observed,-15.198851932282693
16,2021-01-01,Tonle Sap,-20.662470828277684,1.0,12.0,2021-01-16,2021-01-16,2021,1,GRACE-FO,January,Observed,-14.67855656961445
16,2021-02-01,Tonle Sap,-22.401205986431936,1.0,12.0,2021-02-15,2021-02-15,2021,2,GRACE-FO,February,Observed,-14.092725164850437
16,2021-03-01,Tonle Sap,-22.116278879554237,1.0,12.0,2021-03-16,2021-03-16,2021,3,GRACE-FO,March,Observed,-13.661034896100903
16,2021-04-01,Tonle Sap,-26.427557655749805,1.0,12.0,2021-04-16,2021-04-16,2021,4,GRACE-FO,April,Observed,-12.658604263783081
16,2021-05-01,Tonle Sap,-23.205949133871798,1.0,12.0,2021-05-16,2021-05-16,2021,5,GRACE-FO,May,Observed,-11.905638042364933
16,2021-06-01,Tonle Sap,-21.07499794965682,1.0,12.0,2021-06-16,2021-06-16,2021,6,GRACE-FO,June,Observed,-11.296438589077994
16,2021-07-01,Tonle Sap,-13.867571049205969,1.0,12.0,2021-07-16,2021-07-16,2021,7,GRACE-FO,July,Observed,-10.168835745945952
16,2021-08-01,Tonle Sap,-15.35247421138586,1.0,12.0,2021-08-16,2021-08-16,2021,8,GRACE-FO,August,Observed,-9.587854444358273
16,2021-09-01,Tonle Sap,8.438112939007127,1.0,12.0,2021-09-16,2021-09-16,2021,9,GRACE-FO,September,Observed,-8.851664473839245
16,2021-10-01,Tonle Sap,22.26333493225391,1.0,12.0,2021-10-16,2021-10-16,2021,10,GRACE-FO,October,Observed,-8.855393413840316
16,2021-11-01,Tonle Sap,14.292600408134959,1.0,12.0,2021-11-16,2021-11-16,2021,11,GRACE-FO,November,Observed,-8.436743604127633
16,2021-12-01,Tonle Sap,-1.9115715366132926,1.0,12.0,2021-12-16,2021-12-16,2021,12,GRACE-FO,December,Observed,-7.5448578140283376
16,2022-01-01,Tonle Sap,-13.69069520922555,1.0,12.0,2022-01-16,2022-01-16,2022,1,GRACE-FO,January,Observed,-6.645438928428695
16,2022-02-01,Tonle Sap,-13.56692634020358,1.0,12.0,2022-02-15,2022-02-15,2022,2,GRACE-FO,February,Observed,-5.9199006029416195
16,2022-03-01,Tonle Sap,-22.16102615956712,1.0,12.0,2022-03-16,2022-03-16,2022,3,GRACE-FO,March,Observed,-4.773091181705454
16,2022-04-01,Tonle Sap,-21.403759939197588,1.0,12.0,2022-04-16,2022-04-16,2022,4,GRACE-FO,April,Observed,-4.587479725098922
16,2022-05-01,Tonle Sap,-12.50331965268026,1.0,12.0,2022-05-16,2022-05-16,2022,5,GRACE-FO,May,Observed,-3.99960160738147
16,2022-06-01,Tonle Sap,-10.281971322461102,1.0,12.0,2022-06-16,2022-06-16,2022,6,GRACE-FO,June,Observed,-3.9990039960085255
16,2022-07-01,Tonle Sap,-5.161111143361069,1.0,12.0,2022-07-16,2022-07-16,2022,7,GRACE-FO,July,Observed,-3.609759585107724
16,2022-08-01,Tonle Sap,-1.5907611565518869,1.0,12.0,2022-08-16,2022-08-16,2022,8,GRACE-FO,August,Observed,-2.910598526623628
16,2022-09-01,Tonle Sap,10.665450418285518,1.0,12.0,2022-09-16,2022-09-16,2022,9,GRACE-FO,September,Observed,-3.1006925512837213
16,2022-10-01,Tonle Sap,29.31787234486333,1.0,12.0,2022-10-16,2022-10-16,2022,10,GRACE-FO,October,Observed,-2.9239722106354655
16,2022-11-01,Tonle Sap,14.299771744610297,1.0,12.0,2022-11-16,2022-11-16,2022,11,GRACE-FO,November,Observed,-3.1101773483471233
16,2022-12-01,Tonle Sap,2.759361394196331,1.0,12.0,2022-12-16,2022-12-16,2022,12,GRACE-FO,December,Observed,-4.286012214839321
16,2023-01-01,Tonle Sap,-5.300762507416401,1.0,12.0,2023-01-16,2023-01-16,2023,1,GRACE-FO,January,Observed,-4.9516972880954455
16,2023-02-01,Tonle Sap,-15.848054636124697,1.0,12.0,2023-02-15,2023-02-15,2023,2,GRACE-FO,February,Observed,-5.615360794156035
16,2023-03-01,Tonle Sap,-20.040382071788056,1.0,12.0,2023-03-16,2023-03-16,2023,3,GRACE-FO,March,Observed,-5.968275367837187
16,2023-04-01,Tonle Sap,-23.638221591737477,1.0,12.0,2023-04-16,2023-04-16,2023,4,GRACE-FO,April,Observed,-6.223344110354422
16,2023-05-01,Tonle Sap,-26.61333805058663,1.0,12.0,2023-05-16,2023-05-16,2023,5,GRACE-FO,May,Observed,-7.044264554204136
16,2023-06-01,Tonle Sap,-18.2701922015346,1.0,12.0,2023-06-16,2023-06-16,2023,6,GRACE-FO,June,Observed,-7.18061561844005
16,2023-07-01,Tonle Sap,-13.125073216088145,1.0,12.0,2023-07-16,2023-07-16,2023,7,GRACE-FO,July,Observed,-7.471747099262725
16,2023-08-01,Tonle Sap,-5.8257360407257,1.0,12.0,2023-08-16,2023-08-16,2023,8,GRACE-FO,August,Observed,-8.312411914974218
16,2023-09-01,Tonle Sap,7.604625508078705,1.0,12.0,2023-09-16,2023-09-16,2023,9,GRACE-FO,September,Observed,-8.964209771194643
16,2023-10-01,Tonle Sap,19.466827018666745,1.0,12.0,2023-10-16,2023-10-16,2023,10,GRACE-FO,October,Observed,-9.013071051209721
16,2023-11-01,Tonle Sap,12.663558973779322,1.0,12.0,2023-11-16,2023-11-16,2023,11,GRACE-FO,November,Observed,-9.821589277517434
16,2023-12-01,Tonle Sap,-0.734216375675764,1.0,12.0,2023-12-16,2023-12-16,2023,12,GRACE-FO,December,Observed,-10.31778894521103
16,2024-01-01,Tonle Sap,-15.388740295954305,1.0,12.0,2024-01-16,2024-01-16,2024,1,GRACE-FO,January,Observed,-10.978853035366113
16,2024-02-01,Tonle Sap,-23.669628910769802,1.0,12.0,2024-02-15,2024-02-15,2024,2,GRACE-FO,February,Observed,-10.683712168219982
16,2024-03-01,Tonle Sap,-20.626717431968988,1.0,12.0,2024-03-16,2024-03-16,2024,3,GRACE-FO,March,Observed,-11.108076300355009
16,2024-04-01,Tonle Sap,-33.340440307430036,1.0,12.0,2024-04-16,2024-04-16,2024,4,GRACE-FO,April,Observed,-11.008283872380972
16,2024-05-01,Tonle Sap,-32.567734062909786,1.0,12.0,2024-05-16,2024-05-16,2024,5,GRACE-FO,May,Observed,-11.40891848451281
16,2024-06-01,Tonle Sap,-26.202961283395574,1.0,12.0,2024-06-16,2024-06-16,2024,6,GRACE-FO,June,Observed,-13.597325526175734
16,2024-07-01,Tonle Sap,-9.583382810334596,1.0,12.0,2024-07-16,2024-07-16,2024,7,GRACE-FO,July,Observed,-14.883636441225729
16,2024-08-01,Tonle Sap,-10.918105626346039,1.0,12.0,2024-08-16,2024-08-16,2024,8,GRACE-FO,August,Observed,-14.827513790700332
16,2024-09-01,Tonle Sap,8.802134643767172,1.0,12.0,2024-09-16,2024-09-16,2024,9,GRACE-FO,September,Observed,-13.722249400691648
16,2024-10-01,Tonle Sap,14.659211673084666,1.0,12.0,2024-10-16,2024-10-16,2024,10,GRACE-FO,October,Observed,
17,2002-04-01,East Coast Gulf,-10.22732418319982,1.0,24.0,2002-04-18,2002-04-18,2002,4,GRACE,April,Observed,
17,2002-05-01,East Coast Gulf,-7.810373158981277,1.0,24.0,2002-05-10,2002-05-10,2002,5,GRACE,May,Observed,
17,2002-06-01,East Coast Gulf,,,,,,2002,6,GRACE,June,Missing,
17,2002-07-01,East Coast Gulf,,,,,,2002,7,GRACE,July,Missing,
17,2002-08-01,East Coast Gulf,24.766043524156625,1.0,24.0,2002-08-16,2002-08-16,2002,8,GRACE,August,Observed,20.66238081737638
17,2002-09-01,East Coast Gulf,41.72423719478061,1.0,24.0,2002-09-16,2002-09-16,2002,9,GRACE,September,Observed,19.08547012773837
17,2002-10-01,East Coast Gulf,51.32378810749349,1.0,24.0,2002-10-16,2002-10-16,2002,10,GRACE,October,Observed,17.024124637596778
17,2002-11-01,East Coast Gulf,37.91772335479842,1.0,24.0,2002-11-16,2002-11-16,2002,11,GRACE,November,Observed,16.849166618851967
17,2002-12-01,East Coast Gulf,21.104750444208744,1.0,24.0,2002-12-16,2002-12-16,2002,12,GRACE,December,Observed,16.892371926065746
17,2003-01-01,East Coast Gulf,6.500201255754247,1.0,24.0,2003-01-16,2003-01-16,2003,1,GRACE,January,Observed,16.892371926065746
17,2003-02-01,East Coast Gulf,6.470184610634295,1.0,24.0,2003-02-15,2003-02-15,2003,2,GRACE,February,Observed,15.459585774355746
17,2003-03-01,East Coast Gulf,-1.5279847736775602,1.0,24.0,2003-03-16,2003-03-16,2003,3,GRACE,March,Observed,15.196252379503276
17,2003-04-01,East Coast Gulf,-11.97690437064791,1.0,24.0,2003-04-16,2003-04-16,2003,4,GRACE,April,Observed,14.11119366489142
17,2003-05-01,East Coast Gulf,-7.378320086843494,1.0,24.0,2003-05-11,2003-05-11,2003,5,GRACE,May,Observed,12.851489486101366
17,2003-06-01,East Coast Gulf,,,,,,2003,6,GRACE,June,Missing,
17,2003-07-01,East Coast Gulf,1.1317242572557378,1.0,24.0,2003-07-16,2003-07-16,2003,7,GRACE,July,Observed,11.779363388065569
17,2003-08-01,East Coast Gulf,21.869376180779437,1.0,24.0,2003-08-16,2003-08-16,2003,8,GRACE,August,Observed,11.401077992626666
17,2003-09-01,East Coast Gulf,29.788591334050214,1.0,24.0,2003-09-16,2003-09-16,2003,9,GRACE,September,Observed,10.513746771287765
17,2003-10-01,East Coast Gulf,37.4670421408029,1.0,24.0,2003-10-16,2003-10-16,2003,10,GRACE,October,Observed,9.634590374056454
17,2003-11-01,East Coast Gulf,29.043599254011053,1.0,24.0,2003-11-16,2003-11-16,2003,11,GRACE,November,Observed,9.594346155817302
17,2003-12-01,East Coast Gulf,18.185487466602336,1.0,24.0,2003-12-16,2003-12-16,2003,12,GRACE,December,Observed,9.087190972564
17,2004-01-01,East Coast Gulf,2.3390619059263056,1.0,24.0,2004-01-07,2004-01-07,2004,1,GRACE,January,Observed,8.647669537230206
17,2004-02-01,East Coast Gulf,-3.2904588240936103,1.0,24.0,2004-02-17,2004-02-17,2004,2,GRACE,February,Observed,8.941527081859723
17,2004-03-01,East Coast Gulf,-11.198705143221979,1.0,24.0,2004-03-16,2004-03-16,2004,3,GRACE,March,Observed,8.814848517862394
17,2004-04-01,East Coast Gulf,-12.419590771278596,1.0,24.0,2004-04-16,2004-04-16,2004,4,GRACE,April,Observed,9.117033990667563
17,2004-05-01,East Coast Gulf,-12.957027102629805,1.0,24.0,2004-05-16,2004-05-16,2004,5,GRACE,May,Observed,9.012046974804145
17,2004-06-01,East Coast Gulf,3.8129337485584633,1.0,24.0,2004-06-16,2004-06-16,2004,6,GRACE,June,Observed,8.140671940350124
17,2004-07-01,East Coast Gulf,4.658014792809962,1.0,24.0,2004-07-16,2004-07-16,2004,7,GRACE,July,Observed,7.138052187357037
17,2004-08-01,East Coast Gulf,20.349233412811493,1.0,24.0,2004-08-16,2004-08-16,2004,8,GRACE,August,Observed,6.016926118253431
17,2004-09-01,East Coast Gulf,33.41481700771224,1.0,24.0,2004-09-16,2004-09-16,2004,9,GRACE,September,Observed,4.6685035888765976
17,2004-10-01,East Coast Gulf,36.20719795044188,1.0,24.0,2004-10-16,2004-10-16,2004,10,GRACE,October,Observed,4.07150371185395
17,2004-11-01,East Coast Gulf,18.5870988405628,1.0,24.0,2004-11-16,2004-11-16,2004,11,GRACE,November,Observed,3.4482948872283523
17,2004-12-01,East Coast Gulf,6.154050430685284,1.0,24.0,2004-12-16,2004-12-16,2004,12,GRACE,December,Observed,2.541341705248761
17,2005-01-01,East Coast Gulf,-11.11445092331696,1.0,24.0,2005-01-16,2005-01-16,2005,1,GRACE,January,Observed,0.4875074942145696
17,2005-02-01,East Coast Gulf,-19.471529176615615,1.0,24.0,2005-02-15,2005-02-15,2005,2,GRACE,February,Observed,-0.8864201982300538
17,2005-03-01,East Coast Gulf,-18.362703667493747,1.0,24.0,2005-03-16,2005-03-16,2005,3,GRACE,March,Observed,-2.285469016014282
17,2005-04-01,East Coast Gulf,-19.898096666785758,1.0,24.0,2005-04-16,2005-04-16,2005,4,GRACE,April,Observed,-3.5243899110995094
17,2005-05-01,East Coast Gulf,-23.840465286384912,1.0,24.0,2005-05-16,2005-05-16,2005,5,GRACE,May,Observed,-4.508519948315056
17,2005-06-01,East Coast Gulf,-20.83307678385183,1.0,24.0,2005-06-16,2005-06-16,2005,6,GRACE,June,Observed,-4.362545510286395
17,2005-07-01,East Coast Gulf,-11.82911751652552,1.0,24.0,2005-07-16,2005-07-16,2005,7,GRACE,July,Observed,-4.127358813798989
17,2005-08-01,East Coast Gulf,3.5606475994007605,1.0,24.0,2005-08-16,2005-08-16,2005,8,GRACE,August,Observed,-3.4443357417442204
17,2005-09-01,East Coast Gulf,18.547766266689504,1.0,24.0,2005-09-16,2005-09-16,2005,9,GRACE,September,Observed,-2.608168051414792
17,2005-10-01,East Coast Gulf,24.397637503855318,1.0,24.0,2005-10-16,2005-10-16,2005,10,GRACE,October,Observed,-2.3577267708801535
17,2005-11-01,East Coast Gulf,20.33879209690673,1.0,24.0,2005-11-16,2005-11-16,2005,11,GRACE,November,Observed,-2.183333766308646
17,2005-12-01,East Coast Gulf,8.976290788534165,1.0,24.0,2005-12-16,2005-12-16,2005,12,GRACE,December,Observed,-1.5337757832994285
17,2006-01-01,East Coast Gulf,-2.918174058659735,1.0,24.0,2006-01-16,2006-01-16,2006,1,GRACE,January,Observed,-0.892964081579147
17,2006-02-01,East Coast Gulf,-9.43751689266248,1.0,24.0,2006-02-15,2006-02-15,2006,2,GRACE,February,Observed,-0.374754394763059
17,2006-03-01,East Coast Gulf,-15.357408301078086,1.0,24.0,2006-03-16,2006-03-16,2006,3,GRACE,March,Observed,0.4153535503915779
17,2006-04-01,East Coast Gulf,-17.805380611927667,1.0,24.0,2006-04-16,2006-04-16,2006,4,GRACE,April,Observed,1.0691635181277244
17,2006-05-01,East Coast Gulf,-16.045769490274303,1.0,24.0,2006-05-16,2006-05-16,2006,5,GRACE,May,Observed,1.9767230915218843
17,2006-06-01,East Coast Gulf,-13.14333636320845,1.0,24.0,2006-06-16,2006-06-16,2006,6,GRACE,June,Observed,2.021512608831674
17,2006-07-01,East Coast Gulf,-5.610601274732464,1.0,24.0,2006-07-16,2006-07-16,2006,7,GRACE,July,Observed,2.0030214401597766
17,2006-08-01,East Coast Gulf,13.041942941256403,1.0,24.0,2006-08-16,2006-08-16,2006,8,GRACE,August,Observed,2.031953826331332
17,2006-09-01,East Coast Gulf,26.39348587952326,1.0,24.0,2006-09-16,2006-09-16,2006,9,GRACE,September,Observed,1.6807178312375266
17,2006-10-01,East Coast Gulf,35.28835238458524,1.0,24.0,2006-10-16,2006-10-16,2006,10,GRACE,October,Observed,1.4142539459462327
17,2006-11-01,East Coast Gulf,20.876266304624206,1.0,24.0,2006-11-16,2006-11-16,2006,11,GRACE,November,Observed,1.4432187784208008
17,2006-12-01,East Coast Gulf,8.754396764471394,1.0,24.0,2006-12-16,2006-12-16,2006,12,GRACE,December,Observed,1.521062955018639
17,2007-01-01,East Coast Gulf,-2.570985424601069,1.0,24.0,2007-01-16,2007-01-16,2007,1,GRACE,January,Observed,1.684079229146444
17,2007-02-01,East Coast Gulf,-13.652348833788142,1.0,24.0,2007-02-14,2007-02-14,2007,2,GRACE,February,Observed,1.7456231094291201
17,2007-03-01,East Coast Gulf,-18.55497492457362,1.0,24.0,2007-03-16,2007-03-16,2007,3,GRACE,March,Observed,1.1785234173632981
17,2007-04-01,East Coast Gulf,-17.457802622232848,1.0,24.0,2007-04-16,2007-04-16,2007,4,GRACE,April,Observed,-0.028570273547520248
17,2007-05-01,East Coast Gulf,-15.111639371100237,1.0,24.0,2007-05-16,2007-05-16,2007,5,GRACE,May,Observed,-1.0114083425393277
17,2007-06-01,East Coast Gulf,-11.187141073674796,1.0,24.0,2007-06-16,2007-06-16,2007,6,GRACE,June,Observed,-1.10957014590514
17,2007-07-01,East Coast Gulf,-4.8720747113403515,1.0,24.0,2007-07-16,2007-07-16,2007,7,GRACE,July,Observed,-1.4285715208398724
17,2007-08-01,East Coast Gulf,6.236746636466542,1.0,24.0,2007-08-16,2007-08-16,2007,8,GRACE,August,Observed,-1.7520570156565956
17,2007-09-01,East Coast Gulf,11.908361588593442,1.0,24.0,2007-09-16,2007-09-16,2007,9,GRACE,September,Observed,-1.5956297243216262
17,2007-10-01,East Coast Gulf,23.49429555668355,1.0,24.0,2007-10-16,2007-10-16,2007,10,GRACE,October,Observed,-1.4329139892373284
17,2007-11-01,East Coast Gulf,19.69832466423446,1.0,24.0,2007-11-16,2007-11-16,2007,11,GRACE,November,Observed,-1.6023261172645389
17,2007-12-01,East Coast Gulf,4.926380265254602,1.0,24.0,2007-12-16,2007-12-16,2007,12,GRACE,December,Observed,-1.6188190509138245
17,2008-01-01,East Coast Gulf,-6.452811362401746,1.0,24.0,2008-01-16,2008-01-16,2008,1,GRACE,January,Observed,-1.443913445556955
17,2008-02-01,East Coast Gulf,-11.77522133776851,1.0,24.0,2008-02-15,2008-02-15,2008,2,GRACE,February,Observed,-1.3405978615996943
17,2008-03-01,East Coast Gulf,-16.602386103562047,1.0,24.0,2008-03-16,2008-03-16,2008,3,GRACE,March,Observed,-1.7040689489353376
17,2008-04-01,East Coast Gulf,-19.490748158559374,1.0,24.0,2008-04-16,2008-04-16,2008,4,GRACE,April,Observed,-1.3385827828871255
17,2008-05-01,East Coast Gulf,-15.309554574891663,1.0,24.0,2008-05-16,2008-05-16,2008,5,GRACE,May,Observed,-1.5715280471748596
17,2008-06-01,East Coast Gulf,-9.088273809392366,1.0,24.0,2008-06-16,2008-06-16,2008,6,GRACE,June,Observed,-1.599075215259339
17,2008-07-01,East Coast Gulf,-3.63228770385322,1.0,24.0,2008-07-16,2008-07-16,2008,7,GRACE,July,Observed,-1.5909231894175149
17,2008-08-01,East Coast Gulf,1.8750935884388231,1.0,24.0,2008-08-16,2008-08-16,2008,8,GRACE,August,Observed,-1.333868525839862
17,2008-09-01,East Coast Gulf,16.294195581171987,1.0,24.0,2008-09-16,2008-09-16,2008,9,GRACE,September,Observed,-1.7621583339445832
17,2008-10-01,East Coast Gulf,20.69895238523074,1.0,24.0,2008-10-16,2008-10-16,2008,10,GRACE,October,Observed,-1.8627079908255677
17,2008-11-01,East Coast Gulf,19.367758647220704,1.0,24.0,2008-11-16,2008-11-16,2008,11,GRACE,November,Observed,-1.6590673026692146
17,2008-12-01,East Coast Gulf,5.024204575356488,1.0,24.0,2008-12-16,2008-12-16,2008,12,GRACE,December,Observed,-1.7059720604258573
17,2009-01-01,East Coast Gulf,-3.3681553994699067,1.0,24.0,2009-01-16,2009-01-16,2009,1,GRACE,January,Observed,-1.7968316500194923
17,2009-02-01,East Coast Gulf,-16.914699035025166,1.0,24.0,2009-02-15,2009-02-15,2009,2,GRACE,February,Observed,-2.092067489761033
17,2009-03-01,East Coast Gulf,-17.808981986133862,1.0,24.0,2009-03-16,2009-03-16,2009,3,GRACE,March,Observed,-2.061776815311488
17,2009-04-01,East Coast Gulf,-17.047059900683138,1.0,24.0,2009-04-16,2009-04-16,2009,4,GRACE,April,Observed,-2.240934213934688
17,2009-05-01,East Coast Gulf,-15.872411667971372,1.0,24.0,2009-05-16,2009-05-16,2009,5,GRACE,May,Observed,-1.7236131857900852
17,2009-06-01,East Coast Gulf,-10.178588884515987,1.0,24.0,2009-06-16,2009-06-16,2009,6,GRACE,June,Observed,-1.842527592451809
17,2009-07-01,East Coast Gulf,-7.1751177807517115,1.0,24.0,2009-07-16,2009-07-16,2009,7,GRACE,July,Observed,-1.9942200566015227
17,2009-08-01,East Coast Gulf,2.238581681833362,1.0,24.0,2009-08-16,2009-08-16,2009,8,GRACE,August,Observed,-2.3382498505210836
17,2009-09-01,East Coast Gulf,14.144306797693593,1.0,24.0,2009-09-16,2009-09-16,2009,9,GRACE,September,Observed,-2.1747292855017077
17,2009-10-01,East Coast Gulf,26.906804722965965,1.0,24.0,2009-10-16,2009-10-16,2009,10,GRACE,October,Observed,-2.2319264312617833
17,2009-11-01,East Coast Gulf,17.94078576728002,1.0,24.0,2009-11-16,2009-11-16,2009,11,GRACE,November,Observed,-2.5723420626020257
17,2009-12-01,East Coast Gulf,3.2038950055599305,1.0,24.0,2009-12-16,2009-12-16,2009,12,GRACE,December,Observed,-3.1870445786955823
17,2010-01-01,East Coast Gulf,-7.496512926504638,1.0,24.0,2010-01-16,2010-01-16,2010,1,GRACE,January,Observed,-4.32036864814297
17,2010-02-01,East Coast Gulf,-14.952452254792657,1.0,24.0,2010-02-15,2010-02-15,2010,2,GRACE,February,Observed,-4.917188781021146
17,2010-03-01,East Coast Gulf,-18.495347735254768,1.0,24.0,2010-03-16,2010-03-16,2010,3,GRACE,March,Observed,-5.585357112768622
17,2010-04-01,East Coast Gulf,-21.132047476766047,1.0,24.0,2010-04-16,2010-04-16,2010,4,GRACE,April,Observed,-6.218652200467713
17,2010-05-01,East Coast Gulf,-23.24884186109405,1.0,24.0,2010-05-16,2010-05-16,2010,5,GRACE,May,Observed,-7.109356025317402
17,2010-06-01,East Coast Gulf,-23.778477717884634,1.0,24.0,2010-06-16,2010-06-16,2010,6,GRACE,June,Observed,-7.393059518941732
17,2010-07-01,East Coast Gulf,-14.336959375289831,1.0,24.0,2010-07-16,2010-07-16,2010,7,GRACE,July,Observed,-7.6370519638864485
17,2010-08-01,East Coast Gulf,-5.7794382991363396,1.0,24.0,2010-08-16,2010-08-16,2010,8,GRACE,August,Observed,-7.649828240012067
17,2010-09-01,East Coast Gulf,6.544765745304489,1.0,24.0,2010-09-16,2010-09-16,2010,9,GRACE,September,Observed,-7.621152034628452
17,2010-10-01,East Coast Gulf,16.2183588247697,1.0,24.0,2010-10-16,2010-10-16,2010,10,GRACE,October,Observed,-7.278897837312778
17,2010-11-01,East Coast Gulf,14.536343843788067,1.0,24.0,2010-11-16,2010-11-16,2010,11,GRACE,November,Observed,-6.918935595481619
17,2010-12-01,East Coast Gulf,0.27598566622332543,1.0,24.0,2010-12-14,2010-12-14,2010,12,GRACE,December,Observed,-6.47219014348588
17,2011-01-01,East Coast Gulf,,,,,,2011,1,GRACE,January,Missing,
17,2011-02-01,East Coast Gulf,-14.637013995572877,1.0,24.0,2011-02-18,2011-02-18,2011,2,GRACE,February,Observed,-3.8837855946732263
17,2011-03-01,East Coast Gulf,-14.730551564782365,1.0,24.0,2011-03-16,2011-03-16,2011,3,GRACE,March,Observed,-2.521675894748583
17,2011-04-01,East Coast Gulf,-17.172462816623295,1.0,24.0,2011-04-16,2011-04-16,2011,4,GRACE,April,Observed,-0.9754655023547603
17,2011-05-01,East Coast Gulf,-18.33464188914093,1.0,24.0,2011-05-16,2011-05-16,2011,5,GRACE,May,Observed,0.7510903903666805
17,2011-06-01,East Coast Gulf,,,,,,2011,6,GRACE,June,Missing,
17,2011-07-01,East Coast Gulf,-5.759201461562039,1.0,24.0,2011-07-18,2011-07-18,2011,7,GRACE,July,Observed,-0.41954517049933543
17,2011-08-01,East Coast Gulf,7.841658700110089,1.0,24.0,2011-08-16,2011-08-16,2011,8,GRACE,August,Observed,-0.8576071386554712
17,2011-09-01,East Coast Gulf,22.006869669242718,1.0,24.0,2011-09-16,2011-09-16,2011,9,GRACE,September,Observed,-0.4826337179669283
17,2011-10-01,East Coast Gulf,33.48391775198411,2.0,48.0,2011-10-16,2011-10-31,2011,10,GRACE,October,Observed,-0.9834306459122413
17,2011-11-01,East Coast Gulf,,,,,,2011,11,GRACE,November,Missing,
17,2011-12-01,East Coast Gulf,3.52551907185057,1.0,24.0,2011-12-28,2011-12-28,2011,12,GRACE,December,Observed,1.0886070814432856
17,2012-01-01,East Coast Gulf,-4.800164852060693,1.0,24.0,2012-01-16,2012-01-16,2012,1,GRACE,January,Observed,-1.0329033681938902
17,2012-02-01,East Coast Gulf,-10.887279788687449,1.0,24.0,2012-02-15,2012-02-15,2012,2,GRACE,February,Observed,-1.1368567137483523
17,2012-03-01,East Coast Gulf,-19.738520844235495,1.0,24.0,2012-03-16,2012-03-16,2012,3,GRACE,March,Observed,-2.533727077488174
17,2012-04-01,East Coast Gulf,-15.875334513652241,1.0,24.0,2012-04-04,2012-04-04,2012,4,GRACE,April,Observed,-3.851530151123842
17,2012-05-01,East Coast Gulf,,,,,,2012,5,GRACE,May,Missing,
17,2012-06-01,East Coast Gulf,-20.126497414928473,1.0,24.0,2012-06-16,2012-06-16,2012,6,GRACE,June,Observed,-5.936217523754278
17,2012-07-01,East Coast Gulf,-6.798734917106661,1.0,24.0,2012-07-16,2012-07-16,2012,7,GRACE,July,Observed,-6.271884954212287
17,2012-08-01,East Coast Gulf,-6.127044937288129,1.0,24.0,2012-08-16,2012-08-16,2012,8,GRACE,August,Observed,-6.510197090297746
17,2012-09-01,East Coast Gulf,8.828838932886045,1.0,24.0,2012-09-13,2012-09-13,2012,9,GRACE,September,Observed,-6.81891191898894
17,2012-10-01,East Coast Gulf,,,,,,2012,10,GRACE,October,Missing,
17,2012-11-01,East Coast Gulf,12.637044025679742,1.0,24.0,2012-11-18,2012-11-18,2012,11,GRACE,November,Observed,-5.728204629500348
17,2012-12-01,East Coast Gulf,0.16884476727048214,1.0,24.0,2012-12-16,2012-12-16,2012,12,GRACE,December,Observed,-7.505126683402343
17,2013-01-01,East Coast Gulf,-7.183286212915273,1.0,24.0,2013-01-16,2013-01-16,2013,1,GRACE,January,Observed,-7.604842736793624
17,2013-02-01,East Coast Gulf,-13.974428075599398,1.0,24.0,2013-02-14,2013-02-14,2013,2,GRACE,February,Observed,-7.742233351671869
17,2013-03-01,East Coast Gulf,,,,,,2013,3,GRACE,March,Missing,
17,2013-04-01,East Coast Gulf,-18.97857783350147,1.0,24.0,2013-04-21,2013-04-21,2013,4,GRACE,April,Observed,-10.015515939039576
17,2013-05-01,East Coast Gulf,-23.497425168520305,1.0,24.0,2013-05-16,2013-05-16,2013,5,GRACE,May,Observed,-5.477850923305148
17,2013-06-01,East Coast Gulf,-21.12365794884128,1.0,24.0,2013-06-16,2013-06-16,2013,6,GRACE,June,Observed,-4.5806928623374255
17,2013-07-01,East Coast Gulf,-8.172641065889108,1.0,24.0,2013-07-16,2013-07-16,2013,7,GRACE,July,Observed,-3.272049641056845
17,2013-08-01,East Coast Gulf,,,,,,2013,8,GRACE,August,Missing,
17,2013-09-01,East Coast Gulf,,,,,,2013,9,GRACE,September,Missing,
17,2013-10-01,East Coast Gulf,30.823469202570276,1.0,24.0,2013-10-16,2013-10-16,2013,10,GRACE,October,Observed,-2.7834825019213376
17,2013-11-01,East Coast Gulf,20.711466574389238,1.0,24.0,2013-11-16,2013-11-16,2013,11,GRACE,November,Observed,-3.1124980410714347
17,2013-12-01,East Coast Gulf,11.946633758795716,1.0,24.0,2013-12-16,2013-12-16,2013,12,GRACE,December,Observed,-2.6191558571963878
17,2014-01-01,East Coast Gulf,-1.0824468173123627,1.0,24.0,2014-01-09,2014-01-09,2014,1,GRACE,January,Observed,-2.519573355329206
17,2014-02-01,East Coast Gulf,,,,,,2014,2,GRACE,February,Missing,
17,2014-03-01,East Coast Gulf,-15.678163218982743,1.0,24.0,2014-03-17,2014-03-17,2014,3,GRACE,March,Observed,-1.131578638464924
17,2014-04-01,East Coast Gulf,-21.939717685852344,1.0,24.0,2014-04-16,2014-04-16,2014,4,GRACE,April,Observed,0.3057050283229241
17,2014-05-01,East Coast Gulf,-19.057345513644883,1.0,24.0,2014-05-16,2014-05-16,2014,5,GRACE,May,Observed,-1.034063265864529
17,2014-06-01,East Coast Gulf,-20.227415432036643,1.0,24.0,2014-06-13,2014-06-13,2014,6,GRACE,June,Observed,-2.2742044177586407
17,2014-07-01,East Coast Gulf,,,,,,2014,7,GRACE,July,Missing,
17,2014-08-01,East Coast Gulf,4.319311385889429,1.0,24.0,2014-08-16,2014-08-16,2014,8,GRACE,August,Observed,-4.8123491019583
17,2014-09-01,East Coast Gulf,13.24125802941356,1.0,24.0,2014-09-16,2014-09-16,2014,9,GRACE,September,Observed,-5.364399911502238
17,2014-10-01,East Coast Gulf,17.425786260695745,1.0,24.0,2014-10-16,2014-10-16,2014,10,GRACE,October,Observed,-5.878067560980034
17,2014-11-01,East Coast Gulf,8.310055055448121,1.0,24.0,2014-11-16,2014-11-16,2014,11,GRACE,November,Observed,-6.403073268967316
17,2014-12-01,East Coast Gulf,,,,,,2014,12,GRACE,December,Missing,
17,2015-01-01,East Coast Gulf,-9.704910798554934,1.0,24.0,2015-01-22,2015-01-22,2015,1,GRACE,January,Observed,-3.0932464679989544
17,2015-02-01,East Coast Gulf,-10.332857197397686,1.0,24.0,2015-02-15,2015-02-15,2015,2,GRACE,February,Observed,-4.07883247976773
17,2015-03-01,East Coast Gulf,-20.814839713760705,1.0,24.0,2015-03-16,2015-03-16,2015,3,GRACE,March,Observed,-6.427765532581968
17,2015-04-01,East Coast Gulf,-27.18977476572516,2.0,48.0,2015-04-16,2015-04-27,2015,4,GRACE,April,Observed,-8.311404445283314
17,2015-05-01,East Coast Gulf,,,,,,2015,5,GRACE,May,Missing,
17,2015-06-01,East Coast Gulf,,,,,,2015,6,GRACE,June,Missing,
17,2015-07-01,East Coast Gulf,-11.96352057391793,1.0,24.0,2015-07-15,2015-07-15,2015,7,GRACE,July,Observed,-13.848993334250235
17,2015-08-01,East Coast Gulf,-16.821086089438715,1.0,24.0,2015-08-16,2015-08-16,2015,8,GRACE,August,Observed,-14.737852963824233
17,2015-09-01,East Coast Gulf,-3.711492184898553,1.0,24.0,2015-09-14,2015-09-14,2015,9,GRACE,September,Observed,-15.494594121438883
17,2015-10-01,East Coast Gulf,,,,,,2015,10,GRACE,October,Missing,
17,2015-11-01,East Coast Gulf,,,,,,2015,11,GRACE,November,Missing,
17,2015-12-01,East Coast Gulf,-10.253465350308181,1.0,24.0,2015-12-23,2015-12-23,2015,12,GRACE,December,Observed,-16.134478041053224
17,2016-01-01,East Coast Gulf,-16.815787835146935,1.0,24.0,2016-01-16,2016-01-16,2016,1,GRACE,January,Observed,-17.9323299100516
17,2016-02-01,East Coast Gulf,-16.38678645831488,1.0,24.0,2016-02-14,2016-02-14,2016,2,GRACE,February,Observed,-18.086957281755918
17,2016-03-01,East Coast Gulf,-24.919561745848544,1.0,24.0,2016-03-16,2016-03-16,2016,3,GRACE,March,Observed,-17.212564545391555
17,2016-04-01,East Coast Gulf,,,,,,2016,4,GRACE,April,Missing,
17,2016-05-01,East Coast Gulf,-28.20412409055205,1.0,24.0,2016-05-20,2016-05-20,2016,5,GRACE,May,Observed,-18.90019859045318
17,2016-06-01,East Coast Gulf,-32.3151448620386,1.0,24.0,2016-06-16,2016-06-16,2016,6,GRACE,June,Observed,-15.398291615393886
17,2016-07-01,East Coast Gulf,-13.355166919256817,1.0,24.0,2016-07-15,2016-07-15,2016,7,GRACE,July,Observed,-14.10942450931084
17,2016-08-01,East Coast Gulf,-8.951551462159408,1.0,24.0,2016-08-21,2016-08-21,2016,8,GRACE,August,Observed,-12.64936719977405
17,2016-09-01,East Coast Gulf,,,,,,2016,9,GRACE,September,Missing,
17,2016-10-01,East Coast Gulf,,,,,,2016,10,GRACE,October,Missing,
17,2016-11-01,East Coast Gulf,12.616964185080446,1.0,24.0,2016-11-27,2016-11-27,2016,11,GRACE,November,Observed,-12.089328349342304
17,2016-12-01,East Coast Gulf,1.3463386044392462,1.0,24.0,2016-12-24,2016-12-24,2016,12,GRACE,December,Observed,-11.161578515635576
17,2017-01-01,East Coast Gulf,-3.675272049315841,1.0,24.0,2017-01-21,2017-01-21,2017,1,GRACE,January,Observed,-8.865832903257504
17,2017-02-01,East Coast Gulf,,,,,,2017,2,GRACE,February,Missing,
17,2017-03-01,East Coast Gulf,-16.51822676255009,1.0,24.0,2017-03-31,2017-03-31,2017,3,GRACE,March,Observed,
17,2017-04-01,East Coast Gulf,-19.74777178772762,1.0,24.0,2017-04-24,2017-04-24,2017,4,GRACE,April,Observed,
17,2017-05-01,East Coast Gulf,-19.8543755871915,1.0,24.0,2017-05-13,2017-05-13,2017,5,GRACE,May,Observed,
17,2017-06-01,East Coast Gulf,-11.653434350635926,1.0,24.0,2017-06-10,2017-06-10,2017,6,GRACE,June,Observed,
17,2017-07-01,East Coast Gulf,,,,,,2017,7,Mission gap,July,Missing,
17,2017-08-01,East Coast Gulf,,,,,,2017,8,Mission gap,August,Missing,
17,2017-09-01,East Coast Gulf,,,,,,2017,9,Mission gap,September,Missing,
17,2017-10-01,East Coast Gulf,,,,,,2017,10,Mission gap,October,Missing,
17,2017-11-01,East Coast Gulf,,,,,,2017,11,Mission gap,November,Missing,
17,2017-12-01,East Coast Gulf,,,,,,2017,12,Mission gap,December,Missing,
17,2018-01-01,East Coast Gulf,,,,,,2018,1,Mission gap,January,Missing,
17,2018-02-01,East Coast Gulf,,,,,,2018,2,Mission gap,February,Missing,
17,2018-03-01,East Coast Gulf,,,,,,2018,3,Mission gap,March,Missing,
17,2018-04-01,East Coast Gulf,,,,,,2018,4,Mission gap,April,Missing,
17,2018-05-01,East Coast Gulf,,,,,,2018,5,GRACE-FO,May,Missing,
17,2018-06-01,East Coast Gulf,-11.338166513324822,1.0,24.0,2018-06-16,2018-06-16,2018,6,GRACE-FO,June,Observed,
17,2018-07-01,East Coast Gulf,-9.033745507192418,1.0,24.0,2018-07-10,2018-07-10,2018,7,GRACE-FO,July,Observed,
17,2018-08-01,East Coast Gulf,,,,,,2018,8,GRACE-FO,August,Missing,
17,2018-09-01,East Coast Gulf,,,,,,2018,9,GRACE-FO,September,Missing,
17,2018-10-01,East Coast Gulf,17.63792634266172,1.0,24.0,2018-10-31,2018-10-31,2018,10,GRACE-FO,October,Observed,-6.599290777374055
17,2018-11-01,East Coast Gulf,7.172169745036275,1.0,24.0,2018-11-16,2018-11-16,2018,11,GRACE-FO,November,Observed,-8.67462475052864
17,2018-12-01,East Coast Gulf,-2.4195526318983576,1.0,24.0,2018-12-16,2018-12-16,2018,12,GRACE-FO,December,Observed,-10.432383337667186
17,2019-01-01,East Coast Gulf,-10.665127964743272,1.0,24.0,2019-01-16,2019-01-16,2019,1,GRACE-FO,January,Observed,-11.94447928560992
17,2019-02-01,East Coast Gulf,-19.999434771256933,1.0,24.0,2019-02-15,2019-02-15,2019,2,GRACE-FO,February,Observed,-12.917035188567436
17,2019-03-01,East Coast Gulf,-24.148394918274622,1.0,24.0,2019-03-16,2019-03-16,2019,3,GRACE-FO,March,Observed,-13.169707596416542
17,2019-04-01,East Coast Gulf,-25.27729653576531,1.0,24.0,2019-04-16,2019-04-16,2019,4,GRACE-FO,April,Observed,-11.567084279954868
17,2019-05-01,East Coast Gulf,-26.252210621914106,1.0,24.0,2019-05-16,2019-05-16,2019,5,GRACE-FO,May,Observed,-12.55549117187622
17,2019-06-01,East Coast Gulf,-26.459125992752167,1.0,24.0,2019-06-16,2019-06-16,2019,6,GRACE-FO,June,Observed,-13.238215105877964
17,2019-07-01,East Coast Gulf,-18.759304536767576,1.0,24.0,2019-07-16,2019-07-16,2019,7,GRACE-FO,July,Observed,-14.617319579125423
17,2019-08-01,East Coast Gulf,-15.696431674907593,1.0,24.0,2019-08-16,2019-08-16,2019,8,GRACE-FO,August,Observed,-15.57280014118532
17,2019-09-01,East Coast Gulf,6.061772201123559,1.0,24.0,2019-09-16,2019-09-16,2019,9,GRACE-FO,September,Observed,-16.070383724542335
17,2019-10-01,East Coast Gulf,5.777043639605471,1.0,24.0,2019-10-16,2019-10-16,2019,10,GRACE-FO,October,Observed,-16.313259459040555
17,2019-11-01,East Coast Gulf,-1.0205174629846807,1.0,24.0,2019-11-16,2019-11-16,2019,11,GRACE-FO,November,Observed,-16.111004229441
17,2019-12-01,East Coast Gulf,-18.96880631086785,1.0,24.0,2019-12-16,2019-12-16,2019,12,GRACE-FO,December,Observed,-16.41841633066818
17,2020-01-01,East Coast Gulf,-22.13089470946204,1.0,24.0,2020-01-16,2020-01-16,2020,1,GRACE-FO,January,Observed,-16.59311934553721
17,2020-02-01,East Coast Gulf,-25.970437771541057,1.0,24.0,2020-02-15,2020-02-15,2020,2,GRACE-FO,February,Observed,-16.85414267039958
17,2020-03-01,East Coast Gulf,-27.062903732253332,1.0,24.0,2020-03-16,2020-03-16,2020,3,GRACE-FO,March,Observed,-16.936511846390633
17,2020-04-01,East Coast Gulf,-22.850233780570598,1.0,24.0,2020-04-16,2020-04-16,2020,4,GRACE-FO,April,Observed,-17.613569630790884
17,2020-05-01,East Coast Gulf,-29.941155836640274,1.0,24.0,2020-05-16,2020-05-16,2020,5,GRACE-FO,May,Observed,-17.152418835669362
17,2020-06-01,East Coast Gulf,-28.555562171180547,1.0,24.0,2020-06-16,2020-06-16,2020,6,GRACE-FO,June,Observed,-16.411663718952198
17,2020-07-01,East Coast Gulf,-21.89158443511598,1.0,24.0,2020-07-16,2020-07-16,2020,7,GRACE-FO,July,Observed,-15.819680069350483
17,2020-08-01,East Coast Gulf,-16.68486178680026,1.0,24.0,2020-08-16,2020-08-16,2020,8,GRACE-FO,August,Observed,-14.983042542892477
17,2020-09-01,East Coast Gulf,-2.0629212116794475,1.0,24.0,2020-09-16,2020-09-16,2020,9,GRACE-FO,September,Observed,-14.195139931113097
17,2020-10-01,East Coast Gulf,11.310853181063749,1.0,24.0,2020-10-16,2020-10-16,2020,10,GRACE-FO,October,Observed,-13.478273192434967
17,2020-11-01,East Coast Gulf,7.868543937621258,1.0,24.0,2020-11-16,2020-11-16,2020,11,GRACE-FO,November,Observed,-13.710588854574752
17,2020-12-01,East Coast Gulf,-11.86500251564725,1.0,24.0,2020-12-16,2020-12-16,2020,12,GRACE-FO,December,Observed,-13.276484686429939
17,2021-01-01,East Coast Gulf,-12.091244391965988,1.0,24.0,2021-01-16,2021-01-16,2021,1,GRACE-FO,January,Observed,-12.82446077200293
17,2021-02-01,East Coast Gulf,-16.51560643018847,1.0,24.0,2021-02-15,2021-02-15,2021,2,GRACE-FO,February,Observed,-12.405045201190964
17,2021-03-01,East Coast Gulf,-18.460502868115775,1.0,24.0,2021-03-16,2021-03-16,2021,3,GRACE-FO,March,Observed,-12.07423578499529
17,2021-04-01,East Coast Gulf,-25.638021726248024,1.0,24.0,2021-04-16,2021-04-16,2021,4,GRACE-FO,April,Observed,-11.588553201125238
17,2021-05-01,East Coast Gulf,-24.73190581890252,1.0,24.0,2021-05-16,2021-05-16,2021,5,GRACE-FO,May,Observed,-11.078439189256073
17,2021-06-01,East Coast Gulf,-23.131275198056436,1.0,24.0,2021-06-16,2021-06-16,2021,6,GRACE-FO,June,Observed,-10.637205563623434
17,2021-07-01,East Coast Gulf,-16.858597585372376,1.0,24.0,2021-07-16,2021-07-16,2021,7,GRACE-FO,July,Observed,-9.392902344695328
17,2021-08-01,East Coast Gulf,-12.715148792452194,1.0,24.0,2021-08-16,2021-08-16,2021,8,GRACE-FO,August,Observed,-9.154040503306042
17,2021-09-01,East Coast Gulf,3.7652697947611875,1.0,24.0,2021-09-16,2021-09-16,2021,9,GRACE-FO,September,Observed,-8.200094487000671
17,2021-10-01,East Coast Gulf,17.432221323493703,1.0,24.0,2021-10-16,2021-10-16,2021,10,GRACE-FO,October,Observed,-8.229919127484893
17,2021-11-01,East Coast Gulf,13.16334744521295,1.0,24.0,2021-11-16,2021-11-16,2021,11,GRACE-FO,November,Observed,-7.694599936314572
17,2021-12-01,East Coast Gulf,3.0666361114900313,1.0,24.0,2021-12-16,2021-12-16,2021,12,GRACE-FO,December,Observed,-6.843952832315928
17,2022-01-01,East Coast Gulf,-9.22490229529458,1.0,24.0,2022-01-16,2022-01-16,2022,1,GRACE-FO,January,Observed,-6.111214314319997
17,2022-02-01,East Coast Gulf,-5.068254234524007,1.0,24.0,2022-02-15,2022-02-15,2022,2,GRACE-FO,February,Observed,-5.546055857074717
17,2022-03-01,East Coast Gulf,-18.818398553926425,1.0,24.0,2022-03-16,2022-03-16,2022,3,GRACE-FO,March,Observed,-5.011378907032572
17,2022-04-01,East Coast Gulf,-19.214191432204192,1.0,24.0,2022-04-16,2022-04-16,2022,4,GRACE-FO,April,Observed,-4.906055580406568
17,2022-05-01,East Coast Gulf,-14.524140570918783,1.0,24.0,2022-05-16,2022-05-16,2022,5,GRACE-FO,May,Observed,-4.4055808990246295
17,2022-06-01,East Coast Gulf,-14.338412982105277,1.0,24.0,2022-06-16,2022-06-16,2022,6,GRACE-FO,June,Observed,-4.327040762644996
17,2022-07-01,East Coast Gulf,-10.076696098429016,1.0,24.0,2022-07-16,2022-07-16,2022,7,GRACE-FO,July,Observed,-3.9242936099073282
17,2022-08-01,East Coast Gulf,-6.299025391946455,1.0,24.0,2022-08-16,2022-08-16,2022,8,GRACE-FO,August,Observed,-3.1991902647668113
17,2022-09-01,East Coast Gulf,5.029149714273244,1.0,24.0,2022-09-16,2022-09-16,2022,9,GRACE-FO,September,Observed,-3.6486840189357532
17,2022-10-01,East Coast Gulf,23.437917500076967,1.0,24.0,2022-10-16,2022-10-16,2022,10,GRACE-FO,October,Observed,-3.329824970956595
17,2022-11-01,East Coast Gulf,14.105829081768555,1.0,24.0,2022-11-16,2022-11-16,2022,11,GRACE-FO,November,Observed,-3.4726451569909678
17,2022-12-01,East Coast Gulf,7.899601944342045,1.0,24.0,2022-12-16,2022-12-16,2022,12,GRACE-FO,December,Observed,-4.6215668493933535
17,2023-01-01,East Coast Gulf,-0.5236621536083853,1.0,24.0,2023-01-16,2023-01-16,2023,1,GRACE-FO,January,Observed,-5.253836011547073
17,2023-02-01,East Coast Gulf,-10.462179284551304,1.0,24.0,2023-02-15,2023-02-15,2023,2,GRACE-FO,February,Observed,-5.880705605294743
17,2023-03-01,East Coast Gulf,-14.992089978176523,1.0,24.0,2023-03-16,2023-03-16,2023,3,GRACE-FO,March,Observed,-6.056598417107739
17,2023-04-01,East Coast Gulf,-20.928033664616667,1.0,24.0,2023-04-16,2023-04-16,2023,4,GRACE-FO,April,Observed,-6.30232676632647
17,2023-05-01,East Coast Gulf,-28.311200879747407,1.0,24.0,2023-05-16,2023-05-16,2023,5,GRACE-FO,May,Observed,-6.961723579146919
17,2023-06-01,East Coast Gulf,-21.92564292794992,1.0,24.0,2023-06-16,2023-06-16,2023,6,GRACE-FO,June,Observed,-6.974581331117115
17,2023-07-01,East Coast Gulf,-17.599131223401056,1.0,24.0,2023-07-16,2023-07-16,2023,7,GRACE-FO,July,Observed,-7.47399402717341
17,2023-08-01,East Coast Gulf,-8.409739133702406,1.0,24.0,2023-08-16,2023-08-16,2023,8,GRACE-FO,August,Observed,-8.32498937637891
17,2023-09-01,East Coast Gulf,2.080409523648478,1.0,24.0,2023-09-16,2023-09-16,2023,9,GRACE-FO,September,Observed,-8.988802686853854
17,2023-10-01,East Coast Gulf,15.525155746231574,1.0,24.0,2023-10-16,2023-10-16,2023,10,GRACE-FO,October,Observed,-9.214859876176734
17,2023-11-01,East Coast Gulf,13.951536058126203,1.0,24.0,2023-11-16,2023-11-16,2023,11,GRACE-FO,November,Observed,-10.02425823742214
17,2023-12-01,East Coast Gulf,1.9066495916664952,1.0,24.0,2023-12-16,2023-12-16,2023,12,GRACE-FO,December,Observed,-10.238288002474318
17,2024-01-01,East Coast Gulf,-10.735606344074384,1.0,24.0,2024-01-16,2024-01-16,2024,1,GRACE-FO,January,Observed,-10.788150228271773
17,2024-02-01,East Coast Gulf,-18.427939010250604,1.0,24.0,2024-02-15,2024-02-15,2024,2,GRACE-FO,February,Observed,-10.471446526996905
17,2024-03-01,East Coast Gulf,-17.704776250051083,1.0,24.0,2024-03-16,2024-03-16,2024,3,GRACE-FO,March,Observed,-10.651920680015392
17,2024-04-01,East Coast Gulf,-30.640813999561562,1.0,24.0,2024-04-16,2024-04-16,2024,4,GRACE-FO,April,Observed,-10.625453435926362
17,2024-05-01,East Coast Gulf,-30.879558060373544,1.0,24.0,2024-05-16,2024-05-16,2024,5,GRACE-FO,May,Observed,-11.130172935670066
17,2024-06-01,East Coast Gulf,-28.523989637519374,1.0,24.0,2024-06-16,2024-06-16,2024,6,GRACE-FO,June,Observed,-13.410328298742455
17,2024-07-01,East Coast Gulf,-13.798686808102644,1.0,24.0,2024-07-16,2024-07-16,2024,7,GRACE-FO,July,Observed,-14.942026087783347
17,2024-08-01,East Coast Gulf,-10.575428969924264,1.0,24.0,2024-08-16,2024-08-16,2024,8,GRACE-FO,August,Observed,-15.409406059306567
17,2024-09-01,East Coast Gulf,2.3980164527168784,1.0,24.0,2024-09-16,2024-09-16,2024,9,GRACE-FO,September,Observed,-15.032089440438561
17,2024-10-01,East Coast Gulf,9.468521749307104,1.0,24.0,2024-10-16,2024-10-16,2024,10,GRACE-FO,October,Observed,
18,2002-04-01,Phetchaburi - Prachuap Khiri Khan,-5.237504816951469,1.0,22.0,2002-04-18,2002-04-18,2002,4,GRACE,April,Observed,
18,2002-05-01,Phetchaburi - Prachuap Khiri Khan,-2.3620924391338773,1.0,22.0,2002-05-10,2002-05-10,2002,5,GRACE,May,Observed,
18,2002-06-01,Phetchaburi - Prachuap Khiri Khan,,,,,,2002,6,GRACE,June,Missing,
18,2002-07-01,Phetchaburi - Prachuap Khiri Khan,,,,,,2002,7,GRACE,July,Missing,
18,2002-08-01,Phetchaburi - Prachuap Khiri Khan,9.222343068222001,1.0,22.0,2002-08-16,2002-08-16,2002,8,GRACE,August,Observed,13.08505839016946
18,2002-09-01,Phetchaburi - Prachuap Khiri Khan,15.777390081189486,1.0,22.0,2002-09-16,2002-09-16,2002,9,GRACE,September,Observed,13.32844759554478
18,2002-10-01,Phetchaburi - Prachuap Khiri Khan,29.874618080511777,1.0,22.0,2002-10-16,2002-10-16,2002,10,GRACE,October,Observed,13.499471783001743
18,2002-11-01,Phetchaburi - Prachuap Khiri Khan,28.080361880407416,1.0,22.0,2002-11-16,2002-11-16,2002,11,GRACE,November,Observed,13.706131388839072
18,2002-12-01,Phetchaburi - Prachuap Khiri Khan,17.06388899791331,1.0,22.0,2002-12-16,2002-12-16,2002,12,GRACE,December,Observed,13.989535839582075
18,2003-01-01,Phetchaburi - Prachuap Khiri Khan,12.261462269197029,1.0,22.0,2003-01-16,2003-01-16,2003,1,GRACE,January,Observed,13.989535839582075
18,2003-02-01,Phetchaburi - Prachuap Khiri Khan,15.275561238547356,1.0,22.0,2003-02-15,2003-02-15,2003,2,GRACE,February,Observed,13.46990273248283
18,2003-03-01,Phetchaburi - Prachuap Khiri Khan,15.038689470114415,1.0,22.0,2003-03-16,2003-03-16,2003,3,GRACE,March,Observed,13.87901481631651
18,2003-04-01,Phetchaburi - Prachuap Khiri Khan,-3.1709087585781783,1.0,22.0,2003-04-16,2003-04-16,2003,4,GRACE,April,Observed,13.431145982634945
18,2003-05-01,Phetchaburi - Prachuap Khiri Khan,0.4719520682961241,1.0,22.0,2003-05-11,2003-05-11,2003,5,GRACE,May,Observed,12.585604434463908
18,2003-06-01,Phetchaburi - Prachuap Khiri Khan,,,,,,2003,6,GRACE,June,Missing,
18,2003-07-01,Phetchaburi - Prachuap Khiri Khan,8.273571661490353,1.0,22.0,2003-07-16,2003-07-16,2003,7,GRACE,July,Observed,12.536674809636379
18,2003-08-01,Phetchaburi - Prachuap Khiri Khan,13.722575990392516,1.0,22.0,2003-08-16,2003-08-16,2003,8,GRACE,August,Observed,11.996178488532445
18,2003-09-01,Phetchaburi - Prachuap Khiri Khan,10.85083291069227,1.0,22.0,2003-09-16,2003-09-16,2003,9,GRACE,September,Observed,11.708459698652911
18,2003-10-01,Phetchaburi - Prachuap Khiri Khan,20.573661050630367,1.0,22.0,2003-10-16,2003-10-16,2003,10,GRACE,October,Observed,10.36983113188055
18,2003-11-01,Phetchaburi - Prachuap Khiri Khan,19.88995306838298,1.0,22.0,2003-11-16,2003-11-16,2003,11,GRACE,November,Observed,10.382526402874502
18,2003-12-01,Phetchaburi - Prachuap Khiri Khan,24.716071936834943,1.0,22.0,2003-12-16,2003-12-16,2003,12,GRACE,December,Observed,9.757352684388458
18,2004-01-01,Phetchaburi - Prachuap Khiri Khan,6.316002737053765,1.0,22.0,2004-01-07,2004-01-07,2004,1,GRACE,January,Observed,10.196391113443765
18,2004-02-01,Phetchaburi - Prachuap Khiri Khan,12.110654549872464,1.0,22.0,2004-02-17,2004-02-17,2004,2,GRACE,February,Observed,10.443638701236662
18,2004-03-01,Phetchaburi - Prachuap Khiri Khan,0.31377523561843756,1.0,22.0,2004-03-16,2004-03-16,2004,3,GRACE,March,Observed,10.07113531850747
18,2004-04-01,Phetchaburi - Prachuap Khiri Khan,-3.031260777644681,1.0,22.0,2004-04-16,2004-04-16,2004,4,GRACE,April,Observed,10.231680551073376
18,2004-05-01,Phetchaburi - Prachuap Khiri Khan,-6.404958835050368,1.0,22.0,2004-05-16,2004-05-16,2004,5,GRACE,May,Observed,10.15186202920639
18,2004-06-01,Phetchaburi - Prachuap Khiri Khan,15.025813833052124,1.0,22.0,2004-06-16,2004-06-16,2004,6,GRACE,June,Observed,9.825908483823548
18,2004-07-01,Phetchaburi - Prachuap Khiri Khan,11.240542715005118,1.0,22.0,2004-07-16,2004-07-16,2004,7,GRACE,July,Observed,8.52029224624186
18,2004-08-01,Phetchaburi - Prachuap Khiri Khan,9.252535397642214,1.0,22.0,2004-08-16,2004-08-16,2004,8,GRACE,August,Observed,7.765119555476171
18,2004-09-01,Phetchaburi - Prachuap Khiri Khan,12.777375701483162,1.0,22.0,2004-09-16,2004-09-16,2004,9,GRACE,September,Observed,5.90835523109736
18,2004-10-01,Phetchaburi - Prachuap Khiri Khan,19.6158387882265,1.0,22.0,2004-10-16,2004-10-16,2004,10,GRACE,October,Observed,5.086220656777428
18,2004-11-01,Phetchaburi - Prachuap Khiri Khan,15.97851052378891,1.0,22.0,2004-11-16,2004-11-16,2004,11,GRACE,November,Observed,4.3175917012972915
18,2004-12-01,Phetchaburi - Prachuap Khiri Khan,9.048677085854681,1.0,22.0,2004-12-16,2004-12-16,2004,12,GRACE,December,Observed,3.540726015742924
18,2005-01-01,Phetchaburi - Prachuap Khiri Khan,-2.746069552134524,1.0,22.0,2005-01-16,2005-01-16,2005,1,GRACE,January,Observed,1.0689308211480937
18,2005-02-01,Phetchaburi - Prachuap Khiri Khan,-10.170517342673266,1.0,22.0,2005-02-15,2005-02-15,2005,2,GRACE,February,Observed,-0.8020384843784129
18,2005-03-01,Phetchaburi - Prachuap Khiri Khan,-9.551839656220736,1.0,22.0,2005-03-16,2005-03-16,2005,3,GRACE,March,Observed,-1.6860923136186245
18,2005-04-01,Phetchaburi - Prachuap Khiri Khan,-12.25480824340632,1.0,22.0,2005-04-16,2005-04-16,2005,4,GRACE,April,Observed,-2.4136601859086713
18,2005-05-01,Phetchaburi - Prachuap Khiri Khan,-15.72734706170278,1.0,22.0,2005-05-16,2005-05-16,2005,5,GRACE,May,Observed,-3.1470005460200046
18,2005-06-01,Phetchaburi - Prachuap Khiri Khan,-14.635728502085838,1.0,22.0,2005-06-16,2005-06-16,2005,6,GRACE,June,Observed,-3.5882063779850424
18,2005-07-01,Phetchaburi - Prachuap Khiri Khan,-11.211088951312961,1.0,22.0,2005-07-16,2005-07-16,2005,7,GRACE,July,Observed,-3.590729235121605
18,2005-08-01,Phetchaburi - Prachuap Khiri Khan,-1.3561105532403224,1.0,22.0,2005-08-16,2005-08-16,2005,8,GRACE,August,Observed,-3.36273326775792
18,2005-09-01,Phetchaburi - Prachuap Khiri Khan,4.046561234002603,1.0,22.0,2005-09-16,2005-09-16,2005,9,GRACE,September,Observed,-2.5547701516097434
18,2005-10-01,Phetchaburi - Prachuap Khiri Khan,10.815754466890493,1.0,22.0,2005-10-16,2005-10-16,2005,10,GRACE,October,Observed,-2.2389566841301627
18,2005-11-01,Phetchaburi - Prachuap Khiri Khan,10.68404054020845,1.0,22.0,2005-11-16,2005-11-16,2005,11,GRACE,November,Observed,-2.045725199007319
18,2005-12-01,Phetchaburi - Prachuap Khiri Khan,9.018402800215942,1.0,22.0,2005-12-16,2005-12-16,2005,12,GRACE,December,Observed,-1.5636300467392263
18,2006-01-01,Phetchaburi - Prachuap Khiri Khan,-0.010117943770306576,1.0,22.0,2006-01-16,2006-01-16,2006,1,GRACE,January,Observed,-0.905048456108244
18,2006-02-01,Phetchaburi - Prachuap Khiri Khan,-0.4749599488951499,1.0,22.0,2006-02-15,2006-02-15,2006,2,GRACE,February,Observed,-0.05365911821578279
18,2006-03-01,Phetchaburi - Prachuap Khiri Khan,-5.762078046465769,1.0,22.0,2006-03-16,2006-03-16,2006,3,GRACE,March,Observed,0.46928852568656537
18,2006-04-01,Phetchaburi - Prachuap Khiri Khan,-9.936030421932193,1.0,22.0,2006-04-16,2006-04-16,2006,4,GRACE,April,Observed,0.8506128379812777
18,2006-05-01,Phetchaburi - Prachuap Khiri Khan,-9.942205234485666,1.0,22.0,2006-05-16,2006-05-16,2006,5,GRACE,May,Observed,1.2113907737194185
18,2006-06-01,Phetchaburi - Prachuap Khiri Khan,-6.732749414514052,1.0,22.0,2006-06-16,2006-06-16,2006,6,GRACE,June,Observed,1.1352417370359593
18,2006-07-01,Phetchaburi - Prachuap Khiri Khan,-0.9944168966034258,1.0,22.0,2006-07-16,2006-07-16,2006,7,GRACE,July,Observed,1.0500484085036002
18,2006-08-01,Phetchaburi - Prachuap Khiri Khan,4.919261173587856,1.0,22.0,2006-08-16,2006-08-16,2006,8,GRACE,August,Observed,1.3787532288513502
18,2006-09-01,Phetchaburi - Prachuap Khiri Khan,8.622452981539151,1.0,22.0,2006-09-16,2006-09-16,2006,9,GRACE,September,Observed,1.186890594673886
18,2006-10-01,Phetchaburi - Prachuap Khiri Khan,15.145089695748181,1.0,22.0,2006-10-16,2006-10-16,2006,10,GRACE,October,Observed,0.9474766206411077
18,2006-11-01,Phetchaburi - Prachuap Khiri Khan,9.770252100006939,1.0,22.0,2006-11-16,2006-11-16,2006,11,GRACE,November,Observed,1.0170350863691886
18,2006-12-01,Phetchaburi - Prachuap Khiri Khan,7.996082857827632,1.0,22.0,2006-12-16,2006-12-16,2006,12,GRACE,December,Observed,1.0098781962326264
18,2007-01-01,Phetchaburi - Prachuap Khiri Khan,3.9343399004026955,1.0,22.0,2007-01-16,2007-01-16,2007,1,GRACE,January,Observed,0.9333439006303639
18,2007-02-01,Phetchaburi - Prachuap Khiri Khan,-2.77731155902472,1.0,22.0,2007-02-14,2007-02-14,2007,2,GRACE,February,Observed,0.7753440778468695
18,2007-03-01,Phetchaburi - Prachuap Khiri Khan,-8.635045734859112,1.0,22.0,2007-03-16,2007-03-16,2007,3,GRACE,March,Observed,0.18727629286987038
18,2007-04-01,Phetchaburi - Prachuap Khiri Khan,-9.10132883319522,1.0,22.0,2007-04-16,2007-04-16,2007,4,GRACE,April,Observed,-0.22275833667042588
18,2007-05-01,Phetchaburi - Prachuap Khiri Khan,-10.028087916124413,1.0,22.0,2007-05-16,2007-05-16,2007,5,GRACE,May,Observed,-0.6686126504691545
18,2007-06-01,Phetchaburi - Prachuap Khiri Khan,-7.651160961741202,1.0,22.0,2007-06-16,2007-06-16,2007,6,GRACE,June,Observed,-0.5357812704891461
18,2007-07-01,Phetchaburi - Prachuap Khiri Khan,-2.890414770005356,1.0,22.0,2007-07-16,2007-07-16,2007,7,GRACE,July,Observed,-0.8134167771075825
18,2007-08-01,Phetchaburi - Prachuap Khiri Khan,-2.1375522461361345,1.0,22.0,2007-08-16,2007-08-16,2007,8,GRACE,August,Observed,-1.255320332553593
18,2007-09-01,Phetchaburi - Prachuap Khiri Khan,3.7020374270555965,1.0,22.0,2007-09-16,2007-09-16,2007,9,GRACE,September,Observed,-1.322143755714708
18,2007-10-01,Phetchaburi - Prachuap Khiri Khan,9.794837930163439,1.0,22.0,2007-10-16,2007-10-16,2007,10,GRACE,October,Observed,-1.3901713742220767
18,2007-11-01,Phetchaburi - Prachuap Khiri Khan,11.36422865976704,1.0,22.0,2007-11-16,2007-11-16,2007,11,GRACE,November,Observed,-1.5718032513745712
18,2007-12-01,Phetchaburi - Prachuap Khiri Khan,4.664456778406394,1.0,22.0,2007-12-16,2007-12-16,2007,12,GRACE,December,Observed,-1.668469237321819
18,2008-01-01,Phetchaburi - Prachuap Khiri Khan,-1.36850276494943,1.0,22.0,2008-01-16,2008-01-16,2008,1,GRACE,January,Observed,-1.6628876413497276
18,2008-02-01,Phetchaburi - Prachuap Khiri Khan,-3.579192636958099,1.0,22.0,2008-02-15,2008-02-15,2008,2,GRACE,February,Observed,-1.6886992488572579
18,2008-03-01,Phetchaburi - Prachuap Khiri Khan,-9.451377156947537,1.0,22.0,2008-03-16,2008-03-16,2008,3,GRACE,March,Observed,-1.53086871380886
18,2008-04-01,Phetchaburi - Prachuap Khiri Khan,-11.280911359025158,1.0,22.0,2008-04-16,2008-04-16,2008,4,GRACE,April,Observed,-1.6358878550236546
18,2008-05-01,Phetchaburi - Prachuap Khiri Khan,-11.188079747491386,1.0,22.0,2008-05-16,2008-05-16,2008,5,GRACE,May,Observed,-1.824906303730871
18,2008-06-01,Phetchaburi - Prachuap Khiri Khan,-7.584181810076101,1.0,22.0,2008-06-16,2008-06-16,2008,6,GRACE,June,Observed,-1.8385338811947307
18,2008-07-01,Phetchaburi - Prachuap Khiri Khan,-3.2001540600957212,1.0,22.0,2008-07-16,2008-07-16,2008,7,GRACE,July,Observed,-1.8910126547575923
18,2008-08-01,Phetchaburi - Prachuap Khiri Khan,-0.24358582555535754,1.0,22.0,2008-08-16,2008-08-16,2008,8,GRACE,August,Observed,-1.739950026728799
18,2008-09-01,Phetchaburi - Prachuap Khiri Khan,2.4418077324780585,1.0,22.0,2008-09-16,2008-09-16,2008,9,GRACE,September,Observed,-2.2035037632851164
18,2008-10-01,Phetchaburi - Prachuap Khiri Khan,7.526616545676843,1.0,22.0,2008-10-16,2008-10-16,2008,10,GRACE,October,Observed,-2.2579816286633707
18,2008-11-01,Phetchaburi - Prachuap Khiri Khan,11.200697730200721,1.0,22.0,2008-11-16,2008-11-16,2008,11,GRACE,November,Observed,-2.2668541679315806
18,2008-12-01,Phetchaburi - Prachuap Khiri Khan,4.034711495652053,1.0,22.0,2008-12-16,2008-12-16,2008,12,GRACE,December,Observed,-2.296630618401945
18,2009-01-01,Phetchaburi - Prachuap Khiri Khan,0.44424877139609115,1.0,22.0,2009-01-16,2009-01-16,2009,1,GRACE,January,Observed,-2.304297494750674
18,2009-02-01,Phetchaburi - Prachuap Khiri Khan,-9.141837475633906,1.0,22.0,2009-02-15,2009-02-15,2009,2,GRACE,February,Observed,-2.799858561972472
18,2009-03-01,Phetchaburi - Prachuap Khiri Khan,-10.105111541486584,1.0,22.0,2009-03-16,2009-03-16,2009,3,GRACE,March,Observed,-2.9864207399111433
18,2009-04-01,Phetchaburi - Prachuap Khiri Khan,-11.387381830243678,1.0,22.0,2009-04-16,2009-04-16,2009,4,GRACE,April,Observed,-3.105009493061368
18,2009-05-01,Phetchaburi - Prachuap Khiri Khan,-11.545397153135761,1.0,22.0,2009-05-16,2009-05-16,2009,5,GRACE,May,Observed,-3.07771147687239
18,2009-06-01,Phetchaburi - Prachuap Khiri Khan,-7.676184326260848,1.0,22.0,2009-06-16,2009-06-16,2009,6,GRACE,June,Observed,-3.212566864409556
18,2009-07-01,Phetchaburi - Prachuap Khiri Khan,-9.146886866757297,1.0,22.0,2009-07-16,2009-07-16,2009,7,GRACE,July,Observed,-3.2751821173427635
18,2009-08-01,Phetchaburi - Prachuap Khiri Khan,-2.4823319608194123,1.0,22.0,2009-08-16,2009-08-16,2009,8,GRACE,August,Observed,-3.4143498115940485
18,2009-09-01,Phetchaburi - Prachuap Khiri Khan,1.0187426946753635,1.0,22.0,2009-09-16,2009-09-16,2009,9,GRACE,September,Observed,-3.173690614147817
18,2009-10-01,Phetchaburi - Prachuap Khiri Khan,7.8541927399445735,1.0,22.0,2009-10-16,2009-10-16,2009,10,GRACE,October,Observed,-2.960367323645686
18,2009-11-01,Phetchaburi - Prachuap Khiri Khan,9.58243307975473,1.0,22.0,2009-11-16,2009-11-16,2009,11,GRACE,November,Observed,-3.022089629641726
18,2009-12-01,Phetchaburi - Prachuap Khiri Khan,3.283328460453564,1.0,22.0,2009-12-16,2009-12-16,2009,12,GRACE,December,Observed,-3.1186223809147244
18,2010-01-01,Phetchaburi - Prachuap Khiri Khan,-1.2257635596193326,1.0,22.0,2010-01-16,2010-01-16,2010,1,GRACE,January,Observed,-3.856701092885713
18,2010-02-01,Phetchaburi - Prachuap Khiri Khan,-6.253927106279122,1.0,22.0,2010-02-15,2010-02-15,2010,2,GRACE,February,Observed,-3.9783987435265833
18,2010-03-01,Phetchaburi - Prachuap Khiri Khan,-7.5452320554610175,1.0,22.0,2010-03-16,2010-03-16,2010,3,GRACE,March,Observed,-3.867951540339559
18,2010-04-01,Phetchaburi - Prachuap Khiri Khan,-12.128049502196156,1.0,22.0,2010-04-16,2010-04-16,2010,4,GRACE,April,Observed,-3.7333291133286632
18,2010-05-01,Phetchaburi - Prachuap Khiri Khan,-12.703790168411745,1.0,22.0,2010-05-16,2010-05-16,2010,5,GRACE,May,Observed,-3.8094952524771073
18,2010-06-01,Phetchaburi - Prachuap Khiri Khan,-16.533128869912712,1.0,22.0,2010-06-16,2010-06-16,2010,6,GRACE,June,Observed,-3.840376852010395
18,2010-07-01,Phetchaburi - Prachuap Khiri Khan,-10.607258674447737,1.0,22.0,2010-07-16,2010-07-16,2010,7,GRACE,July,Observed,-3.860680561303367
18,2010-08-01,Phetchaburi - Prachuap Khiri Khan,-1.1569655225751188,1.0,22.0,2010-08-16,2010-08-16,2010,8,GRACE,August,Observed,-4.10021847054737
18,2010-09-01,Phetchaburi - Prachuap Khiri Khan,2.6342118188061105,1.0,22.0,2010-09-16,2010-09-16,2010,9,GRACE,September,Observed,-4.273853395627623
18,2010-10-01,Phetchaburi - Prachuap Khiri Khan,6.940199070163246,1.0,22.0,2010-10-16,2010-10-16,2010,10,GRACE,October,Observed,-4.077002889981847
18,2010-11-01,Phetchaburi - Prachuap Khiri Khan,9.211853885355271,1.0,22.0,2010-11-16,2010-11-16,2010,11,GRACE,November,Observed,-3.846816279171946
18,2010-12-01,Phetchaburi - Prachuap Khiri Khan,3.0396839489379097,1.0,22.0,2010-12-14,2010-12-14,2010,12,GRACE,December,Observed,-3.78328404440428
18,2011-01-01,Phetchaburi - Prachuap Khiri Khan,,,,,,2011,1,GRACE,January,Missing,
18,2011-02-01,Phetchaburi - Prachuap Khiri Khan,-8.163911282161914,1.0,22.0,2011-02-18,2011-02-18,2011,2,GRACE,February,Observed,-1.9250628795897717
18,2011-03-01,Phetchaburi - Prachuap Khiri Khan,-5.379876493357471,1.0,22.0,2011-03-16,2011-03-16,2011,3,GRACE,March,Observed,-1.880339411764385
18,2011-04-01,Phetchaburi - Prachuap Khiri Khan,-9.595996783287246,1.0,22.0,2011-04-16,2011-04-16,2011,4,GRACE,April,Observed,-1.6744245841236771
18,2011-05-01,Phetchaburi - Prachuap Khiri Khan,-12.004935585967417,1.0,22.0,2011-05-16,2011-05-16,2011,5,GRACE,May,Observed,-1.0823999600776937
18,2011-06-01,Phetchaburi - Prachuap Khiri Khan,,,,,,2011,6,GRACE,June,Missing,
18,2011-07-01,Phetchaburi - Prachuap Khiri Khan,-4.774891851811095,1.0,22.0,2011-07-18,2011-07-18,2011,7,GRACE,July,Observed,-2.130640250681172
18,2011-08-01,Phetchaburi - Prachuap Khiri Khan,-0.7097308443212522,1.0,22.0,2011-08-16,2011-08-16,2011,8,GRACE,August,Observed,-2.08634412307533
18,2011-09-01,Phetchaburi - Prachuap Khiri Khan,4.693360095213191,1.0,22.0,2011-09-16,2011-09-16,2011,9,GRACE,September,Observed,-2.1512723728933723
18,2011-10-01,Phetchaburi - Prachuap Khiri Khan,12.860445310623081,2.0,44.0,2011-10-16,2011-10-31,2011,10,GRACE,October,Observed,-2.4870125005884622
18,2011-11-01,Phetchaburi - Prachuap Khiri Khan,,,,,,2011,11,GRACE,November,Missing,
18,2011-12-01,Phetchaburi - Prachuap Khiri Khan,3.8997751789395707,1.0,22.0,2011-12-28,2011-12-28,2011,12,GRACE,December,Observed,-1.4970991383977892
18,2012-01-01,Phetchaburi - Prachuap Khiri Khan,-1.6876789746227507,1.0,22.0,2012-01-16,2012-01-16,2012,1,GRACE,January,Observed,-2.827309304920889
18,2012-02-01,Phetchaburi - Prachuap Khiri Khan,-8.813193780342338,1.0,22.0,2012-02-15,2012-02-15,2012,2,GRACE,February,Observed,-3.115998098758994
18,2012-03-01,Phetchaburi - Prachuap Khiri Khan,-8.737277770308372,1.0,22.0,2012-03-16,2012-03-16,2012,3,GRACE,March,Observed,-3.3552892290179934
18,2012-04-01,Phetchaburi - Prachuap Khiri Khan,-10.20469960895014,1.0,22.0,2012-04-04,2012-04-04,2012,4,GRACE,April,Observed,-3.5750300446649432
18,2012-05-01,Phetchaburi - Prachuap Khiri Khan,,,,,,2012,5,GRACE,May,Missing,
18,2012-06-01,Phetchaburi - Prachuap Khiri Khan,-14.79920080362879,1.0,22.0,2012-06-16,2012-06-16,2012,6,GRACE,June,Observed,-4.182186052603801
18,2012-07-01,Phetchaburi - Prachuap Khiri Khan,-7.661779790192143,1.0,22.0,2012-07-16,2012-07-16,2012,7,GRACE,July,Observed,-4.220998115018498
18,2012-08-01,Phetchaburi - Prachuap Khiri Khan,-3.1026421469112497,1.0,22.0,2012-08-16,2012-08-16,2012,8,GRACE,August,Observed,-3.8708364263668087
18,2012-09-01,Phetchaburi - Prachuap Khiri Khan,2.4959519387436933,1.0,22.0,2012-09-13,2012-09-13,2012,9,GRACE,September,Observed,-3.1582116762488583
18,2012-10-01,Phetchaburi - Prachuap Khiri Khan,,,,,,2012,10,GRACE,October,Missing,
18,2012-11-01,Phetchaburi - Prachuap Khiri Khan,6.788885231234507,1.0,22.0,2012-11-18,2012-11-18,2012,11,GRACE,November,Observed,-2.575362981848405
18,2012-12-01,Phetchaburi - Prachuap Khiri Khan,3.5116545547925964,1.0,22.0,2012-12-16,2012-12-16,2012,12,GRACE,December,Observed,-3.6432635858339673
18,2013-01-01,Phetchaburi - Prachuap Khiri Khan,1.8139379118941434,1.0,22.0,2013-01-16,2013-01-16,2013,1,GRACE,January,Observed,-3.456436668176225
18,2013-02-01,Phetchaburi - Prachuap Khiri Khan,-1.686946279162836,1.0,22.0,2013-02-14,2013-02-14,2013,2,GRACE,February,Observed,-3.362963335430842
18,2013-03-01,Phetchaburi - Prachuap Khiri Khan,,,,,,2013,3,GRACE,March,Missing,
18,2013-04-01,Phetchaburi - Prachuap Khiri Khan,-10.538127453405568,1.0,22.0,2013-04-21,2013-04-21,2013,4,GRACE,April,Observed,-4.127867893267608
18,2013-05-01,Phetchaburi - Prachuap Khiri Khan,-13.254369021704031,1.0,22.0,2013-05-16,2013-05-16,2013,5,GRACE,May,Observed,-2.0433638777453087
18,2013-06-01,Phetchaburi - Prachuap Khiri Khan,-12.930931627051368,1.0,22.0,2013-06-16,2013-06-16,2013,6,GRACE,June,Observed,-1.7624057691431423
18,2013-07-01,Phetchaburi - Prachuap Khiri Khan,-6.727046462738305,1.0,22.0,2013-07-16,2013-07-16,2013,7,GRACE,July,Observed,-1.4265950299518826
18,2013-08-01,Phetchaburi - Prachuap Khiri Khan,,,,,,2013,8,GRACE,August,Missing,
18,2013-09-01,Phetchaburi - Prachuap Khiri Khan,,,,,,2013,9,GRACE,September,Missing,
18,2013-10-01,Phetchaburi - Prachuap Khiri Khan,14.63266824643308,1.0,22.0,2013-10-16,2013-10-16,2013,10,GRACE,October,Observed,-2.034450018198189
18,2013-11-01,Phetchaburi - Prachuap Khiri Khan,9.317508208654006,1.0,22.0,2013-11-16,2013-11-16,2013,11,GRACE,November,Observed,-2.7671970709084195
18,2013-12-01,Phetchaburi - Prachuap Khiri Khan,6.533951207513934,1.0,22.0,2013-12-16,2013-12-16,2013,12,GRACE,December,Observed,-2.6925014768003233
18,2014-01-01,Phetchaburi - Prachuap Khiri Khan,2.3289708139788883,1.0,22.0,2014-01-09,2014-01-09,2014,1,GRACE,January,Observed,-3.017940174647123
18,2014-02-01,Phetchaburi - Prachuap Khiri Khan,,,,,,2014,2,GRACE,February,Missing,
18,2014-03-01,Phetchaburi - Prachuap Khiri Khan,-7.6726740754643386,1.0,22.0,2014-03-17,2014-03-17,2014,3,GRACE,March,Observed,-2.4721283324042203
18,2014-04-01,Phetchaburi - Prachuap Khiri Khan,-17.132850927797644,1.0,22.0,2014-04-16,2014-04-16,2014,4,GRACE,April,Observed,-2.1318610828728874
18,2014-05-01,Phetchaburi - Prachuap Khiri Khan,-12.582108674731165,1.0,22.0,2014-05-16,2014-05-16,2014,5,GRACE,May,Observed,-2.9887279752414173
18,2014-06-01,Phetchaburi - Prachuap Khiri Khan,-15.859879907672564,1.0,22.0,2014-06-13,2014-06-13,2014,6,GRACE,June,Observed,-3.330494861299144
18,2014-07-01,Phetchaburi - Prachuap Khiri Khan,,,,,,2014,7,GRACE,July,Missing,
18,2014-08-01,Phetchaburi - Prachuap Khiri Khan,-1.814739882552182,1.0,22.0,2014-08-16,2014-08-16,2014,8,GRACE,August,Observed,-4.4839505238855795
18,2014-09-01,Phetchaburi - Prachuap Khiri Khan,0.9305441629091089,1.0,22.0,2014-09-16,2014-09-16,2014,9,GRACE,September,Observed,-4.4059641184965965
18,2014-10-01,Phetchaburi - Prachuap Khiri Khan,6.06399932274778,1.0,22.0,2014-10-16,2014-10-16,2014,10,GRACE,October,Observed,-4.729193552096186
18,2014-11-01,Phetchaburi - Prachuap Khiri Khan,5.899839348076743,1.0,22.0,2014-11-16,2014-11-16,2014,11,GRACE,November,Observed,-4.472628060571656
18,2014-12-01,Phetchaburi - Prachuap Khiri Khan,,,,,,2014,12,GRACE,December,Missing,
18,2015-01-01,Phetchaburi - Prachuap Khiri Khan,1.8123159195140386,1.0,22.0,2015-01-22,2015-01-22,2015,1,GRACE,January,Observed,-2.0355365029141046
18,2015-02-01,Phetchaburi - Prachuap Khiri Khan,-3.704086469995741,1.0,22.0,2015-02-15,2015-02-15,2015,2,GRACE,February,Observed,-2.901392429589036
18,2015-03-01,Phetchaburi - Prachuap Khiri Khan,-10.904968411460242,1.0,22.0,2015-03-16,2015-03-16,2015,3,GRACE,March,Observed,-3.2333931059653893
18,2015-04-01,Phetchaburi - Prachuap Khiri Khan,-14.567196012552344,2.0,44.0,2015-04-16,2015-04-27,2015,4,GRACE,April,Observed,-4.001963482163475
18,2015-05-01,Phetchaburi - Prachuap Khiri Khan,,,,,,2015,5,GRACE,May,Missing,
18,2015-06-01,Phetchaburi - Prachuap Khiri Khan,,,,,,2015,6,GRACE,June,Missing,
18,2015-07-01,Phetchaburi - Prachuap Khiri Khan,-9.82823984298849,1.0,22.0,2015-07-15,2015-07-15,2015,7,GRACE,July,Observed,-6.167857366094704
18,2015-08-01,Phetchaburi - Prachuap Khiri Khan,-4.802745969939363,1.0,22.0,2015-08-16,2015-08-16,2015,8,GRACE,August,Observed,-7.045872449190268
18,2015-09-01,Phetchaburi - Prachuap Khiri Khan,-5.986589222873659,1.0,22.0,2015-09-14,2015-09-14,2015,9,GRACE,September,Observed,-7.784880730067131
18,2015-10-01,Phetchaburi - Prachuap Khiri Khan,,,,,,2015,10,GRACE,October,Missing,
18,2015-11-01,Phetchaburi - Prachuap Khiri Khan,,,,,,2015,11,GRACE,November,Missing,
18,2015-12-01,Phetchaburi - Prachuap Khiri Khan,-1.3613489184618321,1.0,22.0,2015-12-23,2015-12-23,2015,12,GRACE,December,Observed,-8.832367145053501
18,2016-01-01,Phetchaburi - Prachuap Khiri Khan,-5.211804745250475,1.0,22.0,2016-01-16,2016-01-16,2016,1,GRACE,January,Observed,-10.332184125714358
18,2016-02-01,Phetchaburi - Prachuap Khiri Khan,-9.61615271701065,1.0,22.0,2016-02-14,2016-02-14,2016,2,GRACE,February,Observed,-10.57891340585465
18,2016-03-01,Phetchaburi - Prachuap Khiri Khan,-16.97387194739676,1.0,22.0,2016-03-16,2016-03-16,2016,3,GRACE,March,Observed,-10.408772635648766
18,2016-04-01,Phetchaburi - Prachuap Khiri Khan,,,,,,2016,4,GRACE,April,Missing,
18,2016-05-01,Phetchaburi - Prachuap Khiri Khan,-16.878183796506793,1.0,22.0,2016-05-20,2016-05-20,2016,5,GRACE,May,Observed,-10.961545562245654
18,2016-06-01,Phetchaburi - Prachuap Khiri Khan,-22.33071997100121,1.0,22.0,2016-06-16,2016-06-16,2016,6,GRACE,June,Observed,-8.94409500893708
18,2016-07-01,Phetchaburi - Prachuap Khiri Khan,-12.048803364251107,1.0,22.0,2016-07-15,2016-07-15,2016,7,GRACE,July,Observed,-8.879174426726342
18,2016-08-01,Phetchaburi - Prachuap Khiri Khan,-3.2714790380864094,1.0,22.0,2016-08-21,2016-08-21,2016,8,GRACE,August,Observed,-8.305894117155587
18,2016-09-01,Phetchaburi - Prachuap Khiri Khan,,,,,,2016,9,GRACE,September,Missing,
18,2016-10-01,Phetchaburi - Prachuap Khiri Khan,,,,,,2016,10,GRACE,October,Missing,
18,2016-11-01,Phetchaburi - Prachuap Khiri Khan,7.195509417531516,1.0,22.0,2016-11-27,2016-11-27,2016,11,GRACE,November,Observed,-8.255900497389195
18,2016-12-01,Phetchaburi - Prachuap Khiri Khan,-0.7770636785651845,1.0,22.0,2016-12-24,2016-12-24,2016,12,GRACE,December,Observed,-7.935052459658532
18,2017-01-01,Phetchaburi - Prachuap Khiri Khan,-0.052281959113687444,1.0,22.0,2017-01-21,2017-01-21,2017,1,GRACE,January,Observed,-6.414169666221905
18,2017-02-01,Phetchaburi - Prachuap Khiri Khan,,,,,,2017,2,GRACE,February,Missing,
18,2017-03-01,Phetchaburi - Prachuap Khiri Khan,-10.032049572498648,1.0,22.0,2017-03-31,2017-03-31,2017,3,GRACE,March,Observed,
18,2017-04-01,Phetchaburi - Prachuap Khiri Khan,-16.108032514011235,1.0,22.0,2017-04-24,2017-04-24,2017,4,GRACE,April,Observed,
18,2017-05-01,Phetchaburi - Prachuap Khiri Khan,-13.990551456930831,1.0,22.0,2017-05-13,2017-05-13,2017,5,GRACE,May,Observed,
18,2017-06-01,Phetchaburi - Prachuap Khiri Khan,-8.642774830071568,1.0,22.0,2017-06-10,2017-06-10,2017,6,GRACE,June,Observed,
18,2017-07-01,Phetchaburi - Prachuap Khiri Khan,,,,,,2017,7,Mission gap,July,Missing,
18,2017-08-01,Phetchaburi - Prachuap Khiri Khan,,,,,,2017,8,Mission gap,August,Missing,
18,2017-09-01,Phetchaburi - Prachuap Khiri Khan,,,,,,2017,9,Mission gap,September,Missing,
18,2017-10-01,Phetchaburi - Prachuap Khiri Khan,,,,,,2017,10,Mission gap,October,Missing,
18,2017-11-01,Phetchaburi - Prachuap Khiri Khan,,,,,,2017,11,Mission gap,November,Missing,
18,2017-12-01,Phetchaburi - Prachuap Khiri Khan,,,,,,2017,12,Mission gap,December,Missing,
18,2018-01-01,Phetchaburi - Prachuap Khiri Khan,,,,,,2018,1,Mission gap,January,Missing,
18,2018-02-01,Phetchaburi - Prachuap Khiri Khan,,,,,,2018,2,Mission gap,February,Missing,
18,2018-03-01,Phetchaburi - Prachuap Khiri Khan,,,,,,2018,3,Mission gap,March,Missing,
18,2018-04-01,Phetchaburi - Prachuap Khiri Khan,,,,,,2018,4,Mission gap,April,Missing,
18,2018-05-01,Phetchaburi - Prachuap Khiri Khan,,,,,,2018,5,GRACE-FO,May,Missing,
18,2018-06-01,Phetchaburi - Prachuap Khiri Khan,-7.493774389745537,1.0,22.0,2018-06-16,2018-06-16,2018,6,GRACE-FO,June,Observed,
18,2018-07-01,Phetchaburi - Prachuap Khiri Khan,-8.209853502784998,1.0,22.0,2018-07-10,2018-07-10,2018,7,GRACE-FO,July,Observed,
18,2018-08-01,Phetchaburi - Prachuap Khiri Khan,,,,,,2018,8,GRACE-FO,August,Missing,
18,2018-09-01,Phetchaburi - Prachuap Khiri Khan,,,,,,2018,9,GRACE-FO,September,Missing,
18,2018-10-01,Phetchaburi - Prachuap Khiri Khan,11.860274316506183,1.0,22.0,2018-10-31,2018-10-31,2018,10,GRACE-FO,October,Observed,-3.679356992423548
18,2018-11-01,Phetchaburi - Prachuap Khiri Khan,6.145600126538371,1.0,22.0,2018-11-16,2018-11-16,2018,11,GRACE-FO,November,Observed,-5.040232266900121
18,2018-12-01,Phetchaburi - Prachuap Khiri Khan,-3.33116913624499,1.0,22.0,2018-12-16,2018-12-16,2018,12,GRACE-FO,December,Observed,-6.327917297762499
18,2019-01-01,Phetchaburi - Prachuap Khiri Khan,-5.0129779778509285,1.0,22.0,2019-01-16,2019-01-16,2019,1,GRACE-FO,January,Observed,-7.459657573991018
18,2019-02-01,Phetchaburi - Prachuap Khiri Khan,-11.900004654612802,1.0,22.0,2019-02-15,2019-02-15,2019,2,GRACE-FO,February,Observed,-8.066842386428206
18,2019-03-01,Phetchaburi - Prachuap Khiri Khan,-11.492950721193685,1.0,22.0,2019-03-16,2019-03-16,2019,3,GRACE-FO,March,Observed,-7.780064086646007
18,2019-04-01,Phetchaburi - Prachuap Khiri Khan,-15.927234462712702,1.0,22.0,2019-04-16,2019-04-16,2019,4,GRACE-FO,April,Observed,-7.132213373554497
18,2019-05-01,Phetchaburi - Prachuap Khiri Khan,-17.917082575523906,1.0,22.0,2019-05-16,2019-05-16,2019,5,GRACE-FO,May,Observed,-8.147139748069938
18,2019-06-01,Phetchaburi - Prachuap Khiri Khan,-18.81117715203072,1.0,22.0,2019-06-16,2019-06-16,2019,6,GRACE-FO,June,Observed,-8.683268446725611
18,2019-07-01,Phetchaburi - Prachuap Khiri Khan,-14.281701627156878,1.0,22.0,2019-07-16,2019-07-16,2019,7,GRACE-FO,July,Observed,-8.874035132160502
18,2019-08-01,Phetchaburi - Prachuap Khiri Khan,-4.912281088824028,1.0,22.0,2019-08-16,2019-08-16,2019,8,GRACE-FO,August,Observed,-9.059924946492023
18,2019-09-01,Phetchaburi - Prachuap Khiri Khan,-0.005855529547886121,1.0,22.0,2019-09-16,2019-09-16,2019,9,GRACE-FO,September,Observed,-8.953382160278004
18,2019-10-01,Phetchaburi - Prachuap Khiri Khan,-0.31884217767909584,1.0,22.0,2019-10-16,2019-10-16,2019,10,GRACE-FO,October,Observed,-9.035922908822675
18,2019-11-01,Phetchaburi - Prachuap Khiri Khan,-0.28794425732972573,1.0,22.0,2019-11-16,2019-11-16,2019,11,GRACE-FO,November,Observed,-8.541754950250777
18,2019-12-01,Phetchaburi - Prachuap Khiri Khan,-5.6203693614636805,1.0,22.0,2019-12-16,2019-12-16,2019,12,GRACE-FO,December,Observed,-8.180031867863313
18,2020-01-01,Phetchaburi - Prachuap Khiri Khan,-7.243655749829171,1.0,22.0,2020-01-16,2020-01-16,2020,1,GRACE-FO,January,Observed,-8.52979576791006
18,2020-02-01,Phetchaburi - Prachuap Khiri Khan,-10.621491220044572,1.0,22.0,2020-02-15,2020-02-15,2020,2,GRACE-FO,February,Observed,-8.740470985401762
18,2020-03-01,Phetchaburi - Prachuap Khiri Khan,-12.483439703729749,1.0,22.0,2020-03-16,2020-03-16,2020,3,GRACE-FO,March,Observed,-8.61821298883288
18,2020-04-01,Phetchaburi - Prachuap Khiri Khan,-9.99721895984991,1.0,22.0,2020-04-16,2020-04-16,2020,4,GRACE-FO,April,Observed,-8.380555138347232
18,2020-05-01,Phetchaburi - Prachuap Khiri Khan,-13.576405586874346,1.0,22.0,2020-05-16,2020-05-16,2020,5,GRACE-FO,May,Observed,-8.02795577462692
18,2020-06-01,Phetchaburi - Prachuap Khiri Khan,-23.008343952591673,1.0,22.0,2020-06-16,2020-06-16,2020,6,GRACE-FO,June,Observed,-7.828393407404202
18,2020-07-01,Phetchaburi - Prachuap Khiri Khan,-16.809804237057328,1.0,22.0,2020-07-16,2020-07-16,2020,7,GRACE-FO,July,Observed,-7.702283149315426
18,2020-08-01,Phetchaburi - Prachuap Khiri Khan,-3.44518512999743,1.0,22.0,2020-08-16,2020-08-16,2020,8,GRACE-FO,August,Observed,-7.299017962601106
18,2020-09-01,Phetchaburi - Prachuap Khiri Khan,2.84603867627988,1.0,22.0,2020-09-16,2020-09-16,2020,9,GRACE-FO,September,Observed,-6.8468470238845285
18,2020-10-01,Phetchaburi - Prachuap Khiri Khan,3.9123501869646615,1.0,22.0,2020-10-16,2020-10-16,2020,10,GRACE-FO,October,Observed,-6.797017405311802
18,2020-11-01,Phetchaburi - Prachuap Khiri Khan,2.1068041493428913,1.0,22.0,2020-11-16,2020-11-16,2020,11,GRACE-FO,November,Observed,-7.091166480975853
18,2020-12-01,Phetchaburi - Prachuap Khiri Khan,-4.107046264398357,1.0,22.0,2020-12-16,2020-12-16,2020,12,GRACE-FO,December,Observed,-7.477466672329515
18,2021-01-01,Phetchaburi - Prachuap Khiri Khan,-2.4044735092573357,1.0,22.0,2021-01-16,2021-01-16,2021,1,GRACE-FO,January,Observed,-6.95194734553908
18,2021-02-01,Phetchaburi - Prachuap Khiri Khan,-5.195439955445649,1.0,22.0,2021-02-15,2021-02-15,2021,2,GRACE-FO,February,Observed,-6.66907627153097
18,2021-03-01,Phetchaburi - Prachuap Khiri Khan,-11.885484280857032,1.0,22.0,2021-03-16,2021-03-16,2021,3,GRACE-FO,March,Observed,-6.7602555162140066
18,2021-04-01,Phetchaburi - Prachuap Khiri Khan,-13.527007867818524,1.0,22.0,2021-04-16,2021-04-16,2021,4,GRACE-FO,April,Observed,-7.141372024336508
18,2021-05-01,Phetchaburi - Prachuap Khiri Khan,-18.212007883118282,1.0,22.0,2021-05-16,2021-05-16,2021,5,GRACE-FO,May,Observed,-7.09324095492332
18,2021-06-01,Phetchaburi - Prachuap Khiri Khan,-16.70211203110646,1.0,22.0,2021-06-16,2021-06-16,2021,6,GRACE-FO,June,Observed,-6.8493285889670785
18,2021-07-01,Phetchaburi - Prachuap Khiri Khan,-13.415351348960018,1.0,22.0,2021-07-16,2021-07-16,2021,7,GRACE-FO,July,Observed,-6.414478262670315
18,2021-08-01,Phetchaburi - Prachuap Khiri Khan,-4.539336066193868,1.0,22.0,2021-08-16,2021-08-16,2021,8,GRACE-FO,August,Observed,-6.731474470333452
18,2021-09-01,Phetchaburi - Prachuap Khiri Khan,-1.7273594211901335,1.0,22.0,2021-09-16,2021-09-16,2021,9,GRACE-FO,September,Observed,-6.634513762507726
18,2021-10-01,Phetchaburi - Prachuap Khiri Khan,4.48992301992293,1.0,22.0,2021-10-16,2021-10-16,2021,10,GRACE-FO,October,Observed,-6.423367692329877
18,2021-11-01,Phetchaburi - Prachuap Khiri Khan,5.033752540817789,1.0,22.0,2021-11-16,2021-11-16,2021,11,GRACE-FO,November,Observed,-6.368153736154144
18,2021-12-01,Phetchaburi - Prachuap Khiri Khan,1.1111576511628023,1.0,22.0,2021-12-16,2021-12-16,2021,12,GRACE-FO,December,Observed,-5.961684466082189
18,2022-01-01,Phetchaburi - Prachuap Khiri Khan,-6.208428001214974,1.0,22.0,2022-01-16,2022-01-16,2022,1,GRACE-FO,January,Observed,-5.556747764581343
18,2022-02-01,Phetchaburi - Prachuap Khiri Khan,-4.031911461536954,1.0,22.0,2022-02-15,2022-02-15,2022,2,GRACE-FO,February,Observed,-5.614003433069833
18,2022-03-01,Phetchaburi - Prachuap Khiri Khan,-9.351731438722837,1.0,22.0,2022-03-16,2022-03-16,2022,3,GRACE-FO,March,Observed,-5.890388001609877
18,2022-04-01,Phetchaburi - Prachuap Khiri Khan,-12.864440393709728,1.0,22.0,2022-04-16,2022-04-16,2022,4,GRACE-FO,April,Observed,-5.88189089991084
18,2022-05-01,Phetchaburi - Prachuap Khiri Khan,-13.334376642254826,1.0,22.0,2022-05-16,2022-05-16,2022,5,GRACE-FO,May,Observed,-5.8512297101028565
18,2022-06-01,Phetchaburi - Prachuap Khiri Khan,-11.842871613096301,1.0,22.0,2022-06-16,2022-06-16,2022,6,GRACE-FO,June,Observed,-5.761553618988191
18,2022-07-01,Phetchaburi - Prachuap Khiri Khan,-14.102419370821904,1.0,22.0,2022-07-16,2022-07-16,2022,7,GRACE-FO,July,Observed,-5.581114502091943
18,2022-08-01,Phetchaburi - Prachuap Khiri Khan,-7.855950888674399,1.0,22.0,2022-08-16,2022-08-16,2022,8,GRACE-FO,August,Observed,-5.385382783786906
18,2022-09-01,Phetchaburi - Prachuap Khiri Khan,-1.6253942008016828,1.0,22.0,2022-09-16,2022-09-16,2022,9,GRACE-FO,September,Observed,-5.409497229631566
18,2022-10-01,Phetchaburi - Prachuap Khiri Khan,4.8578572976187235,1.0,22.0,2022-10-16,2022-10-16,2022,10,GRACE-FO,October,Observed,-5.480368875411064
18,2022-11-01,Phetchaburi - Prachuap Khiri Khan,6.109865634193785,1.0,22.0,2022-11-16,2022-11-16,2022,11,GRACE-FO,November,Observed,-5.37687798545198
18,2022-12-01,Phetchaburi - Prachuap Khiri Khan,3.27642705391778,1.0,22.0,2022-12-16,2022-12-16,2022,12,GRACE-FO,December,Observed,-5.854180237161867
18,2023-01-01,Phetchaburi - Prachuap Khiri Khan,-3.8596473815545496,1.0,22.0,2023-01-16,2023-01-16,2023,1,GRACE-FO,January,Observed,-6.646020664861332
18,2023-02-01,Phetchaburi - Prachuap Khiri Khan,-4.321284811672875,1.0,22.0,2023-02-15,2023-02-15,2023,2,GRACE-FO,February,Observed,-6.867189082893837
18,2023-03-01,Phetchaburi - Prachuap Khiri Khan,-10.202191188076807,1.0,22.0,2023-03-16,2023-03-16,2023,3,GRACE-FO,March,Observed,-7.022168642000498
18,2023-04-01,Phetchaburi - Prachuap Khiri Khan,-11.622549714200714,1.0,22.0,2023-04-16,2023-04-16,2023,4,GRACE-FO,April,Observed,-7.3385618651805835
18,2023-05-01,Phetchaburi - Prachuap Khiri Khan,-19.06200366277347,1.0,22.0,2023-05-16,2023-05-16,2023,5,GRACE-FO,May,Observed,-7.0851459660448475
18,2023-06-01,Phetchaburi - Prachuap Khiri Khan,-21.34495674548989,1.0,22.0,2023-06-16,2023-06-16,2023,6,GRACE-FO,June,Observed,-7.088575111393554
18,2023-07-01,Phetchaburi - Prachuap Khiri Khan,-16.756440387211967,1.0,22.0,2023-07-16,2023-07-16,2023,7,GRACE-FO,July,Observed,-7.751595955897023
18,2023-08-01,Phetchaburi - Prachuap Khiri Khan,-9.715705597954315,1.0,22.0,2023-08-16,2023-08-16,2023,8,GRACE-FO,August,Observed,-7.855110157631138
18,2023-09-01,Phetchaburi - Prachuap Khiri Khan,-5.422112878962715,1.0,22.0,2023-09-16,2023-09-16,2023,9,GRACE-FO,September,Observed,-8.044352341558968
18,2023-10-01,Phetchaburi - Prachuap Khiri Khan,7.898848087247557,1.0,22.0,2023-10-16,2023-10-16,2023,10,GRACE-FO,October,Observed,-8.120239292665234
18,2023-11-01,Phetchaburi - Prachuap Khiri Khan,6.068715890009312,1.0,22.0,2023-11-16,2023-11-16,2023,11,GRACE-FO,November,Observed,-8.704495554940083
18,2023-12-01,Phetchaburi - Prachuap Khiri Khan,-4.679823080123838,1.0,22.0,2023-12-16,2023-12-16,2023,12,GRACE-FO,December,Observed,-8.755107468644711
18,2024-01-01,Phetchaburi - Prachuap Khiri Khan,-5.101817802363952,1.0,22.0,2024-01-16,2024-01-16,2024,1,GRACE-FO,January,Observed,-8.82525582431447
18,2024-02-01,Phetchaburi - Prachuap Khiri Khan,-6.592191018806824,1.0,22.0,2024-02-15,2024-02-15,2024,2,GRACE-FO,February,Observed,-8.961050887855981
18,2024-03-01,Phetchaburi - Prachuap Khiri Khan,-11.112834601351995,1.0,22.0,2024-03-16,2024-03-16,2024,3,GRACE-FO,March,Observed,-8.589393050746624
18,2024-04-01,Phetchaburi - Prachuap Khiri Khan,-18.633624861498912,1.0,22.0,2024-04-16,2024-04-16,2024,4,GRACE-FO,April,Observed,-8.331360386233962
18,2024-05-01,Phetchaburi - Prachuap Khiri Khan,-19.669346627228997,1.0,22.0,2024-05-16,2024-05-16,2024,5,GRACE-FO,May,Observed,-8.822698919386722
18,2024-06-01,Phetchaburi - Prachuap Khiri Khan,-22.186737013526994,1.0,22.0,2024-06-16,2024-06-16,2024,6,GRACE-FO,June,Observed,-10.17646390205909
18,2024-07-01,Phetchaburi - Prachuap Khiri Khan,-18.385981149710094,1.0,22.0,2024-07-16,2024-07-16,2024,7,GRACE-FO,July,Observed,-10.726127984252615
18,2024-08-01,Phetchaburi - Prachuap Khiri Khan,-5.255811552642041,1.0,22.0,2024-08-16,2024-08-16,2024,8,GRACE-FO,August,Observed,-11.3510513377958
18,2024-09-01,Phetchaburi - Prachuap Khiri Khan,-2.3257209048107805,1.0,22.0,2024-09-16,2024-09-16,2024,9,GRACE-FO,September,Observed,-11.945908877669421
18,2024-10-01,Phetchaburi - Prachuap Khiri Khan,2.0027856894144356,1.0,22.0,2024-10-16,2024-10-16,2024,10,GRACE-FO,October,Observed,
19,2002-04-01,Peninsula - Upper East Coast,64.7245227088486,1.0,57.0,2002-04-18,2002-04-18,2002,4,GRACE,April,Observed,
19,2002-05-01,Peninsula - Upper East Coast,58.115201428558365,1.0,57.0,2002-05-10,2002-05-10,2002,5,GRACE,May,Observed,
19,2002-06-01,Peninsula - Upper East Coast,,,,,,2002,6,GRACE,June,Missing,
19,2002-07-01,Peninsula - Upper East Coast,,,,,,2002,7,GRACE,July,Missing,
19,2002-08-01,Peninsula - Upper East Coast,82.36881053964814,1.0,57.0,2002-08-16,2002-08-16,2002,8,GRACE,August,Observed,70.77466840647322
19,2002-09-01,Peninsula - Upper East Coast,69.10858152756882,1.0,57.0,2002-09-16,2002-09-16,2002,9,GRACE,September,Observed,69.81248329403745
19,2002-10-01,Peninsula - Upper East Coast,76.11004731455841,1.0,57.0,2002-10-16,2002-10-16,2002,10,GRACE,October,Observed,68.46957152892362
19,2002-11-01,Peninsula - Upper East Coast,80.0203392288095,1.0,57.0,2002-11-16,2002-11-16,2002,11,GRACE,November,Observed,66.25425810361386
19,2002-12-01,Peninsula - Upper East Coast,79.35295214304969,1.0,57.0,2002-12-16,2002-12-16,2002,12,GRACE,December,Observed,65.33927574007973
19,2003-01-01,Peninsula - Upper East Coast,56.396892360744296,1.0,57.0,2003-01-16,2003-01-16,2003,1,GRACE,January,Observed,65.33927574007973
19,2003-02-01,Peninsula - Upper East Coast,62.11500239455112,1.0,57.0,2003-02-15,2003-02-15,2003,2,GRACE,February,Observed,64.29220399935106
19,2003-03-01,Peninsula - Upper East Coast,56.38336564289929,1.0,57.0,2003-03-16,2003-03-16,2003,3,GRACE,March,Observed,63.41627030268378
19,2003-04-01,Peninsula - Upper East Coast,42.57138845575094,1.0,57.0,2003-04-16,2003-04-16,2003,4,GRACE,April,Observed,62.026893300024796
19,2003-05-01,Peninsula - Upper East Coast,48.96537779321714,1.0,57.0,2003-05-11,2003-05-11,2003,5,GRACE,May,Observed,60.95904660988822
19,2003-06-01,Peninsula - Upper East Coast,,,,,,2003,6,GRACE,June,Missing,
19,2003-07-01,Peninsula - Upper East Coast,53.821486592064204,1.0,57.0,2003-07-16,2003-07-16,2003,7,GRACE,July,Observed,61.84794877368984
19,2003-08-01,Peninsula - Upper East Coast,72.73353987630816,1.0,57.0,2003-08-16,2003-08-16,2003,8,GRACE,August,Observed,63.61257161023037
19,2003-09-01,Peninsula - Upper East Coast,53.825434498320085,1.0,57.0,2003-09-16,2003-09-16,2003,9,GRACE,September,Observed,63.23958719034181
19,2003-10-01,Peninsula - Upper East Coast,64.36373372305592,1.0,57.0,2003-10-16,2003-10-16,2003,10,GRACE,October,Observed,61.55343492769095
19,2003-11-01,Peninsula - Upper East Coast,86.00521234797755,1.0,57.0,2003-11-16,2003-11-16,2003,11,GRACE,November,Observed,62.31863469124858
19,2003-12-01,Peninsula - Upper East Coast,83.1460028256997,1.0,57.0,2003-12-16,2003-12-16,2003,12,GRACE,December,Observed,62.39854299432438
19,2004-01-01,Peninsula - Upper East Coast,75.80774356268998,1.0,57.0,2004-01-07,2004-01-07,2004,1,GRACE,January,Observed,62.12312579046235
19,2004-02-01,Peninsula - Upper East Coast,58.012173775776944,1.0,57.0,2004-02-17,2004-02-17,2004,2,GRACE,February,Observed,62.60567303973087
19,2004-03-01,Peninsula - Upper East Coast,37.835690753739755,1.0,57.0,2004-03-16,2004-03-16,2004,3,GRACE,March,Observed,63.47461771142353
19,2004-04-01,Peninsula - Upper East Coast,50.98858585488494,1.0,57.0,2004-04-16,2004-04-16,2004,4,GRACE,April,Observed,64.32777702907418
19,2004-05-01,Peninsula - Upper East Coast,49.844369127050975,1.0,57.0,2004-05-16,2004-05-16,2004,5,GRACE,May,Observed,65.89090507150446
19,2004-06-01,Peninsula - Upper East Coast,59.093536547979994,1.0,57.0,2004-06-16,2004-06-16,2004,6,GRACE,June,Observed,64.56250159973752
19,2004-07-01,Peninsula - Upper East Coast,59.612053583286325,1.0,57.0,2004-07-16,2004-07-16,2004,7,GRACE,July,Observed,61.78743359010942
19,2004-08-01,Peninsula - Upper East Coast,83.1608759366202,1.0,57.0,2004-08-16,2004-08-16,2004,8,GRACE,August,Observed,56.12180582004939
19,2004-09-01,Peninsula - Upper East Coast,64.06334631012795,1.0,57.0,2004-09-16,2004-09-16,2004,9,GRACE,September,Observed,52.26744887773511
19,2004-10-01,Peninsula - Upper East Coast,83.12127023221932,1.0,57.0,2004-10-16,2004-10-16,2004,10,GRACE,October,Observed,49.9365657120966
19,2004-11-01,Peninsula - Upper East Coast,70.06437068677411,1.0,57.0,2004-11-16,2004-11-16,2004,11,GRACE,November,Observed,45.73928287366862
19,2004-12-01,Peninsula - Upper East Coast,49.845186710162494,1.0,57.0,2004-12-16,2004-12-16,2004,12,GRACE,December,Observed,40.163466381739426
19,2005-01-01,Peninsula - Upper East Coast,7.820210321969668,1.0,57.0,2005-01-16,2005-01-16,2005,1,GRACE,January,Observed,34.449978873053844
19,2005-02-01,Peninsula - Upper East Coast,11.759890468005658,1.0,57.0,2005-02-15,2005-02-15,2005,2,GRACE,February,Observed,28.72511115338475
19,2005-03-01,Peninsula - Upper East Coast,9.865092766077646,1.0,57.0,2005-03-16,2005-03-16,2005,3,GRACE,March,Observed,22.609090949321246
19,2005-04-01,Peninsula - Upper East Coast,0.6211917937491775,1.0,57.0,2005-04-16,2005-04-16,2005,4,GRACE,April,Observed,17.571538583990833
19,2005-05-01,Peninsula - Upper East Coast,-17.065428776099452,1.0,57.0,2005-05-16,2005-05-16,2005,5,GRACE,May,Observed,12.189401262050382
19,2005-06-01,Peninsula - Upper East Coast,-9.468313556246995,1.0,57.0,2005-06-16,2005-06-16,2005,6,GRACE,June,Observed,7.665334673551935
19,2005-07-01,Peninsula - Upper East Coast,-9.086359052742798,1.0,57.0,2005-07-16,2005-07-16,2005,7,GRACE,July,Observed,4.876899981772224
19,2005-08-01,Peninsula - Upper East Coast,9.768633487858175,1.0,57.0,2005-08-16,2005-08-16,2005,8,GRACE,August,Observed,6.480745849260486
19,2005-09-01,Peninsula - Upper East Coast,3.612717926162997,1.0,57.0,2005-09-16,2005-09-16,2005,9,GRACE,September,Observed,6.491516404197807
19,2005-10-01,Peninsula - Upper East Coast,18.5356223689339,1.0,57.0,2005-10-16,2005-10-16,2005,10,GRACE,October,Observed,6.824401533672504
19,2005-11-01,Peninsula - Upper East Coast,15.775571624792745,1.0,57.0,2005-11-16,2005-11-16,2005,11,GRACE,November,Observed,6.951586147275783
19,2005-12-01,Peninsula - Upper East Coast,16.383970408805972,1.0,57.0,2005-12-16,2005-12-16,2005,12,GRACE,December,Observed,8.327932725159599
19,2006-01-01,Peninsula - Upper East Coast,27.066360731828798,1.0,57.0,2006-01-16,2006-01-16,2006,1,GRACE,January,Observed,9.087880404720707
19,2006-02-01,Peninsula - Upper East Coast,11.889137127253504,1.0,57.0,2006-02-15,2006-02-15,2006,2,GRACE,February,Observed,10.705508557298378
19,2006-03-01,Peninsula - Upper East Coast,13.859714319774039,1.0,57.0,2006-03-16,2006-03-16,2006,3,GRACE,March,Observed,11.621166802074564
19,2006-04-01,Peninsula - Upper East Coast,2.147407156988511,1.0,57.0,2006-04-16,2006-04-16,2006,4,GRACE,April,Observed,11.374367795143444
19,2006-05-01,Peninsula - Upper East Coast,-0.5492698414936635,1.0,57.0,2006-05-16,2006-05-16,2006,5,GRACE,May,Observed,11.063940720750658
19,2006-06-01,Peninsula - Upper East Coast,-0.3489414015137023,1.0,57.0,2006-06-16,2006-06-16,2006,6,GRACE,June,Observed,9.841641043514237
19,2006-07-01,Peninsula - Upper East Coast,10.325178778189256,1.0,57.0,2006-07-16,2006-07-16,2006,7,GRACE,July,Observed,8.36820433157402
19,2006-08-01,Peninsula - Upper East Coast,20.75653242517242,1.0,57.0,2006-08-16,2006-08-16,2006,8,GRACE,August,Observed,5.060064426424975
19,2006-09-01,Peninsula - Upper East Coast,0.6511298429895597,1.0,57.0,2006-09-16,2006-09-16,2006,9,GRACE,September,Observed,2.0643901004303857
19,2006-10-01,Peninsula - Upper East Coast,14.810497476220466,1.0,57.0,2006-10-16,2006-10-16,2006,10,GRACE,October,Observed,0.8756076410776052
19,2006-11-01,Peninsula - Upper East Coast,1.1079754979556817,1.0,57.0,2006-11-16,2006-11-16,2006,11,GRACE,November,Observed,0.3844174086000871
19,2006-12-01,Peninsula - Upper East Coast,-1.297270134476635,1.0,57.0,2006-12-16,2006-12-16,2006,12,GRACE,December,Observed,-0.453950767318582
19,2007-01-01,Peninsula - Upper East Coast,-12.631318129959729,1.0,57.0,2007-01-16,2007-01-16,2007,1,GRACE,January,Observed,-1.9775265339859665
19,2007-02-01,Peninsula - Upper East Coast,-24.05895478468157,1.0,57.0,2007-02-14,2007-02-14,2007,2,GRACE,February,Observed,-4.3036982768006204
19,2007-03-01,Peninsula - Upper East Coast,-0.4056751924593273,1.0,57.0,2007-03-16,2007-03-16,2007,3,GRACE,March,Observed,-7.902092127307501
19,2007-04-01,Peninsula - Upper East Coast,-3.746875632741707,1.0,57.0,2007-04-16,2007-04-16,2007,4,GRACE,April,Observed,-9.985705759351077
19,2007-05-01,Peninsula - Upper East Coast,-10.609687952517692,1.0,57.0,2007-05-16,2007-05-16,2007,5,GRACE,May,Observed,-13.092215374035883
19,2007-06-01,Peninsula - Upper East Coast,-18.631850601522313,1.0,57.0,2007-06-16,2007-06-16,2007,6,GRACE,June,Observed,-13.046352633057266
19,2007-07-01,Peninsula - Upper East Coast,-17.588882135586598,1.0,57.0,2007-07-16,2007-07-16,2007,7,GRACE,July,Observed,-15.502982538911303
19,2007-08-01,Peninsula - Upper East Coast,-22.424193780910148,1.0,57.0,2007-08-16,2007-08-16,2007,8,GRACE,August,Observed,-16.451404092914256
19,2007-09-01,Peninsula - Upper East Coast,-24.352233741533354,1.0,57.0,2007-09-16,2007-09-16,2007,9,GRACE,September,Observed,-18.368733085716073
19,2007-10-01,Peninsula - Upper East Coast,-22.467617899997204,1.0,57.0,2007-10-16,2007-10-16,2007,10,GRACE,October,Observed,-20.843502159951672
19,2007-11-01,Peninsula - Upper East Coast,1.6583283896991041,1.0,57.0,2007-11-16,2007-11-16,2007,11,GRACE,November,Observed,-22.194268868733587
19,2007-12-01,Peninsula - Upper East Coast,-30.776829004725073,1.0,57.0,2007-12-16,2007-12-16,2007,12,GRACE,December,Observed,-22.015978393833297
19,2008-01-01,Peninsula - Upper East Coast,-24.012376777995176,1.0,57.0,2008-01-16,2008-01-16,2008,1,GRACE,January,Observed,-22.68459929406968
19,2008-02-01,Peninsula - Upper East Coast,-47.06690269830341,1.0,57.0,2008-02-15,2008-02-15,2008,2,GRACE,February,Observed,-23.12357922265561
19,2008-03-01,Peninsula - Upper East Coast,-30.102904083286525,1.0,57.0,2008-03-16,2008-03-16,2008,3,GRACE,March,Observed,-24.192017477375362
19,2008-04-01,Peninsula - Upper East Coast,-19.956076138124637,1.0,57.0,2008-04-16,2008-04-16,2008,4,GRACE,April,Observed,-25.583783510291628
19,2008-05-01,Peninsula - Upper East Coast,-8.470202253714236,1.0,57.0,2008-05-16,2008-05-16,2008,5,GRACE,May,Observed,-25.766023887539763
19,2008-06-01,Peninsula - Upper East Coast,-26.655301404358898,1.0,57.0,2008-06-16,2008-06-16,2008,6,GRACE,June,Observed,-28.698303304852292
19,2008-07-01,Peninsula - Upper East Coast,-22.856641278617786,1.0,57.0,2008-07-16,2008-07-16,2008,7,GRACE,July,Observed,-29.43976650244866
19,2008-08-01,Peninsula - Upper East Coast,-35.24545283754719,1.0,57.0,2008-08-16,2008-08-16,2008,8,GRACE,August,Observed,-31.670433666767025
19,2008-09-01,Peninsula - Upper East Coast,-41.05342613652854,1.0,57.0,2008-09-16,2008-09-16,2008,9,GRACE,September,Observed,-30.74100675097536
19,2008-10-01,Peninsula - Upper East Coast,-24.654502426974766,1.0,57.0,2008-10-16,2008-10-16,2008,10,GRACE,October,Observed,-31.053417252831604
19,2008-11-01,Peninsula - Upper East Coast,-33.529024618051274,1.0,57.0,2008-11-16,2008-11-16,2008,11,GRACE,November,Observed,-31.230933378811258
19,2008-12-01,Peninsula - Upper East Coast,-39.67438737588147,1.0,57.0,2008-12-16,2008-12-16,2008,12,GRACE,December,Observed,-33.93566629923837
19,2009-01-01,Peninsula - Upper East Coast,-50.78038274981559,1.0,57.0,2009-01-16,2009-01-16,2009,1,GRACE,January,Observed,-33.77445397420121
19,2009-02-01,Peninsula - Upper East Coast,-35.913779708803375,1.0,57.0,2009-02-15,2009-02-15,2009,2,GRACE,February,Observed,-34.51135915803893
19,2009-03-01,Peninsula - Upper East Coast,-33.85183010556144,1.0,57.0,2009-03-16,2009-03-16,2009,3,GRACE,March,Observed,-34.49860461420298
19,2009-04-01,Peninsula - Upper East Coast,-22.086269649880553,1.0,57.0,2009-04-16,2009-04-16,2009,4,GRACE,April,Observed,-32.30661434303068
19,2009-05-01,Peninsula - Upper East Coast,-40.92699729883953,1.0,57.0,2009-05-16,2009-05-16,2009,5,GRACE,May,Observed,-31.806683878716985
19,2009-06-01,Peninsula - Upper East Coast,-24.720753503913,1.0,57.0,2009-06-16,2009-06-16,2009,6,GRACE,June,Observed,-31.23183756696049
19,2009-07-01,Peninsula - Upper East Coast,-31.69950348467038,1.0,57.0,2009-07-16,2009-07-16,2009,7,GRACE,July,Observed,-30.089789137887063
19,2009-08-01,Peninsula - Upper East Coast,-35.09239831151586,1.0,57.0,2009-08-16,2009-08-16,2009,8,GRACE,August,Observed,-27.52020450399007
19,2009-09-01,Peninsula - Upper East Coast,-14.749542882460972,1.0,57.0,2009-09-16,2009-09-16,2009,9,GRACE,September,Observed,-26.42359755809578
19,2009-10-01,Peninsula - Upper East Coast,-18.655336855210376,1.0,57.0,2009-10-16,2009-10-16,2009,10,GRACE,October,Observed,-25.133988251072793
19,2009-11-01,Peninsula - Upper East Coast,-26.630868876973285,1.0,57.0,2009-11-16,2009-11-16,2009,11,GRACE,November,Observed,-26.908809581059316
19,2009-12-01,Peninsula - Upper East Coast,-25.96980622700038,1.0,57.0,2009-12-16,2009-12-16,2009,12,GRACE,December,Observed,-26.668225202283196
19,2010-01-01,Peninsula - Upper East Coast,-19.94536714305167,1.0,57.0,2010-01-16,2010-01-16,2010,1,GRACE,January,Observed,-28.173886667214976
19,2010-02-01,Peninsula - Upper East Coast,-22.754496358071858,1.0,57.0,2010-02-15,2010-02-15,2010,2,GRACE,February,Observed,-28.538372863014203
19,2010-03-01,Peninsula - Upper East Coast,-18.376518421285652,1.0,57.0,2010-03-16,2010-03-16,2010,3,GRACE,March,Observed,-28.106158496974285
19,2010-04-01,Peninsula - Upper East Coast,-43.3841256097188,1.0,57.0,2010-04-16,2010-04-16,2010,4,GRACE,April,Observed,-31.400253863000483
19,2010-05-01,Peninsula - Upper East Coast,-38.0399847535261,1.0,57.0,2010-05-16,2010-05-16,2010,5,GRACE,May,Observed,-32.95737614958799
19,2010-06-01,Peninsula - Upper East Coast,-42.78869108309438,1.0,57.0,2010-06-16,2010-06-16,2010,6,GRACE,June,Observed,-32.00449102383352
19,2010-07-01,Peninsula - Upper East Coast,-36.07333783426111,1.0,57.0,2010-07-16,2010-07-16,2010,7,GRACE,July,Observed,-32.18980913457396
19,2010-08-01,Peninsula - Upper East Coast,-29.905825919036808,1.0,57.0,2010-08-16,2010-08-16,2010,8,GRACE,August,Observed,-33.30294022471235
19,2010-09-01,Peninsula - Upper East Coast,-54.278687274775336,1.0,57.0,2010-09-16,2010-09-16,2010,9,GRACE,September,Observed,-34.974102215978405
19,2010-10-01,Peninsula - Upper East Coast,-37.34080429426048,1.0,57.0,2010-10-16,2010-10-16,2010,10,GRACE,October,Observed,-36.601588852276386
19,2010-11-01,Peninsula - Upper East Coast,-15.196247367919664,1.0,57.0,2010-11-16,2010-11-16,2010,11,GRACE,November,Observed,-35.51110926021004
19,2010-12-01,Peninsula - Upper East Coast,-28.1936235558857,1.0,57.0,2010-12-14,2010-12-14,2010,12,GRACE,December,Observed,-34.51825120750605
19,2011-01-01,Peninsula - Upper East Coast,,,,,,2011,1,GRACE,January,Missing,
19,2011-02-01,Peninsula - Upper East Coast,-41.13727826199842,1.0,57.0,2011-02-18,2011-02-18,2011,2,GRACE,February,Observed,-33.107753421371086
19,2011-03-01,Peninsula - Upper East Coast,-36.278871420563455,1.0,57.0,2011-03-16,2011-03-16,2011,3,GRACE,March,Observed,-34.068911807560305
19,2011-04-01,Peninsula - Upper East Coast,-31.38885009698895,1.0,57.0,2011-04-16,2011-04-16,2011,4,GRACE,April,Observed,-30.65192095433356
19,2011-05-01,Peninsula - Upper East Coast,-27.118546173782253,1.0,57.0,2011-05-16,2011-05-16,2011,5,GRACE,May,Observed,-29.935078939669275
19,2011-06-01,Peninsula - Upper East Coast,,,,,,2011,6,GRACE,June,Missing,
19,2011-07-01,Peninsula - Upper East Coast,-30.23879984849977,1.0,57.0,2011-07-18,2011-07-18,2011,7,GRACE,July,Observed,-35.58510256211909
19,2011-08-01,Peninsula - Upper East Coast,-39.517409780929015,1.0,57.0,2011-08-16,2011-08-16,2011,8,GRACE,August,Observed,-36.30704763705594
19,2011-09-01,Peninsula - Upper East Coast,-20.108778742507862,1.0,57.0,2011-09-16,2011-09-16,2011,9,GRACE,September,Observed,-35.87830927432566
19,2011-10-01,Peninsula - Upper East Coast,-30.172384147617667,2.0,114.0,2011-10-16,2011-10-31,2011,10,GRACE,October,Observed,-34.33456777791154
19,2011-11-01,Peninsula - Upper East Coast,,,,,,2011,11,GRACE,November,Missing,
19,2011-12-01,Peninsula - Upper East Coast,-64.30500458618437,1.0,57.0,2011-12-28,2011-12-28,2011,12,GRACE,December,Observed,-34.24712480652329
19,2012-01-01,Peninsula - Upper East Coast,-42.804553311487595,1.0,57.0,2012-01-16,2012-01-16,2012,1,GRACE,January,Observed,-32.2999058966388
19,2012-02-01,Peninsula - Upper East Coast,-36.849894634695644,1.0,57.0,2012-02-15,2012-02-15,2012,2,GRACE,February,Observed,-32.27421521317423
19,2012-03-01,Peninsula - Upper East Coast,-20.84145645642224,1.0,57.0,2012-03-16,2012-03-16,2012,3,GRACE,March,Observed,-30.9765010231062
19,2012-04-01,Peninsula - Upper East Coast,-23.385841750365444,1.0,57.0,2012-04-04,2012-04-04,2012,4,GRACE,April,Observed,-32.36911175767127
19,2012-05-01,Peninsula - Upper East Coast,,,,,,2012,5,GRACE,May,Missing,
19,2012-06-01,Peninsula - Upper East Coast,-14.774935707678363,1.0,57.0,2012-06-16,2012-06-16,2012,6,GRACE,June,Observed,-31.603016067481725
19,2012-07-01,Peninsula - Upper East Coast,-29.981893013854055,1.0,57.0,2012-07-16,2012-07-16,2012,7,GRACE,July,Observed,-27.79641926025816
19,2012-08-01,Peninsula - Upper East Coast,-26.540267880248724,1.0,57.0,2012-08-16,2012-08-16,2012,8,GRACE,August,Observed,-26.85289097245909
19,2012-09-01,Peninsula - Upper East Coast,-34.034886088158586,1.0,57.0,2012-09-13,2012-09-13,2012,9,GRACE,September,Observed,-25.888211757122576
19,2012-10-01,Peninsula - Upper East Coast,,,,,,2012,10,GRACE,October,Missing,
19,2012-11-01,Peninsula - Upper East Coast,-22.51142724572222,1.0,57.0,2012-11-18,2012-11-18,2012,11,GRACE,November,Observed,-26.330214896664533
19,2012-12-01,Peninsula - Upper East Coast,-26.23903651394869,1.0,57.0,2012-12-16,2012-12-16,2012,12,GRACE,December,Observed,-26.175575438974306
19,2013-01-01,Peninsula - Upper East Coast,-33.3692704334969,1.0,57.0,2013-01-16,2013-01-16,2013,1,GRACE,January,Observed,-26.36952984806219
19,2013-02-01,Peninsula - Upper East Coast,-27.203102481330518,1.0,57.0,2013-02-14,2013-02-14,2013,2,GRACE,February,Observed,-25.2303574269223
19,2013-03-01,Peninsula - Upper East Coast,,,,,,2013,3,GRACE,March,Missing,
19,2013-04-01,Peninsula - Upper East Coast,-22.3171147055427,1.0,57.0,2013-04-21,2013-04-21,2013,4,GRACE,April,Observed,-23.96605253760196
19,2013-05-01,Peninsula - Upper East Coast,-24.78382031976227,1.0,57.0,2013-05-16,2013-05-16,2013,5,GRACE,May,Observed,-23.055237821985102
19,2013-06-01,Peninsula - Upper East Coast,-16.71447979855717,1.0,57.0,2013-06-16,2013-06-16,2013,6,GRACE,June,Observed,-24.928088839898482
19,2013-07-01,Peninsula - Upper East Coast,-18.59016880245519,1.0,57.0,2013-07-16,2013-07-16,2013,7,GRACE,July,Observed,-26.54751874824042
19,2013-08-01,Peninsula - Upper East Coast,,,,,,2013,8,GRACE,August,Missing,
19,2013-09-01,Peninsula - Upper East Coast,,,,,,2013,9,GRACE,September,Missing,
19,2013-10-01,Peninsula - Upper East Coast,-15.768720097050263,1.0,57.0,2013-10-16,2013-10-16,2013,10,GRACE,October,Observed,-28.408934199423392
19,2013-11-01,Peninsula - Upper East Coast,-39.36708640694262,1.0,57.0,2013-11-16,2013-11-16,2013,11,GRACE,November,Observed,-30.80008058824374
19,2013-12-01,Peninsula - Upper East Coast,-40.81390568902614,1.0,57.0,2013-12-16,2013-12-16,2013,12,GRACE,December,Observed,-31.81627467903925
19,2014-01-01,Peninsula - Upper East Coast,-42.804602814505195,1.0,57.0,2014-01-09,2014-01-09,2014,1,GRACE,January,Observed,-34.54394657206112
19,2014-02-01,Peninsula - Upper East Coast,,,,,,2014,2,GRACE,February,Missing,
19,2014-03-01,Peninsula - Upper East Coast,-34.52050916096895,1.0,57.0,2014-03-17,2014-03-17,2014,3,GRACE,March,Observed,-36.087762581689766
19,2014-04-01,Peninsula - Upper East Coast,-43.837432204925825,1.0,57.0,2014-04-16,2014-04-16,2014,4,GRACE,April,Observed,-35.5816773927319
19,2014-05-01,Peninsula - Upper East Coast,-33.92956713692187,1.0,57.0,2014-05-16,2014-05-16,2014,5,GRACE,May,Observed,-36.008451014049776
19,2014-06-01,Peninsula - Upper East Coast,-41.26352683575399,1.0,57.0,2014-06-13,2014-06-13,2014,6,GRACE,June,Observed,-34.256050671497135
19,2014-07-01,Peninsula - Upper East Coast,,,,,,2014,7,GRACE,July,Missing,
19,2014-08-01,Peninsula - Upper East Coast,-32.484512889113084,1.0,57.0,2014-08-16,2014-08-16,2014,8,GRACE,August,Observed,-28.101850777819976
19,2014-09-01,Peninsula - Upper East Coast,-31.026910692111073,1.0,57.0,2014-09-16,2014-09-16,2014,9,GRACE,September,Observed,-28.410890638016923
19,2014-10-01,Peninsula - Upper East Coast,-20.036456310228953,1.0,57.0,2014-10-16,2014-10-16,2014,10,GRACE,October,Observed,-26.72047464758068
19,2014-11-01,Peninsula - Upper East Coast,-21.843082981416266,1.0,57.0,2014-11-16,2014-11-16,2014,11,GRACE,November,Observed,-25.02859372930442
19,2014-12-01,Peninsula - Upper East Coast,,,,,,2014,12,GRACE,December,Missing,
19,2015-01-01,Peninsula - Upper East Coast,6.025341211060221,1.0,57.0,2015-01-22,2015-01-22,2015,1,GRACE,January,Observed,-21.88660541504604
19,2015-02-01,Peninsula - Upper East Coast,-31.19224937978946,1.0,57.0,2015-02-15,2015-02-15,2015,2,GRACE,February,Observed,-22.473353409111603
19,2015-03-01,Peninsula - Upper East Coast,-17.616349256606497,1.0,57.0,2015-03-16,2015-03-16,2015,3,GRACE,March,Observed,-21.412853880059558
19,2015-04-01,Peninsula - Upper East Coast,-26.91862302216318,2.0,114.0,2015-04-16,2015-04-27,2015,4,GRACE,April,Observed,-21.309966969816937
19,2015-05-01,Peninsula - Upper East Coast,,,,,,2015,5,GRACE,May,Missing,
19,2015-06-01,Peninsula - Upper East Coast,,,,,,2015,6,GRACE,June,Missing,
19,2015-07-01,Peninsula - Upper East Coast,-27.167337361636108,1.0,57.0,2015-07-15,2015-07-15,2015,7,GRACE,July,Observed,-23.02139755922783
19,2015-08-01,Peninsula - Upper East Coast,-22.940017127644683,1.0,57.0,2015-08-16,2015-08-16,2015,8,GRACE,August,Observed,-25.298610179908827
19,2015-09-01,Peninsula - Upper East Coast,-30.100928499927498,1.0,57.0,2015-09-14,2015-09-14,2015,9,GRACE,September,Observed,-25.370804124166085
19,2015-10-01,Peninsula - Upper East Coast,,,,,,2015,10,GRACE,October,Missing,
19,2015-11-01,Peninsula - Upper East Coast,,,,,,2015,11,GRACE,November,Missing,
19,2015-12-01,Peninsula - Upper East Coast,-34.2610170371154,1.0,57.0,2015-12-23,2015-12-23,2015,12,GRACE,December,Observed,-28.059021276433533
19,2016-01-01,Peninsula - Upper East Coast,-12.192359754387791,1.0,57.0,2016-01-16,2016-01-16,2016,1,GRACE,January,Observed,-30.674405647825047
19,2016-02-01,Peninsula - Upper East Coast,-31.76980093384749,1.0,57.0,2016-02-14,2016-02-14,2016,2,GRACE,February,Observed,-31.397122390352063
19,2016-03-01,Peninsula - Upper East Coast,-28.11430409264098,1.0,57.0,2016-03-16,2016-03-16,2016,3,GRACE,March,Observed,-31.18396064575497
19,2016-04-01,Peninsula - Upper East Coast,,,,,,2016,4,GRACE,April,Missing,
19,2016-05-01,Peninsula - Upper East Coast,-37.92640540426829,1.0,57.0,2016-05-20,2016-05-20,2016,5,GRACE,May,Observed,-31.319339663983403
19,2016-06-01,Peninsula - Upper East Coast,-51.59748061895718,1.0,57.0,2016-06-16,2016-06-16,2016,6,GRACE,June,Observed,-29.428088284434555
19,2016-07-01,Peninsula - Upper East Coast,-33.671788044379205,1.0,57.0,2016-07-15,2016-07-15,2016,7,GRACE,July,Observed,-28.927593926021554
19,2016-08-01,Peninsula - Upper East Coast,-21.02156142627088,1.0,57.0,2016-08-21,2016-08-21,2016,8,GRACE,August,Observed,-27.330746144976185
19,2016-09-01,Peninsula - Upper East Coast,,,,,,2016,9,GRACE,September,Missing,
19,2016-10-01,Peninsula - Upper East Coast,,,,,,2016,10,GRACE,October,Missing,
19,2016-11-01,Peninsula - Upper East Coast,-14.298077248043784,1.0,57.0,2016-11-27,2016-11-27,2016,11,GRACE,November,Observed,-22.14395121244226
19,2016-12-01,Peninsula - Upper East Coast,-29.756567811398387,1.0,57.0,2016-12-24,2016-12-24,2016,12,GRACE,December,Observed,-21.381678926222296
19,2017-01-01,Peninsula - Upper East Coast,2.179270275020538,1.0,57.0,2017-01-21,2017-01-21,2017,1,GRACE,January,Observed,-15.430775386365374
19,2017-02-01,Peninsula - Upper East Coast,,,,,,2017,2,GRACE,February,Missing,
19,2017-03-01,Peninsula - Upper East Coast,8.232058771633756,1.0,57.0,2017-03-31,2017-03-31,2017,3,GRACE,March,Observed,
19,2017-04-01,Peninsula - Upper East Coast,-21.435009405316904,1.0,57.0,2017-04-24,2017-04-24,2017,4,GRACE,April,Observed,
19,2017-05-01,Peninsula - Upper East Coast,-31.065954828288607,1.0,57.0,2017-05-13,2017-05-13,2017,5,GRACE,May,Observed,
19,2017-06-01,Peninsula - Upper East Coast,1.96065123975512,1.0,57.0,2017-06-10,2017-06-10,2017,6,GRACE,June,Observed,
19,2017-07-01,Peninsula - Upper East Coast,,,,,,2017,7,Mission gap,July,Missing,
19,2017-08-01,Peninsula - Upper East Coast,,,,,,2017,8,Mission gap,August,Missing,
19,2017-09-01,Peninsula - Upper East Coast,,,,,,2017,9,Mission gap,September,Missing,
19,2017-10-01,Peninsula - Upper East Coast,,,,,,2017,10,Mission gap,October,Missing,
19,2017-11-01,Peninsula - Upper East Coast,,,,,,2017,11,Mission gap,November,Missing,
19,2017-12-01,Peninsula - Upper East Coast,,,,,,2017,12,Mission gap,December,Missing,
19,2018-01-01,Peninsula - Upper East Coast,,,,,,2018,1,Mission gap,January,Missing,
19,2018-02-01,Peninsula - Upper East Coast,,,,,,2018,2,Mission gap,February,Missing,
19,2018-03-01,Peninsula - Upper East Coast,,,,,,2018,3,Mission gap,March,Missing,
19,2018-04-01,Peninsula - Upper East Coast,,,,,,2018,4,Mission gap,April,Missing,
19,2018-05-01,Peninsula - Upper East Coast,,,,,,2018,5,GRACE-FO,May,Missing,
19,2018-06-01,Peninsula - Upper East Coast,-21.65079686830872,1.0,57.0,2018-06-16,2018-06-16,2018,6,GRACE-FO,June,Observed,
19,2018-07-01,Peninsula - Upper East Coast,-14.993476529071268,1.0,57.0,2018-07-10,2018-07-10,2018,7,GRACE-FO,July,Observed,
19,2018-08-01,Peninsula - Upper East Coast,,,,,,2018,8,GRACE-FO,August,Missing,
19,2018-09-01,Peninsula - Upper East Coast,,,,,,2018,9,GRACE-FO,September,Missing,
19,2018-10-01,Peninsula - Upper East Coast,-20.2531579233834,1.0,57.0,2018-10-31,2018-10-31,2018,10,GRACE-FO,October,Observed,-23.920905673045674
19,2018-11-01,Peninsula - Upper East Coast,-18.353720276492357,1.0,57.0,2018-11-16,2018-11-16,2018,11,GRACE-FO,November,Observed,-24.922244727266314
19,2018-12-01,Peninsula - Upper East Coast,-25.31471487645754,1.0,57.0,2018-12-16,2018-12-16,2018,12,GRACE-FO,December,Observed,-26.027184061469946
19,2019-01-01,Peninsula - Upper East Coast,-39.43602894320437,1.0,57.0,2019-01-16,2019-01-16,2019,1,GRACE-FO,January,Observed,-27.84577709834453
19,2019-02-01,Peninsula - Upper East Coast,-32.9157819115205,1.0,57.0,2019-02-15,2019-02-15,2019,2,GRACE-FO,February,Observed,-29.37706912202456
19,2019-03-01,Peninsula - Upper East Coast,-18.449568055927234,1.0,57.0,2019-03-16,2019-03-16,2019,3,GRACE-FO,March,Observed,-28.165703527347656
19,2019-04-01,Peninsula - Upper East Coast,-32.932957161031396,1.0,57.0,2019-04-16,2019-04-16,2019,4,GRACE-FO,April,Observed,-27.16428684541239
19,2019-05-01,Peninsula - Upper East Coast,-35.97163806930263,1.0,57.0,2019-05-16,2019-05-16,2019,5,GRACE-FO,May,Observed,-28.772418316592503
19,2019-06-01,Peninsula - Upper East Coast,-39.83672723705462,1.0,57.0,2019-06-16,2019-06-16,2019,6,GRACE-FO,June,Observed,-30.851916335601477
19,2019-07-01,Peninsula - Upper East Coast,-30.30639676587157,1.0,57.0,2019-07-16,2019-07-16,2019,7,GRACE-FO,July,Observed,-33.833880881181955
19,2019-08-01,Peninsula - Upper East Coast,-16.052047580578574,1.0,57.0,2019-08-16,2019-08-16,2019,8,GRACE-FO,August,Observed,-33.334902503288546
19,2019-09-01,Peninsula - Upper East Coast,-16.148703344124463,1.0,57.0,2019-09-16,2019-09-16,2019,9,GRACE-FO,September,Observed,-33.4919406914042
19,2019-10-01,Peninsula - Upper East Coast,-39.55073557754475,1.0,57.0,2019-10-16,2019-10-16,2019,10,GRACE-FO,October,Observed,-34.123084838930055
19,2019-11-01,Peninsula - Upper East Coast,-43.307696504600116,1.0,57.0,2019-11-16,2019-11-16,2019,11,GRACE-FO,November,Observed,-33.12059777828836
19,2019-12-01,Peninsula - Upper East Coast,-61.098289423423225,1.0,57.0,2019-12-16,2019-12-16,2019,12,GRACE-FO,December,Observed,-33.13783526260737
19,2020-01-01,Peninsula - Upper East Coast,-33.4482884084835,1.0,57.0,2020-01-16,2020-01-16,2020,1,GRACE-FO,January,Observed,-32.87924444880929
19,2020-02-01,Peninsula - Upper East Coast,-34.8002401689083,1.0,57.0,2020-02-15,2020-02-15,2020,2,GRACE-FO,February,Observed,-32.87530516902444
19,2020-03-01,Peninsula - Upper East Coast,-26.02329782623746,1.0,57.0,2020-03-16,2020-03-16,2020,3,GRACE-FO,March,Observed,-34.99024842535733
19,2020-04-01,Peninsula - Upper East Coast,-20.903112433331067,1.0,57.0,2020-04-16,2020-04-16,2020,4,GRACE-FO,April,Observed,-36.56835741857372
19,2020-05-01,Peninsula - Upper East Coast,-36.178487881130735,1.0,57.0,2020-05-16,2020-05-16,2020,5,GRACE-FO,May,Observed,-34.67583411077365
19,2020-06-01,Peninsula - Upper East Coast,-36.73363747147767,1.0,57.0,2020-06-16,2020-06-16,2020,6,GRACE-FO,June,Observed,-32.95031460473795
19,2020-07-01,Peninsula - Upper East Coast,-30.25912540845343,1.0,57.0,2020-07-16,2020-07-16,2020,7,GRACE-FO,July,Observed,-31.278050060554836
19,2020-08-01,Peninsula - Upper East Coast,-41.43136665657324,1.0,57.0,2020-08-16,2020-08-16,2020,8,GRACE-FO,August,Observed,-32.069716995151865
19,2020-09-01,Peninsula - Upper East Coast,-35.08601126272104,1.0,57.0,2020-09-16,2020-09-16,2020,9,GRACE-FO,September,Observed,-31.45282155144802
19,2020-10-01,Peninsula - Upper East Coast,-16.840455883943992,1.0,57.0,2020-10-16,2020-10-16,2020,10,GRACE-FO,October,Observed,-32.76819306038986
19,2020-11-01,Peninsula - Upper East Coast,-22.601462432171648,1.0,57.0,2020-11-16,2020-11-16,2020,11,GRACE-FO,November,Observed,-33.45869278310321
19,2020-12-01,Peninsula - Upper East Coast,-41.031114893225975,1.0,57.0,2020-12-16,2020-12-16,2020,12,GRACE-FO,December,Observed,-34.234967442457425
19,2021-01-01,Peninsula - Upper East Coast,-42.94829162364781,1.0,57.0,2021-01-16,2021-01-16,2021,1,GRACE-FO,January,Observed,-33.29712692470995
19,2021-02-01,Peninsula - Upper East Coast,-27.39749484446216,1.0,57.0,2021-02-15,2021-02-15,2021,2,GRACE-FO,February,Observed,-33.60662172564782
19,2021-03-01,Peninsula - Upper East Coast,-41.80775593353959,1.0,57.0,2021-03-16,2021-03-16,2021,3,GRACE-FO,March,Observed,-34.053403968584234
19,2021-04-01,Peninsula - Upper East Coast,-29.189109105891283,1.0,57.0,2021-04-16,2021-04-16,2021,4,GRACE-FO,April,Observed,-35.5814226536313
19,2021-05-01,Peninsula - Upper East Coast,-45.493783793381255,1.0,57.0,2021-05-16,2021-05-16,2021,5,GRACE-FO,May,Observed,-37.17286559485078
19,2021-06-01,Peninsula - Upper East Coast,-25.479551258507918,1.0,57.0,2021-06-16,2021-06-16,2021,6,GRACE-FO,June,Observed,-38.49015974180525
19,2021-07-01,Peninsula - Upper East Coast,-33.973063019707936,1.0,57.0,2021-07-16,2021-07-16,2021,7,GRACE-FO,July,Observed,-38.97265586877297
19,2021-08-01,Peninsula - Upper East Coast,-46.79275357181024,1.0,57.0,2021-08-16,2021-08-16,2021,8,GRACE-FO,August,Observed,-39.74532533515872
19,2021-09-01,Peninsula - Upper East Coast,-53.42223548328576,1.0,57.0,2021-09-16,2021-09-16,2021,9,GRACE-FO,September,Observed,-40.33204746696553
19,2021-10-01,Peninsula - Upper East Coast,-35.937771178577755,1.0,57.0,2021-10-16,2021-10-16,2021,10,GRACE-FO,October,Observed,-39.65977898158574
19,2021-11-01,Peninsula - Upper East Coast,-38.40899219562536,1.0,57.0,2021-11-16,2021-11-16,2021,11,GRACE-FO,November,Observed,-40.091812134662625
19,2021-12-01,Peninsula - Upper East Coast,-46.82106841683853,1.0,57.0,2021-12-16,2021-12-16,2021,12,GRACE-FO,December,Observed,-39.548480259523444
19,2022-01-01,Peninsula - Upper East Coast,-52.22032522027678,1.0,57.0,2022-01-16,2022-01-16,2022,1,GRACE-FO,January,Observed,-40.77427181714649
19,2022-02-01,Peninsula - Upper East Coast,-34.438160426143945,1.0,57.0,2022-02-15,2022-02-15,2022,2,GRACE-FO,February,Observed,-41.500801936408266
19,2022-03-01,Peninsula - Upper East Coast,-33.740534108982146,1.0,57.0,2022-03-16,2022-03-16,2022,3,GRACE-FO,March,Observed,-42.354822082857176
19,2022-04-01,Peninsula - Upper East Coast,-34.37350694281384,1.0,57.0,2022-04-16,2022-04-16,2022,4,GRACE-FO,April,Observed,-41.68227737743253
19,2022-05-01,Peninsula - Upper East Coast,-38.9738012917111,1.0,57.0,2022-05-16,2022-05-16,2022,5,GRACE-FO,May,Observed,-42.733106155007725
19,2022-06-01,Peninsula - Upper East Coast,-40.18904994998451,1.0,57.0,2022-06-16,2022-06-16,2022,6,GRACE-FO,June,Observed,-41.54245854249047
19,2022-07-01,Peninsula - Upper East Coast,-42.691424450849226,1.0,57.0,2022-07-16,2022-07-16,2022,7,GRACE-FO,July,Observed,-42.06092377342779
19,2022-08-01,Peninsula - Upper East Coast,-57.04099532919716,1.0,57.0,2022-08-16,2022-08-16,2022,8,GRACE-FO,August,Observed,-41.43291680471605
19,2022-09-01,Peninsula - Upper East Coast,-45.351699018189954,1.0,57.0,2022-09-16,2022-09-16,2022,9,GRACE-FO,September,Observed,-42.75128368837262
19,2022-10-01,Peninsula - Upper East Coast,-48.54771650948013,1.0,57.0,2022-10-16,2022-10-16,2022,10,GRACE-FO,October,Observed,-45.3029971216443
19,2022-11-01,Peninsula - Upper East Coast,-24.121220845418346,1.0,57.0,2022-11-16,2022-11-16,2022,11,GRACE-FO,November,Observed,-45.32947991303129
19,2022-12-01,Peninsula - Upper East Coast,-53.04265118808632,1.0,57.0,2022-12-16,2022-12-16,2022,12,GRACE-FO,December,Observed,-46.75528784899719
19,2023-01-01,Peninsula - Upper East Coast,-44.684241595735955,1.0,57.0,2023-01-16,2023-01-16,2023,1,GRACE-FO,January,Observed,-47.697356805714264
19,2023-02-01,Peninsula - Upper East Coast,-50.25856303002276,1.0,57.0,2023-02-15,2023-02-15,2023,2,GRACE-FO,February,Observed,-47.39211389973124
19,2023-03-01,Peninsula - Upper East Coast,-64.36109530824237,1.0,57.0,2023-03-16,2023-03-16,2023,3,GRACE-FO,March,Observed,-46.093677225517105
19,2023-04-01,Peninsula - Upper East Coast,-34.691300439457635,1.0,57.0,2023-04-16,2023-04-16,2023,4,GRACE-FO,April,Observed,-45.722578416528656
19,2023-05-01,Peninsula - Upper East Coast,-56.08349652330187,1.0,57.0,2023-05-16,2023-05-16,2023,5,GRACE-FO,May,Observed,-43.98500002786181
19,2023-06-01,Peninsula - Upper East Coast,-51.49387743058947,1.0,57.0,2023-06-16,2023-06-16,2023,6,GRACE-FO,June,Observed,-45.55960373183752
19,2023-07-01,Peninsula - Upper East Coast,-39.02850957905287,1.0,57.0,2023-07-16,2023-07-16,2023,7,GRACE-FO,July,Observed,-46.942160052311486
19,2023-08-01,Peninsula - Upper East Coast,-41.45975523862766,1.0,57.0,2023-08-16,2023-08-16,2023,8,GRACE-FO,August,Observed,-48.474765161842534
19,2023-09-01,Peninsula - Upper East Coast,-40.89851331032849,1.0,57.0,2023-09-16,2023-09-16,2023,9,GRACE-FO,September,Observed,-48.41634582746132
19,2023-10-01,Peninsula - Upper East Coast,-27.696775845477863,1.0,57.0,2023-10-16,2023-10-16,2023,10,GRACE-FO,October,Observed,-47.259812367172515
19,2023-11-01,Peninsula - Upper East Coast,-43.016465293127006,1.0,57.0,2023-11-16,2023-11-16,2023,11,GRACE-FO,November,Observed,-49.752692625902306
19,2023-12-01,Peninsula - Upper East Coast,-69.63332703377388,1.0,57.0,2023-12-16,2023-12-16,2023,12,GRACE-FO,December,Observed,-49.61231896332743
19,2024-01-01,Peninsula - Upper East Coast,-63.07550291010857,1.0,57.0,2024-01-16,2024-01-16,2024,1,GRACE-FO,January,Observed,-50.397761061274714
19,2024-02-01,Peninsula - Upper East Coast,-49.557531017448156,1.0,57.0,2024-02-15,2024-02-15,2024,2,GRACE-FO,February,Observed,-52.557010219300174
19,2024-03-01,Peninsula - Upper East Coast,-50.482693784776814,1.0,57.0,2024-03-16,2024-03-16,2024,3,GRACE-FO,March,Observed,-54.84803927665109
19,2024-04-01,Peninsula - Upper East Coast,-64.60586354421503,1.0,57.0,2024-04-16,2024-04-16,2024,4,GRACE-FO,April,Observed,-55.77732870482504
19,2024-05-01,Peninsula - Upper East Coast,-54.39901257240335,1.0,57.0,2024-05-16,2024-05-16,2024,5,GRACE-FO,May,Observed,-57.099199216582825
19,2024-06-01,Peninsula - Upper East Coast,-60.9191826059569,1.0,57.0,2024-06-16,2024-06-16,2024,6,GRACE-FO,June,Observed,-58.37944775507881
19,2024-07-01,Peninsula - Upper East Coast,-64.93949947535839,1.0,57.0,2024-07-16,2024-07-16,2024,7,GRACE-FO,July,Observed,-57.2540598272093
19,2024-08-01,Peninsula - Upper East Coast,-68.95210392683872,1.0,57.0,2024-08-16,2024-08-16,2024,8,GRACE-FO,August,Observed,-56.607232817998266
19,2024-09-01,Peninsula - Upper East Coast,-52.04998644841578,1.0,57.0,2024-09-16,2024-09-16,2024,9,GRACE-FO,September,Observed,-57.48844554306703
19,2024-10-01,Peninsula - Upper East Coast,-43.55922198657123,1.0,57.0,2024-10-16,2024-10-16,2024,10,GRACE-FO,October,Observed,
20,2002-04-01,Thale Sap Songkhla,6.255081050458646,1.0,26.0,2002-04-18,2002-04-18,2002,4,GRACE,April,Observed,
20,2002-05-01,Thale Sap Songkhla,6.2778245595206155,1.0,26.0,2002-05-10,2002-05-10,2002,5,GRACE,May,Observed,
20,2002-06-01,Thale Sap Songkhla,,,,,,2002,6,GRACE,June,Missing,
20,2002-07-01,Thale Sap Songkhla,,,,,,2002,7,GRACE,July,Missing,
20,2002-08-01,Thale Sap Songkhla,5.905701602920151,1.0,26.0,2002-08-16,2002-08-16,2002,8,GRACE,August,Observed,10.26435393766991
20,2002-09-01,Thale Sap Songkhla,7.122536400554072,1.0,26.0,2002-09-16,2002-09-16,2002,9,GRACE,September,Observed,10.196812799565334
20,2002-10-01,Thale Sap Songkhla,13.724630176775657,1.0,26.0,2002-10-16,2002-10-16,2002,10,GRACE,October,Observed,9.64630994413702
20,2002-11-01,Thale Sap Songkhla,16.553286175140872,1.0,26.0,2002-11-16,2002-11-16,2002,11,GRACE,November,Observed,9.185192939168356
20,2002-12-01,Thale Sap Songkhla,15.00346229430143,1.0,26.0,2002-12-16,2002-12-16,2002,12,GRACE,December,Observed,9.278511157857622
20,2003-01-01,Thale Sap Songkhla,11.27230924168783,1.0,26.0,2003-01-16,2003-01-16,2003,1,GRACE,January,Observed,9.278511157857622
20,2003-02-01,Thale Sap Songkhla,9.65648369472874,1.0,26.0,2003-02-15,2003-02-15,2003,2,GRACE,February,Observed,8.40236811260385
20,2003-03-01,Thale Sap Songkhla,4.69178424528219,1.0,26.0,2003-03-16,2003-03-16,2003,3,GRACE,March,Observed,8.672303494620605
20,2003-04-01,Thale Sap Songkhla,1.643911000771992,1.0,26.0,2003-04-16,2003-04-16,2003,4,GRACE,April,Observed,9.160433136293092
20,2003-05-01,Thale Sap Songkhla,7.211006746413285,1.0,26.0,2003-05-11,2003-05-11,2003,5,GRACE,May,Observed,9.723388964486505
20,2003-06-01,Thale Sap Songkhla,,,,,,2003,6,GRACE,June,Missing,
20,2003-07-01,Thale Sap Songkhla,-0.3590623399338438,1.0,26.0,2003-07-16,2003-07-16,2003,7,GRACE,July,Observed,11.246545777557474
20,2003-08-01,Thale Sap Songkhla,8.87499080510442,1.0,26.0,2003-08-16,2003-08-16,2003,8,GRACE,August,Observed,10.997275874892331
20,2003-09-01,Thale Sap Songkhla,12.491962458951432,1.0,26.0,2003-09-16,2003-09-16,2003,9,GRACE,September,Observed,11.033932002299734
20,2003-10-01,Thale Sap Songkhla,19.91714428690322,1.0,26.0,2003-10-16,2003-10-16,2003,10,GRACE,October,Observed,10.868975147342585
20,2003-11-01,Thale Sap Songkhla,27.207198372613547,1.0,26.0,2003-11-16,2003-11-16,2003,11,GRACE,November,Observed,11.735278531433748
20,2003-12-01,Thale Sap Songkhla,21.104275040609384,1.0,26.0,2003-12-16,2003-12-16,2003,12,GRACE,December,Observed,11.729221151428419
20,2004-01-01,Thale Sap Songkhla,8.530340312371269,1.0,26.0,2004-01-07,2004-01-07,2004,1,GRACE,January,Observed,11.122557614306496
20,2004-02-01,Thale Sap Songkhla,10.059701096210178,1.0,26.0,2004-02-17,2004-02-17,2004,2,GRACE,February,Observed,12.168629506668617
20,2004-03-01,Thale Sap Songkhla,2.877258840753551,1.0,26.0,2004-03-16,2004-03-16,2004,3,GRACE,March,Observed,12.432173811350024
20,2004-04-01,Thale Sap Songkhla,11.17324822577479,1.0,26.0,2004-04-16,2004-04-16,2004,4,GRACE,April,Observed,12.604959726917286
20,2004-05-01,Thale Sap Songkhla,7.144375566354668,1.0,26.0,2004-05-16,2004-05-16,2004,5,GRACE,May,Observed,12.722166467622975
20,2004-06-01,Thale Sap Songkhla,4.449258705965358,1.0,26.0,2004-06-16,2004-06-16,2004,6,GRACE,June,Observed,11.595714622929924
20,2004-07-01,Thale Sap Songkhla,12.193800368411614,1.0,26.0,2004-07-16,2004-07-16,2004,7,GRACE,July,Observed,10.610901877893113
20,2004-08-01,Thale Sap Songkhla,12.037522461281263,1.0,26.0,2004-08-16,2004-08-16,2004,8,GRACE,August,Observed,10.372696785285408
20,2004-09-01,Thale Sap Songkhla,14.565393445758584,1.0,26.0,2004-09-16,2004-09-16,2004,9,GRACE,September,Observed,9.823702741668763
20,2004-10-01,Thale Sap Songkhla,21.323625175371507,1.0,26.0,2004-10-16,2004-10-16,2004,10,GRACE,October,Observed,9.742019392631887
20,2004-11-01,Thale Sap Songkhla,13.689776236296906,1.0,26.0,2004-11-16,2004-11-16,2004,11,GRACE,November,Observed,8.629289423906672
20,2004-12-01,Thale Sap Songkhla,9.286522100167671,1.0,26.0,2004-12-16,2004-12-16,2004,12,GRACE,December,Observed,7.53063668455712
20,2005-01-01,Thale Sap Songkhla,5.671879201078809,1.0,26.0,2005-01-16,2005-01-16,2005,1,GRACE,January,Observed,6.905704081445674
20,2005-02-01,Thale Sap Songkhla,3.47177257281043,1.0,26.0,2005-02-15,2005-02-15,2005,2,GRACE,February,Observed,5.428653417990952
20,2005-03-01,Thale Sap Songkhla,1.8970586523110426,1.0,26.0,2005-03-16,2005-03-16,2005,3,GRACE,March,Observed,4.354268489353689
20,2005-04-01,Thale Sap Songkhla,-2.1795113989278057,1.0,26.0,2005-04-16,2005-04-16,2005,4,GRACE,April,Observed,3.0624302208403074
20,2005-05-01,Thale Sap Songkhla,-6.039457305839938,1.0,26.0,2005-05-16,2005-05-16,2005,5,GRACE,May,Observed,1.6670941094995981
20,2005-06-01,Thale Sap Songkhla,-3.049932531371986,1.0,26.0,2005-06-16,2005-06-16,2005,6,GRACE,June,Observed,1.4447197931217495
20,2005-07-01,Thale Sap Songkhla,-5.530807593045053,1.0,26.0,2005-07-16,2005-07-16,2005,7,GRACE,July,Observed,1.8421119054125958
20,2005-08-01,Thale Sap Songkhla,-0.8550966823658924,1.0,26.0,2005-08-16,2005-08-16,2005,8,GRACE,August,Observed,2.043148427483676
20,2005-09-01,Thale Sap Songkhla,-0.9366657764019947,1.0,26.0,2005-09-16,2005-09-16,2005,9,GRACE,September,Observed,1.985639015711454
20,2005-10-01,Thale Sap Songkhla,4.579591839282987,1.0,26.0,2005-10-16,2005-10-16,2005,10,GRACE,October,Observed,1.583813520196436
20,2005-11-01,Thale Sap Songkhla,11.02128443976272,1.0,26.0,2005-11-16,2005-11-16,2005,11,GRACE,November,Observed,1.5083365508228177
20,2005-12-01,Thale Sap Songkhla,14.055227447657831,1.0,26.0,2005-12-16,2005-12-16,2005,12,GRACE,December,Observed,2.050132897021542
20,2006-01-01,Thale Sap Songkhla,8.084317465931774,1.0,26.0,2006-01-16,2006-01-16,2006,1,GRACE,January,Observed,2.2514209620838486
20,2006-02-01,Thale Sap Songkhla,2.7816596315437634,1.0,26.0,2006-02-15,2006-02-15,2006,2,GRACE,February,Observed,2.3177052903537243
20,2006-03-01,Thale Sap Songkhla,-2.924847293869175,1.0,26.0,2006-03-16,2006-03-16,2006,3,GRACE,March,Observed,2.169699512894294
20,2006-04-01,Thale Sap Songkhla,-3.0852350314112233,1.0,26.0,2006-04-16,2006-04-16,2006,4,GRACE,April,Observed,2.0166781044919455
20,2006-05-01,Thale Sap Songkhla,0.46209884854475397,1.0,26.0,2006-05-16,2006-05-16,2006,5,GRACE,May,Observed,2.1088791114091037
20,2006-06-01,Thale Sap Songkhla,-0.6344757506243078,1.0,26.0,2006-06-16,2006-06-16,2006,6,GRACE,June,Observed,1.770996101031269
20,2006-07-01,Thale Sap Songkhla,-4.735395653806546,1.0,26.0,2006-07-16,2006-07-16,2006,7,GRACE,July,Observed,1.200538215924565
20,2006-08-01,Thale Sap Songkhla,-2.631166011879052,1.0,26.0,2006-08-16,2006-08-16,2006,8,GRACE,August,Observed,0.42360975338305035
20,2006-09-01,Thale Sap Songkhla,-2.77292267723018,1.0,26.0,2006-09-16,2006-09-16,2006,9,GRACE,September,Observed,-0.3696093933821634
20,2006-10-01,Thale Sap Songkhla,5.686003922288887,1.0,26.0,2006-10-16,2006-10-16,2006,10,GRACE,October,Observed,-0.723487332924603
20,2006-11-01,Thale Sap Songkhla,6.9666883152287005,1.0,26.0,2006-11-16,2006-11-16,2006,11,GRACE,November,Observed,-0.2884468178197481
20,2006-12-01,Thale Sap Songkhla,7.209732826377385,1.0,26.0,2006-12-16,2006-12-16,2006,12,GRACE,December,Observed,-0.9299924025669046
20,2007-01-01,Thale Sap Songkhla,-1.2388240845664016,1.0,26.0,2007-01-16,2007-01-16,2007,1,GRACE,January,Observed,-1.4066030488746637
20,2007-02-01,Thale Sap Songkhla,-6.736970129638803,1.0,26.0,2007-02-14,2007-02-14,2007,2,GRACE,February,Observed,-1.80868230650189
20,2007-03-01,Thale Sap Songkhla,-7.1713825683784505,1.0,26.0,2007-03-16,2007-03-16,2007,3,GRACE,March,Observed,-1.9111280126963655
20,2007-04-01,Thale Sap Songkhla,2.1352511498470363,1.0,26.0,2007-04-16,2007-04-16,2007,4,GRACE,April,Observed,-1.8894774894024897
20,2007-05-01,Thale Sap Songkhla,-7.236448168421125,1.0,26.0,2007-05-16,2007-05-16,2007,5,GRACE,May,Observed,-2.579446749733569
20,2007-06-01,Thale Sap Songkhla,-6.353803506317416,1.0,26.0,2007-06-16,2007-06-16,2007,6,GRACE,June,Observed,-2.4771837140517965
20,2007-07-01,Thale Sap Songkhla,-9.560346745333261,1.0,26.0,2007-07-16,2007-07-16,2007,7,GRACE,July,Observed,-3.124951847119273
20,2007-08-01,Thale Sap Songkhla,-3.860514486212757,1.0,26.0,2007-08-16,2007-08-16,2007,8,GRACE,August,Observed,-3.07344450902156
20,2007-09-01,Thale Sap Songkhla,-2.5131163977036723,1.0,26.0,2007-09-16,2007-09-16,2007,9,GRACE,September,Observed,-3.0750463196520834
20,2007-10-01,Thale Sap Songkhla,-2.593627201684065,1.0,26.0,2007-10-16,2007-10-16,2007,10,GRACE,October,Observed,-2.4733220684963557
20,2007-11-01,Thale Sap Songkhla,8.193844743409972,1.0,26.0,2007-11-16,2007-11-16,2007,11,GRACE,November,Observed,-3.0201396844847106
20,2007-12-01,Thale Sap Songkhla,-0.5634847704323294,1.0,26.0,2007-12-16,2007-12-16,2007,12,GRACE,December,Observed,-3.0584458714782827
20,2008-01-01,Thale Sap Songkhla,-0.6207360273938517,1.0,26.0,2008-01-16,2008-01-16,2008,1,GRACE,January,Observed,-3.183736438352089
20,2008-02-01,Thale Sap Songkhla,-6.75619185720508,1.0,26.0,2008-02-15,2008-02-15,2008,2,GRACE,February,Observed,-2.6244113101989606
20,2008-03-01,Thale Sap Songkhla,0.04930844549028091,1.0,26.0,2008-03-16,2008-03-16,2008,3,GRACE,March,Observed,-2.8232485119581248
20,2008-04-01,Thale Sap Songkhla,-4.426560242013224,1.0,26.0,2008-04-16,2008-04-16,2008,4,GRACE,April,Observed,-3.043647952744187
20,2008-05-01,Thale Sap Songkhla,-7.696122412343992,1.0,26.0,2008-05-16,2008-05-16,2008,5,GRACE,May,Observed,-3.128148230256295
20,2008-06-01,Thale Sap Songkhla,-7.857290308803087,1.0,26.0,2008-06-16,2008-06-16,2008,6,GRACE,June,Observed,-4.134210842997337
20,2008-07-01,Thale Sap Songkhla,-2.8484452074957236,1.0,26.0,2008-07-16,2008-07-16,2008,7,GRACE,July,Observed,-3.986210151394453
20,2008-08-01,Thale Sap Songkhla,-6.246560907322721,1.0,26.0,2008-08-16,2008-08-16,2008,8,GRACE,August,Observed,-4.3202549659657175
20,2008-09-01,Thale Sap Songkhla,-5.1579096871364225,1.0,26.0,2008-09-16,2008-09-16,2008,9,GRACE,September,Observed,-4.535117074911452
20,2008-10-01,Thale Sap Songkhla,-3.6076305318293627,1.0,26.0,2008-10-16,2008-10-16,2008,10,GRACE,October,Observed,-5.296679194325133
20,2008-11-01,Thale Sap Songkhla,-3.878906609482542,1.0,26.0,2008-11-16,2008-11-16,2008,11,GRACE,November,Observed,-5.5922523825015205
20,2008-12-01,Thale Sap Songkhla,1.212523528802287,1.0,26.0,2008-12-16,2008-12-16,2008,12,GRACE,December,Observed,-5.836381506726322
20,2009-01-01,Thale Sap Songkhla,-4.6292738022490205,1.0,26.0,2009-01-16,2009-01-16,2009,1,GRACE,January,Observed,-5.826776848879805
20,2009-02-01,Thale Sap Songkhla,-9.334537164553895,1.0,26.0,2009-02-15,2009-02-15,2009,2,GRACE,February,Observed,-6.208245852549372
20,2009-03-01,Thale Sap Songkhla,-9.089436987473892,1.0,26.0,2009-03-16,2009-03-16,2009,3,GRACE,March,Observed,-6.729940750491974
20,2009-04-01,Thale Sap Songkhla,-7.973438500129884,1.0,26.0,2009-04-16,2009-04-16,2009,4,GRACE,April,Observed,-6.771767445297923
20,2009-05-01,Thale Sap Songkhla,-10.625671903041596,1.0,26.0,2009-05-16,2009-05-16,2009,5,GRACE,May,Observed,-6.702813900075648
20,2009-06-01,Thale Sap Songkhla,-7.742034414644885,1.0,26.0,2009-06-16,2009-06-16,2009,6,GRACE,June,Observed,-6.400811930069252
20,2009-07-01,Thale Sap Songkhla,-7.426073251530538,1.0,26.0,2009-07-16,2009-07-16,2009,7,GRACE,July,Observed,-6.542390058714542
20,2009-08-01,Thale Sap Songkhla,-12.506899682633952,1.0,26.0,2009-08-16,2009-08-16,2009,8,GRACE,August,Observed,-6.425745684723046
20,2009-09-01,Thale Sap Songkhla,-5.659830024807805,1.0,26.0,2009-09-16,2009-09-16,2009,9,GRACE,September,Observed,-6.675772213254226
20,2009-10-01,Thale Sap Songkhla,-2.780187989162048,1.0,26.0,2009-10-16,2009-10-16,2009,10,GRACE,October,Observed,-7.092091183478897
20,2009-11-01,Thale Sap Songkhla,-0.25488296940578914,1.0,26.0,2009-11-16,2009-11-16,2009,11,GRACE,November,Observed,-7.389955033938059
20,2009-12-01,Thale Sap Songkhla,-0.4864140149412015,1.0,26.0,2009-12-16,2009-12-16,2009,12,GRACE,December,Observed,-7.498807932335215
20,2010-01-01,Thale Sap Songkhla,-3.2295413143510623,1.0,26.0,2010-01-16,2010-01-16,2010,1,GRACE,January,Observed,-7.908854498869457
20,2010-02-01,Thale Sap Songkhla,-12.33485550692805,1.0,26.0,2010-02-15,2010-02-15,2010,2,GRACE,February,Observed,-8.024641232375094
20,2010-03-01,Thale Sap Songkhla,-14.08526463016995,1.0,26.0,2010-03-16,2010-03-16,2010,3,GRACE,March,Observed,-7.694346628230337
20,2010-04-01,Thale Sap Songkhla,-11.54780470563984,1.0,26.0,2010-04-16,2010-04-16,2010,4,GRACE,April,Observed,-7.807326775058859
20,2010-05-01,Thale Sap Songkhla,-11.931906683807446,1.0,26.0,2010-05-16,2010-05-16,2010,5,GRACE,May,Observed,-7.7417330415685335
20,2010-06-01,Thale Sap Songkhla,-12.662593213055809,1.0,26.0,2010-06-16,2010-06-16,2010,6,GRACE,June,Observed,-6.8342818244048855
20,2010-07-01,Thale Sap Songkhla,-8.815514053598179,1.0,26.0,2010-07-16,2010-07-16,2010,7,GRACE,July,Observed,-6.8628859123911345
20,2010-08-01,Thale Sap Songkhla,-8.543364432896864,1.0,26.0,2010-08-16,2010-08-16,2010,8,GRACE,August,Observed,-7.193189966758413
20,2010-09-01,Thale Sap Songkhla,-7.015591786750054,1.0,26.0,2010-09-16,2010-09-16,2010,9,GRACE,September,Observed,-6.514028940709111
20,2010-10-01,Thale Sap Songkhla,-1.9930631872781575,1.0,26.0,2010-10-16,2010-10-16,2010,10,GRACE,October,Observed,-5.660858463873762
20,2010-11-01,Thale Sap Songkhla,10.63453163655799,1.0,26.0,2010-11-16,2010-11-16,2010,11,GRACE,November,Observed,-4.740296046312735
20,2010-12-01,Thale Sap Songkhla,-0.8296630707761906,1.0,26.0,2010-12-14,2010-12-14,2010,12,GRACE,December,Observed,-4.426918347786835
20,2011-01-01,Thale Sap Songkhla,,,,,,2011,1,GRACE,January,Missing,
20,2011-02-01,Thale Sap Songkhla,-4.864084220385735,1.0,26.0,2011-02-18,2011-02-18,2011,2,GRACE,February,Observed,-3.7553501000365186
20,2011-03-01,Thale Sap Songkhla,-4.700389384981092,1.0,26.0,2011-03-16,2011-03-16,2011,3,GRACE,March,Observed,-3.640730747478133
20,2011-04-01,Thale Sap Songkhla,-1.4216181124685547,1.0,26.0,2011-04-16,2011-04-16,2011,4,GRACE,April,Observed,-3.3254015460091884
20,2011-05-01,Thale Sap Songkhla,-8.484752000022544,1.0,26.0,2011-05-16,2011-05-16,2011,5,GRACE,May,Observed,-3.644057341275077
20,2011-06-01,Thale Sap Songkhla,,,,,,2011,6,GRACE,June,Missing,
20,2011-07-01,Thale Sap Songkhla,-10.335506441363993,1.0,26.0,2011-07-18,2011-07-18,2011,7,GRACE,July,Observed,-5.555473249844029
20,2011-08-01,Thale Sap Songkhla,-7.397170907313003,1.0,26.0,2011-08-16,2011-08-16,2011,8,GRACE,August,Observed,-4.934999817821773
20,2011-09-01,Thale Sap Songkhla,-3.862299772060605,1.0,26.0,2011-09-16,2011-09-16,2011,9,GRACE,September,Observed,-4.773202044501128
20,2011-10-01,Thale Sap Songkhla,-5.179621139937044,2.0,52.0,2011-10-16,2011-10-31,2011,10,GRACE,October,Observed,-3.9279917220321656
20,2011-11-01,Thale Sap Songkhla,,,,,,2011,11,GRACE,November,Missing,
20,2011-12-01,Thale Sap Songkhla,-3.7538172700636947,1.0,26.0,2011-12-28,2011-12-28,2011,12,GRACE,December,Observed,-2.671255838962426
20,2012-01-01,Thale Sap Songkhla,0.6492610703785295,1.0,26.0,2012-01-16,2012-01-16,2012,1,GRACE,January,Observed,-2.883405605173181
20,2012-02-01,Thale Sap Songkhla,-3.2461064871792806,1.0,26.0,2012-02-15,2012-02-15,2012,2,GRACE,February,Observed,-2.146682173207359
20,2012-03-01,Thale Sap Songkhla,3.7517138397085374,1.0,26.0,2012-03-16,2012-03-16,2012,3,GRACE,March,Observed,-1.6167454761156577
20,2012-04-01,Thale Sap Songkhla,5.3322445571687185,1.0,26.0,2012-04-04,2012-04-04,2012,4,GRACE,April,Observed,-2.0743957336298555
20,2012-05-01,Thale Sap Songkhla,,,,,,2012,5,GRACE,May,Missing,
20,2012-06-01,Thale Sap Songkhla,-4.792753501069973,1.0,26.0,2012-06-16,2012-06-16,2012,6,GRACE,June,Observed,-1.360184904233055
20,2012-07-01,Thale Sap Songkhla,-2.968272121705776,1.0,26.0,2012-07-16,2012-07-16,2012,7,GRACE,July,Observed,-0.5581709699939503
20,2012-08-01,Thale Sap Songkhla,-2.0978039363959877,1.0,26.0,2012-08-16,2012-08-16,2012,8,GRACE,August,Observed,-0.2870115179237797
20,2012-09-01,Thale Sap Songkhla,-8.438802347202584,1.0,26.0,2012-09-13,2012-09-13,2012,9,GRACE,September,Observed,-0.5990429163635749
20,2012-10-01,Thale Sap Songkhla,,,,,,2012,10,GRACE,October,Missing,
20,2012-11-01,Thale Sap Songkhla,1.9624871540309625,1.0,26.0,2012-11-18,2012-11-18,2012,11,GRACE,November,Observed,-1.9870280581754183
20,2012-12-01,Thale Sap Songkhla,4.266322072327349,1.0,26.0,2012-12-16,2012-12-16,2012,12,GRACE,December,Observed,-1.9941834308816566
20,2013-01-01,Thale Sap Songkhla,3.360855591080237,1.0,26.0,2013-01-16,2013-01-16,2013,1,GRACE,January,Observed,-1.939006812546868
20,2013-02-01,Thale Sap Songkhla,-6.366420471577233,1.0,26.0,2013-02-14,2013-02-14,2013,2,GRACE,February,Observed,-2.2748833980278165
20,2013-03-01,Thale Sap Songkhla,,,,,,2013,3,GRACE,March,Missing,
20,2013-04-01,Thale Sap Songkhla,-2.8088649630657616,1.0,26.0,2013-04-21,2013-04-21,2013,4,GRACE,April,Observed,-1.5265284620849489
20,2013-05-01,Thale Sap Songkhla,-2.0585817852378008,1.0,26.0,2013-05-16,2013-05-16,2013,5,GRACE,May,Observed,-1.8458449623673754
20,2013-06-01,Thale Sap Songkhla,-4.2409873177220865,1.0,26.0,2013-06-16,2013-06-16,2013,6,GRACE,June,Observed,-2.4033405565540797
20,2013-07-01,Thale Sap Songkhla,-6.327037976515257,1.0,26.0,2013-07-16,2013-07-16,2013,7,GRACE,July,Observed,-2.767556966582869
20,2013-08-01,Thale Sap Songkhla,,,,,,2013,8,GRACE,August,Missing,
20,2013-09-01,Thale Sap Songkhla,,,,,,2013,9,GRACE,September,Missing,
20,2013-10-01,Thale Sap Songkhla,-4.400376964626786,1.0,26.0,2013-10-16,2013-10-16,2013,10,GRACE,October,Observed,-4.951423589955961
20,2013-11-01,Thale Sap Songkhla,-3.05497319364938,1.0,26.0,2013-11-16,2013-11-16,2013,11,GRACE,November,Observed,-6.161446974653162
20,2013-12-01,Thale Sap Songkhla,0.9883743820682432,1.0,26.0,2013-12-16,2013-12-16,2013,12,GRACE,December,Observed,-6.920071618919672
20,2014-01-01,Thale Sap Songkhla,-12.339430982475694,1.0,26.0,2014-01-09,2014-01-09,2014,1,GRACE,January,Observed,-7.4235973036127785
20,2014-02-01,Thale Sap Songkhla,,,,,,2014,2,GRACE,February,Missing,
20,2014-03-01,Thale Sap Songkhla,-10.320933508379124,1.0,26.0,2014-03-17,2014-03-17,2014,3,GRACE,March,Observed,-7.755200766100419
20,2014-04-01,Thale Sap Songkhla,-13.699075425340572,1.0,26.0,2014-04-16,2014-04-16,2014,4,GRACE,April,Observed,-7.072179363032608
20,2014-05-01,Thale Sap Songkhla,-8.886203583636384,1.0,26.0,2014-05-16,2014-05-16,2014,5,GRACE,May,Observed,-5.9907212619714985
20,2014-06-01,Thale Sap Songkhla,-8.772718479960057,1.0,26.0,2014-06-13,2014-06-13,2014,6,GRACE,June,Observed,-5.580078234950489
20,2014-07-01,Thale Sap Songkhla,,,,,,2014,7,GRACE,July,Missing,
20,2014-08-01,Thale Sap Songkhla,-9.311469138904009,1.0,26.0,2014-08-16,2014-08-16,2014,8,GRACE,August,Observed,-4.774129316919896
20,2014-09-01,Thale Sap Songkhla,-0.9249867354223067,1.0,26.0,2014-09-16,2014-09-16,2014,9,GRACE,September,Observed,-4.72365162764933
20,2014-10-01,Thale Sap Songkhla,6.4142040459843,1.0,26.0,2014-10-16,2014-10-16,2014,10,GRACE,October,Observed,-4.209096059058416
20,2014-11-01,Thale Sap Songkhla,1.0514570765607156,1.0,26.0,2014-11-16,2014-11-16,2014,11,GRACE,November,Observed,-3.5359827287665957
20,2014-12-01,Thale Sap Songkhla,,,,,,2014,12,GRACE,December,Missing,
20,2015-01-01,Thale Sap Songkhla,1.4825618968183674,1.0,26.0,2015-01-22,2015-01-22,2015,1,GRACE,January,Observed,-2.2126131530086894
20,2015-02-01,Thale Sap Songkhla,-4.269352424214229,1.0,26.0,2015-02-15,2015-02-15,2015,2,GRACE,February,Observed,-2.7497160850007814
20,2015-03-01,Thale Sap Songkhla,-5.175377822469976,1.0,26.0,2015-03-16,2015-03-16,2015,3,GRACE,March,Observed,-1.914882804487502
20,2015-04-01,Thale Sap Songkhla,-6.967942122422377,2.0,52.0,2015-04-16,2015-04-27,2015,4,GRACE,April,Observed,-1.9317499323595184
20,2015-05-01,Thale Sap Songkhla,,,,,,2015,5,GRACE,May,Missing,
20,2015-06-01,Thale Sap Songkhla,,,,,,2015,6,GRACE,June,Missing,
20,2015-07-01,Thale Sap Songkhla,-7.046539540937521,1.0,26.0,2015-07-15,2015-07-15,2015,7,GRACE,July,Observed,-2.89470453047433
20,2015-08-01,Thale Sap Songkhla,-1.797969614284491,1.0,26.0,2015-08-16,2015-08-16,2015,8,GRACE,August,Observed,-2.934772291509637
20,2015-09-01,Thale Sap Songkhla,-1.0767908862704558,1.0,26.0,2015-09-14,2015-09-14,2015,9,GRACE,September,Observed,-2.7632813231841085
20,2015-10-01,Thale Sap Songkhla,,,,,,2015,10,GRACE,October,Missing,
20,2015-11-01,Thale Sap Songkhla,,,,,,2015,11,GRACE,November,Missing,
20,2015-12-01,Thale Sap Songkhla,1.69377426998604,1.0,26.0,2015-12-23,2015-12-23,2015,12,GRACE,December,Observed,-2.1928825451755602
20,2016-01-01,Thale Sap Songkhla,1.1620198085359128,1.0,26.0,2016-01-16,2016-01-16,2016,1,GRACE,January,Observed,-2.8616176078710094
20,2016-02-01,Thale Sap Songkhla,-2.8974246776099988,1.0,26.0,2016-02-14,2016-02-14,2016,2,GRACE,February,Observed,-1.4773604826109243
20,2016-03-01,Thale Sap Songkhla,-6.258805044155569,1.0,26.0,2016-03-16,2016-03-16,2016,3,GRACE,March,Observed,-2.3958782237722667
20,2016-04-01,Thale Sap Songkhla,,,,,,2016,4,GRACE,April,Missing,
20,2016-05-01,Thale Sap Songkhla,-1.3213246766684,1.0,26.0,2016-05-20,2016-05-20,2016,5,GRACE,May,Observed,-2.5607641409599933
20,2016-06-01,Thale Sap Songkhla,-8.211498109434608,1.0,26.0,2016-06-16,2016-06-16,2016,6,GRACE,June,Observed,-2.0446641072957905
20,2016-07-01,Thale Sap Songkhla,5.411774586403248,1.0,26.0,2016-07-15,2016-07-15,2016,7,GRACE,July,Observed,-2.1741507653433554
20,2016-08-01,Thale Sap Songkhla,-10.064629284736572,1.0,26.0,2016-08-21,2016-08-21,2016,8,GRACE,August,Observed,-2.2651525014986613
20,2016-09-01,Thale Sap Songkhla,,,,,,2016,9,GRACE,September,Missing,
20,2016-10-01,Thale Sap Songkhla,,,,,,2016,10,GRACE,October,Missing,
20,2016-11-01,Thale Sap Songkhla,2.08413616201783,1.0,26.0,2016-11-27,2016-11-27,2016,11,GRACE,November,Observed,-2.2531632493468514
20,2016-12-01,Thale Sap Songkhla,0.5283943475579564,1.0,26.0,2016-12-24,2016-12-24,2016,12,GRACE,December,Observed,-2.161152883665667
20,2017-01-01,Thale Sap Songkhla,0.3430041831381606,1.0,26.0,2017-01-21,2017-01-21,2017,1,GRACE,January,Observed,-1.2221165790791408
20,2017-02-01,Thale Sap Songkhla,,,,,,2017,2,GRACE,February,Missing,
20,2017-03-01,Thale Sap Songkhla,-2.4002562520798083,1.0,26.0,2017-03-31,2017-03-31,2017,3,GRACE,March,Observed,
20,2017-04-01,Thale Sap Songkhla,-6.648070200319471,1.0,26.0,2017-04-24,2017-04-24,2017,4,GRACE,April,Observed,
20,2017-05-01,Thale Sap Songkhla,-0.4932313855377422,1.0,26.0,2017-05-13,2017-05-13,2017,5,GRACE,May,Observed,
20,2017-06-01,Thale Sap Songkhla,0.23982863184413208,1.0,26.0,2017-06-10,2017-06-10,2017,6,GRACE,June,Observed,
20,2017-07-01,Thale Sap Songkhla,,,,,,2017,7,Mission gap,July,Missing,
20,2017-08-01,Thale Sap Songkhla,,,,,,2017,8,Mission gap,August,Missing,
20,2017-09-01,Thale Sap Songkhla,,,,,,2017,9,Mission gap,September,Missing,
20,2017-10-01,Thale Sap Songkhla,,,,,,2017,10,Mission gap,October,Missing,
20,2017-11-01,Thale Sap Songkhla,,,,,,2017,11,Mission gap,November,Missing,
20,2017-12-01,Thale Sap Songkhla,,,,,,2017,12,Mission gap,December,Missing,
20,2018-01-01,Thale Sap Songkhla,,,,,,2018,1,Mission gap,January,Missing,
20,2018-02-01,Thale Sap Songkhla,,,,,,2018,2,Mission gap,February,Missing,
20,2018-03-01,Thale Sap Songkhla,,,,,,2018,3,Mission gap,March,Missing,
20,2018-04-01,Thale Sap Songkhla,,,,,,2018,4,Mission gap,April,Missing,
20,2018-05-01,Thale Sap Songkhla,,,,,,2018,5,GRACE-FO,May,Missing,
20,2018-06-01,Thale Sap Songkhla,-4.116227416956966,1.0,26.0,2018-06-16,2018-06-16,2018,6,GRACE-FO,June,Observed,
20,2018-07-01,Thale Sap Songkhla,-5.1185265656010985,1.0,26.0,2018-07-10,2018-07-10,2018,7,GRACE-FO,July,Observed,
20,2018-08-01,Thale Sap Songkhla,,,,,,2018,8,GRACE-FO,August,Missing,
20,2018-09-01,Thale Sap Songkhla,,,,,,2018,9,GRACE-FO,September,Missing,
20,2018-10-01,Thale Sap Songkhla,-0.909528592856096,1.0,26.0,2018-10-31,2018-10-31,2018,10,GRACE-FO,October,Observed,-2.3589322712507297
20,2018-11-01,Thale Sap Songkhla,2.2570887030042197,1.0,26.0,2018-11-16,2018-11-16,2018,11,GRACE-FO,November,Observed,-3.7172678520693077
20,2018-12-01,Thale Sap Songkhla,7.698043604668406,1.0,26.0,2018-12-16,2018-12-16,2018,12,GRACE-FO,December,Observed,-4.845759547005508
20,2019-01-01,Thale Sap Songkhla,-4.120308290083593,1.0,26.0,2019-01-16,2019-01-16,2019,1,GRACE-FO,January,Observed,-5.764691141810557
20,2019-02-01,Thale Sap Songkhla,-8.617445718331485,1.0,26.0,2019-02-15,2019-02-15,2019,2,GRACE-FO,February,Observed,-6.72077828577334
20,2019-03-01,Thale Sap Songkhla,-5.944553893849224,1.0,26.0,2019-03-16,2019-03-16,2019,3,GRACE-FO,March,Observed,-6.6988477278213505
20,2019-04-01,Thale Sap Songkhla,-14.583952498617936,1.0,26.0,2019-04-16,2019-04-16,2019,4,GRACE-FO,April,Observed,-6.865197834011794
20,2019-05-01,Thale Sap Songkhla,-15.002184801431302,1.0,26.0,2019-05-16,2019-05-16,2019,5,GRACE-FO,May,Observed,-7.5107118446367265
20,2019-06-01,Thale Sap Songkhla,-13.30554336500747,1.0,26.0,2019-06-16,2019-06-16,2019,6,GRACE-FO,June,Observed,-7.427533298132151
20,2019-07-01,Thale Sap Songkhla,-14.679398005228922,1.0,26.0,2019-07-16,2019-07-16,2019,7,GRACE-FO,July,Observed,-8.346107371416673
20,2019-08-01,Thale Sap Songkhla,-6.4795421483014515,1.0,26.0,2019-08-16,2019-08-16,2019,8,GRACE-FO,August,Observed,-8.560857934312041
20,2019-09-01,Thale Sap Songkhla,-8.695049002106673,1.0,26.0,2019-09-16,2019-09-16,2019,9,GRACE-FO,September,Observed,-9.051283945922394
20,2019-10-01,Thale Sap Songkhla,-8.655696720355278,1.0,26.0,2019-10-16,2019-10-16,2019,10,GRACE-FO,October,Observed,-9.54296430437864
20,2019-11-01,Thale Sap Songkhla,3.255231261059109,1.0,26.0,2019-11-16,2019-11-16,2019,11,GRACE-FO,November,Observed,-8.75641007455346
20,2019-12-01,Thale Sap Songkhla,-3.324845274745842,1.0,26.0,2019-12-16,2019-12-16,2019,12,GRACE-FO,December,Observed,-7.665695192341864
20,2020-01-01,Thale Sap Songkhla,-6.6973150448280405,1.0,26.0,2020-01-16,2020-01-16,2020,1,GRACE-FO,January,Observed,-7.108704393382585
20,2020-02-01,Thale Sap Songkhla,-14.50255785765571,1.0,26.0,2020-02-15,2020-02-15,2020,2,GRACE-FO,February,Observed,-6.648768997605799
20,2020-03-01,Thale Sap Songkhla,-11.844718195324143,1.0,26.0,2020-03-16,2020-03-16,2020,3,GRACE-FO,March,Observed,-6.643640693299235
20,2020-04-01,Thale Sap Songkhla,-5.145301740715807,1.0,26.0,2020-04-16,2020-04-16,2020,4,GRACE-FO,April,Observed,-6.192181758478728
20,2020-05-01,Thale Sap Songkhla,-1.9136062148921351,1.0,26.0,2020-05-16,2020-05-16,2020,5,GRACE-FO,May,Observed,-4.835608197055636
20,2020-06-01,Thale Sap Songkhla,-6.621653777496122,1.0,26.0,2020-06-16,2020-06-16,2020,6,GRACE-FO,June,Observed,-4.859250969232562
20,2020-07-01,Thale Sap Songkhla,-9.1601732559075,1.0,26.0,2020-07-16,2020-07-16,2020,7,GRACE-FO,July,Observed,-5.479410840966552
20,2020-08-01,Thale Sap Songkhla,-6.418002496622684,1.0,26.0,2020-08-16,2020-08-16,2020,8,GRACE-FO,August,Observed,-4.964072395539389
20,2020-09-01,Thale Sap Songkhla,-3.2775417842605923,1.0,26.0,2020-09-16,2020-09-16,2020,9,GRACE-FO,September,Observed,-4.485722966275824
20,2020-10-01,Thale Sap Songkhla,7.6231860167218235,1.0,26.0,2020-10-16,2020-10-16,2020,10,GRACE-FO,October,Observed,-3.6183497859664624
20,2020-11-01,Thale Sap Songkhla,2.9715179949360078,1.0,26.0,2020-11-16,2020-11-16,2020,11,GRACE-FO,November,Observed,-3.336703455898618
20,2020-12-01,Thale Sap Songkhla,-10.76676373555373,1.0,26.0,2020-12-16,2020-12-16,2020,12,GRACE-FO,December,Observed,-4.456389279083025
20,2021-01-01,Thale Sap Songkhla,-0.5132536997020692,1.0,26.0,2021-01-16,2021-01-16,2021,1,GRACE-FO,January,Observed,-4.625768391339876
20,2021-02-01,Thale Sap Songkhla,-8.762364706492942,1.0,26.0,2021-02-15,2021-02-15,2021,2,GRACE-FO,February,Observed,-4.709193057050301
20,2021-03-01,Thale Sap Songkhla,-1.4362400316117998,1.0,26.0,2021-03-16,2021-03-16,2021,3,GRACE-FO,March,Observed,-5.067257790169697
20,2021-04-01,Thale Sap Songkhla,-1.765545779901668,1.0,26.0,2021-04-16,2021-04-16,2021,4,GRACE-FO,April,Observed,-5.589611509306959
20,2021-05-01,Thale Sap Songkhla,-15.349836093105022,1.0,26.0,2021-05-16,2021-05-16,2021,5,GRACE-FO,May,Observed,-6.531726002391506
20,2021-06-01,Thale Sap Songkhla,-8.654203124578336,1.0,26.0,2021-06-16,2021-06-16,2021,6,GRACE-FO,June,Observed,-6.902326245421477
20,2021-07-01,Thale Sap Songkhla,-10.161269244432605,1.0,26.0,2021-07-16,2021-07-16,2021,7,GRACE-FO,July,Observed,-6.215597921283937
20,2021-08-01,Thale Sap Songkhla,-10.714779294055434,1.0,26.0,2021-08-16,2021-08-16,2021,8,GRACE-FO,August,Observed,-7.017651965234823
20,2021-09-01,Thale Sap Songkhla,-9.545786413907734,1.0,26.0,2021-09-16,2021-09-16,2021,9,GRACE-FO,September,Observed,-6.350606813858048
20,2021-10-01,Thale Sap Songkhla,-3.6821879002927473,1.0,26.0,2021-10-16,2021-10-16,2021,10,GRACE-FO,October,Observed,-6.63895001103943
20,2021-11-01,Thale Sap Songkhla,-1.4756849214236536,1.0,26.0,2021-11-16,2021-11-16,2021,11,GRACE-FO,November,Observed,-7.773099639024422
20,2021-12-01,Thale Sap Songkhla,-2.5260238459032336,1.0,26.0,2021-12-16,2021-12-16,2021,12,GRACE-FO,December,Observed,-7.904548642615285
20,2022-01-01,Thale Sap Songkhla,-10.137902227112688,1.0,26.0,2022-01-16,2022-01-16,2022,1,GRACE-FO,January,Observed,-8.160878690557661
20,2022-02-01,Thale Sap Songkhla,-0.7578228899716507,1.0,26.0,2022-02-15,2022-02-15,2022,2,GRACE-FO,February,Observed,-8.299197801730173
20,2022-03-01,Thale Sap Songkhla,-4.89635839778839,1.0,26.0,2022-03-16,2022-03-16,2022,3,GRACE-FO,March,Observed,-8.247282133663068
20,2022-04-01,Thale Sap Songkhla,-15.37534131572157,1.0,26.0,2022-04-16,2022-04-16,2022,4,GRACE-FO,April,Observed,-8.204396243107515
20,2022-05-01,Thale Sap Songkhla,-16.92722413619537,1.0,26.0,2022-05-16,2022-05-16,2022,5,GRACE-FO,May,Observed,-8.532769866647554
20,2022-06-01,Thale Sap Songkhla,-11.730163699886859,1.0,26.0,2022-06-16,2022-06-16,2022,6,GRACE-FO,June,Observed,-8.68327567467986
20,2022-07-01,Thale Sap Songkhla,-11.821098578502749,1.0,26.0,2022-07-16,2022-07-16,2022,7,GRACE-FO,July,Observed,-8.380559197267457
20,2022-08-01,Thale Sap Songkhla,-10.091791277250163,1.0,26.0,2022-08-16,2022-08-16,2022,8,GRACE-FO,August,Observed,-6.9180993216256335
20,2022-09-01,Thale Sap Songkhla,-9.031155727241115,1.0,26.0,2022-09-16,2022-09-16,2022,9,GRACE-FO,September,Observed,-7.77433208288407
20,2022-10-01,Thale Sap Songkhla,-7.6226713827731905,1.0,26.0,2022-10-16,2022-10-16,2022,10,GRACE-FO,October,Observed,-8.66943564120202
20,2022-11-01,Thale Sap Songkhla,-3.2817546178113655,1.0,26.0,2022-11-16,2022-11-16,2022,11,GRACE-FO,November,Observed,-8.074402273886127
20,2022-12-01,Thale Sap Songkhla,1.1065738830456184,1.0,26.0,2022-12-16,2022-12-16,2022,12,GRACE-FO,December,Observed,-7.756281856301555
20,2023-01-01,Thale Sap Songkhla,7.411616280589203,1.0,26.0,2023-01-16,2023-01-16,2023,1,GRACE-FO,January,Observed,-7.596717340071698
20,2023-02-01,Thale Sap Songkhla,-11.032616025072896,1.0,26.0,2023-02-15,2023-02-15,2023,2,GRACE-FO,February,Observed,-7.254690296130044
20,2023-03-01,Thale Sap Songkhla,-15.637601097603783,1.0,26.0,2023-03-16,2023-03-16,2023,3,GRACE-FO,March,Observed,-7.223003372018444
20,2023-04-01,Thale Sap Songkhla,-8.234940907930858,1.0,26.0,2023-04-16,2023-04-16,2023,4,GRACE-FO,April,Observed,-7.09956608922172
20,2023-05-01,Thale Sap Songkhla,-13.109779125180511,1.0,26.0,2023-05-16,2023-05-16,2023,5,GRACE-FO,May,Observed,-6.928912978574867
20,2023-06-01,Thale Sap Songkhla,-9.815389505128552,1.0,26.0,2023-06-16,2023-06-16,2023,6,GRACE-FO,June,Observed,-6.375903616764012
20,2023-07-01,Thale Sap Songkhla,-7.716774051202921,1.0,26.0,2023-07-16,2023-07-16,2023,7,GRACE-FO,July,Observed,-6.400710798862737
20,2023-08-01,Thale Sap Songkhla,-9.711548187910967,1.0,26.0,2023-08-16,2023-08-16,2023,8,GRACE-FO,August,Observed,-7.452039908459071
20,2023-09-01,Thale Sap Songkhla,-7.549908333680416,1.0,26.0,2023-09-16,2023-09-16,2023,9,GRACE-FO,September,Observed,-7.567341477406722
20,2023-10-01,Thale Sap Songkhla,-5.5748340550109505,1.0,26.0,2023-10-16,2023-10-16,2023,10,GRACE-FO,October,Observed,-7.238916397434912
20,2023-11-01,Thale Sap Songkhla,3.354357723918895,1.0,26.0,2023-11-16,2023-11-16,2023,11,GRACE-FO,November,Observed,-7.729533230338501
20,2023-12-01,Thale Sap Songkhla,0.808887697860912,1.0,26.0,2023-12-16,2023-12-16,2023,12,GRACE-FO,December,Observed,-7.649393415741873
20,2024-01-01,Thale Sap Songkhla,-5.204333034566809,1.0,26.0,2024-01-16,2024-01-16,2024,1,GRACE-FO,January,Observed,-7.594070026109627
20,2024-02-01,Thale Sap Songkhla,-12.416234852444704,1.0,26.0,2024-02-15,2024-02-15,2024,2,GRACE-FO,February,Observed,-7.915920140269351
20,2024-03-01,Thale Sap Songkhla,-11.69650013794206,1.0,26.0,2024-03-16,2024-03-16,2024,3,GRACE-FO,March,Observed,-8.669269148131278
20,2024-04-01,Thale Sap Songkhla,-14.122342902773944,1.0,26.0,2024-04-16,2024-04-16,2024,4,GRACE-FO,April,Observed,-8.60542836153736
20,2024-05-01,Thale Sap Songkhla,-12.148101350020955,1.0,26.0,2024-05-16,2024-05-16,2024,5,GRACE-FO,May,Observed,-8.286096348447577
20,2024-06-01,Thale Sap Songkhla,-9.151508829541603,1.0,26.0,2024-06-16,2024-06-16,2024,6,GRACE-FO,June,Observed,-9.344319445935438
20,2024-07-01,Thale Sap Songkhla,-11.578975421119614,1.0,26.0,2024-07-16,2024-07-16,2024,7,GRACE-FO,July,Observed,-10.359640160315072
20,2024-08-01,Thale Sap Songkhla,-18.751736282254075,1.0,26.0,2024-08-16,2024-08-16,2024,8,GRACE-FO,August,Observed,-10.932452063175992
20,2024-09-01,Thale Sap Songkhla,-6.783818894553416,1.0,26.0,2024-09-16,2024-09-16,2024,9,GRACE-FO,September,Observed,-10.746979214517403
20,2024-10-01,Thale Sap Songkhla,-1.7428498979335507,1.0,26.0,2024-10-16,2024-10-16,2024,10,GRACE-FO,October,Observed,
21,2002-04-01,Peninsula - Lower East Coast,0.8329385664145108,1.0,17.0,2002-04-18,2002-04-18,2002,4,GRACE,April,Observed,
21,2002-05-01,Peninsula - Lower East Coast,-0.3797842405174966,1.0,17.0,2002-05-10,2002-05-10,2002,5,GRACE,May,Observed,
21,2002-06-01,Peninsula - Lower East Coast,,,,,,2002,6,GRACE,June,Missing,
21,2002-07-01,Peninsula - Lower East Coast,,,,,,2002,7,GRACE,July,Missing,
21,2002-08-01,Peninsula - Lower East Coast,-1.8193977750111505,1.0,17.0,2002-08-16,2002-08-16,2002,8,GRACE,August,Observed,5.848407961108879
21,2002-09-01,Peninsula - Lower East Coast,1.3565246694255033,1.0,17.0,2002-09-16,2002-09-16,2002,9,GRACE,September,Observed,6.167617649927363
21,2002-10-01,Peninsula - Lower East Coast,12.066688131511121,1.0,17.0,2002-10-16,2002-10-16,2002,10,GRACE,October,Observed,5.884179227367853
21,2002-11-01,Peninsula - Lower East Coast,13.671817218901326,1.0,17.0,2002-11-16,2002-11-16,2002,11,GRACE,November,Observed,6.015390097571085
21,2002-12-01,Peninsula - Lower East Coast,12.328282215948319,1.0,17.0,2002-12-16,2002-12-16,2002,12,GRACE,December,Observed,6.707980842815969
21,2003-01-01,Peninsula - Lower East Coast,8.730194902198894,1.0,17.0,2003-01-16,2003-01-16,2003,1,GRACE,January,Observed,6.707980842815969
21,2003-02-01,Peninsula - Lower East Coast,8.721295160475247,1.0,17.0,2003-02-15,2003-02-15,2003,2,GRACE,February,Observed,5.916149053107739
21,2003-03-01,Peninsula - Lower East Coast,3.3332334243322537,1.0,17.0,2003-03-16,2003-03-16,2003,3,GRACE,March,Observed,6.770614369453607
21,2003-04-01,Peninsula - Lower East Coast,2.145047268446834,1.0,17.0,2003-04-16,2003-04-16,2003,4,GRACE,April,Observed,7.7330085356165394
21,2003-05-01,Peninsula - Lower East Coast,6.546123211931352,1.0,17.0,2003-05-11,2003-05-11,2003,5,GRACE,May,Observed,8.27824538775855
21,2003-06-01,Peninsula - Lower East Coast,,,,,,2003,6,GRACE,June,Missing,
21,2003-07-01,Peninsula - Lower East Coast,-2.002168843974555,1.0,17.0,2003-07-16,2003-07-16,2003,7,GRACE,July,Observed,10.500854532528843
21,2003-08-01,Peninsula - Lower East Coast,7.579720704793388,1.0,17.0,2003-08-16,2003-08-16,2003,8,GRACE,August,Observed,10.313153051097773
21,2003-09-01,Peninsula - Lower East Coast,11.942860497217767,1.0,17.0,2003-09-16,2003-09-16,2003,9,GRACE,September,Observed,10.681956777737815
21,2003-10-01,Peninsula - Lower East Coast,18.06429350507323,1.0,17.0,2003-10-16,2003-10-16,2003,10,GRACE,October,Observed,11.22450541665353
21,2003-11-01,Peninsula - Lower East Coast,26.9792585244291,1.0,17.0,2003-11-16,2003-11-16,2003,11,GRACE,November,Observed,12.39813811103486
21,2003-12-01,Peninsula - Lower East Coast,23.46954150289377,1.0,17.0,2003-12-16,2003-12-16,2003,12,GRACE,December,Observed,12.083813164395922
21,2004-01-01,Peninsula - Lower East Coast,6.665478606457107,1.0,17.0,2004-01-07,2004-01-07,2004,1,GRACE,January,Observed,11.254839790208273
21,2004-02-01,Peninsula - Lower East Coast,12.778136153515717,1.0,17.0,2004-02-17,2004-02-17,2004,2,GRACE,February,Observed,12.408302301070572
21,2004-03-01,Peninsula - Lower East Coast,9.301268452405116,1.0,17.0,2004-03-16,2004-03-16,2004,3,GRACE,March,Observed,12.437754734754686
21,2004-04-01,Peninsula - Lower East Coast,15.055006906641491,1.0,17.0,2004-04-16,2004-04-16,2004,4,GRACE,April,Observed,12.180998907915614
21,2004-05-01,Peninsula - Lower East Coast,3.0885487989030156,1.0,17.0,2004-05-16,2004-05-16,2004,5,GRACE,May,Observed,12.659685924203956
21,2004-06-01,Peninsula - Lower East Coast,2.1361326741441355,1.0,17.0,2004-06-16,2004-06-16,2004,6,GRACE,June,Observed,11.852517853165674
21,2004-07-01,Peninsula - Lower East Coast,11.839381286373023,1.0,17.0,2004-07-16,2004-07-16,2004,7,GRACE,July,Observed,10.58731689066221
21,2004-08-01,Peninsula - Lower East Coast,7.933149909002776,1.0,17.0,2004-08-16,2004-08-16,2004,8,GRACE,August,Observed,10.303370396328852
21,2004-09-01,Peninsula - Lower East Coast,8.86179057514889,1.0,17.0,2004-09-16,2004-09-16,2004,9,GRACE,September,Observed,9.386040594593577
21,2004-10-01,Peninsula - Lower East Coast,23.808537700533336,1.0,17.0,2004-10-16,2004-10-16,2004,10,GRACE,October,Observed,8.548586406614303
21,2004-11-01,Peninsula - Lower East Coast,17.293241671969703,1.0,17.0,2004-11-16,2004-11-16,2004,11,GRACE,November,Observed,6.972629063856531
21,2004-12-01,Peninsula - Lower East Coast,8.287129952852231,1.0,17.0,2004-12-16,2004-12-16,2004,12,GRACE,December,Observed,6.06398168935462
21,2005-01-01,Peninsula - Lower East Coast,3.258120674456783,1.0,17.0,2005-01-16,2005-01-16,2005,1,GRACE,January,Observed,5.2687494713815
21,2005-02-01,Peninsula - Lower East Coast,1.7701785326924233,1.0,17.0,2005-02-15,2005-02-15,2005,2,GRACE,February,Observed,3.7096833677853938
21,2005-03-01,Peninsula - Lower East Coast,-0.7481818033461657,1.0,17.0,2005-03-16,2005-03-16,2005,3,GRACE,March,Observed,2.6437642684676654
21,2005-04-01,Peninsula - Lower East Coast,-3.856481206451776,1.0,17.0,2005-04-16,2005-04-16,2005,4,GRACE,April,Observed,1.572618165188764
21,2005-05-01,Peninsula - Lower East Coast,-7.815219695119921,1.0,17.0,2005-05-16,2005-05-16,2005,5,GRACE,May,Observed,-0.31327447262161895
21,2005-06-01,Peninsula - Lower East Coast,-7.4066539415333095,1.0,17.0,2005-06-16,2005-06-16,2005,6,GRACE,June,Observed,-1.1134233246216567
21,2005-07-01,Peninsula - Lower East Coast,-6.869411956780247,1.0,17.0,2005-07-16,2005-07-16,2005,7,GRACE,July,Observed,-0.931521745764527
21,2005-08-01,Peninsula - Lower East Coast,-4.857879282809963,1.0,17.0,2005-08-16,2005-08-16,2005,8,GRACE,August,Observed,-0.841660257203329
21,2005-09-01,Peninsula - Lower East Coast,-3.991962664197927,1.0,17.0,2005-09-16,2005-09-16,2005,9,GRACE,September,Observed,-0.6576374987154544
21,2005-10-01,Peninsula - Lower East Coast,1.1778260468087403,1.0,17.0,2005-10-16,2005-10-16,2005,10,GRACE,October,Observed,-0.9182452338722681
21,2005-11-01,Peninsula - Lower East Coast,7.69145544796925,1.0,17.0,2005-11-16,2005-11-16,2005,11,GRACE,November,Observed,-0.9170753258658664
21,2005-12-01,Peninsula - Lower East Coast,10.46994889913779,1.0,17.0,2005-12-16,2005-12-16,2005,12,GRACE,December,Observed,-0.49859056981789146
21,2006-01-01,Peninsula - Lower East Coast,4.336458537191156,1.0,17.0,2006-01-16,2006-01-16,2006,1,GRACE,January,Observed,-0.3182255264962428
21,2006-02-01,Peninsula - Lower East Coast,3.9784516345469187,1.0,17.0,2006-02-15,2006-02-15,2006,2,GRACE,February,Observed,-0.39964839820658443
21,2006-03-01,Peninsula - Lower East Coast,-3.8754746252279304,1.0,17.0,2006-03-16,2006-03-16,2006,3,GRACE,March,Observed,-0.4366582123771979
21,2006-04-01,Peninsula - Lower East Coast,-3.8424423103749543,1.0,17.0,2006-04-16,2006-04-16,2006,4,GRACE,April,Observed,-0.22247261414361577
21,2006-05-01,Peninsula - Lower East Coast,-2.7934026225442232,1.0,17.0,2006-05-16,2006-05-16,2006,5,GRACE,May,Observed,0.040473391846389616
21,2006-06-01,Peninsula - Lower East Coast,-5.2422734216735245,1.0,17.0,2006-06-16,2006-06-16,2006,6,GRACE,June,Observed,0.09639864743023525
21,2006-07-01,Peninsula - Lower East Coast,-7.846486417304347,1.0,17.0,2006-07-16,2006-07-16,2006,7,GRACE,July,Observed,-0.052646616278438106
21,2006-08-01,Peninsula - Lower East Coast,-5.301997052857324,1.0,17.0,2006-08-16,2006-08-16,2006,8,GRACE,August,Observed,-0.14389293770663306
21,2006-09-01,Peninsula - Lower East Coast,-1.4217354853949415,1.0,17.0,2006-09-16,2006-09-16,2006,9,GRACE,September,Observed,-0.7134540053708397
21,2006-10-01,Peninsula - Lower East Coast,4.333178118688805,1.0,17.0,2006-10-16,2006-10-16,2006,10,GRACE,October,Observed,-0.8682896223416456
21,2006-11-01,Peninsula - Lower East Coast,8.362558514975397,1.0,17.0,2006-11-16,2006-11-16,2006,11,GRACE,November,Observed,-0.5552667807182191
21,2006-12-01,Peninsula - Lower East Coast,8.68140573463371,1.0,17.0,2006-12-16,2006-12-16,2006,12,GRACE,December,Observed,-1.0030542691805657
21,2007-01-01,Peninsula - Lower East Coast,3.2415026800528164,1.0,17.0,2007-01-16,2007-01-16,2007,1,GRACE,January,Observed,-1.2220875148098131
21,2007-02-01,Peninsula - Lower East Coast,-2.8562811774235604,1.0,17.0,2007-02-14,2007-02-14,2007,2,GRACE,February,Observed,-1.2782755614774957
21,2007-03-01,Peninsula - Lower East Coast,-5.733502028877601,1.0,17.0,2007-03-16,2007-03-16,2007,3,GRACE,March,Observed,-1.1660747095781236
21,2007-04-01,Peninsula - Lower East Coast,-0.08616821089383753,1.0,17.0,2007-04-16,2007-04-16,2007,4,GRACE,April,Observed,-1.2022909201018226
21,2007-05-01,Peninsula - Lower East Coast,-8.166852484092383,1.0,17.0,2007-05-16,2007-05-16,2007,5,GRACE,May,Observed,-1.5854532710679017
21,2007-06-01,Peninsula - Lower East Coast,-7.870672369224493,1.0,17.0,2007-06-16,2007-06-16,2007,6,GRACE,June,Observed,-1.8862159194013393
21,2007-07-01,Peninsula - Lower East Coast,-8.520742977316539,1.0,17.0,2007-07-16,2007-07-16,2007,7,GRACE,July,Observed,-2.404474936831475
21,2007-08-01,Peninsula - Lower East Coast,-3.9555868300648576,1.0,17.0,2007-08-16,2007-08-16,2007,8,GRACE,August,Observed,-2.5218849683064923
21,2007-09-01,Peninsula - Lower East Coast,-1.856330011679329,1.0,17.0,2007-09-16,2007-09-16,2007,9,GRACE,September,Observed,-2.288215852062366
21,2007-10-01,Peninsula - Lower East Coast,-0.26477009290414477,1.0,17.0,2007-10-16,2007-10-16,2007,10,GRACE,October,Observed,-1.837318680437783
21,2007-11-01,Peninsula - Lower East Coast,4.753406734974147,1.0,17.0,2007-11-16,2007-11-16,2007,11,GRACE,November,Observed,-2.1599744035598545
21,2007-12-01,Peninsula - Lower East Coast,2.4622975254720822,1.0,17.0,2007-12-16,2007-12-16,2007,12,GRACE,December,Observed,-2.1573822907453803
21,2008-01-01,Peninsula - Lower East Coast,1.8325823023526067,1.0,17.0,2008-01-16,2008-01-16,2008,1,GRACE,January,Observed,-2.105251677882684
21,2008-02-01,Peninsula - Lower East Coast,-0.052251782494043095,1.0,17.0,2008-02-15,2008-02-15,2008,2,GRACE,February,Observed,-1.7564697131109195
21,2008-03-01,Peninsula - Lower East Coast,-0.3227359693826036,1.0,17.0,2008-03-16,2008-03-16,2008,3,GRACE,March,Observed,-1.884657287409216
21,2008-04-01,Peninsula - Lower East Coast,-3.9580368883587,1.0,17.0,2008-04-16,2008-04-16,2008,4,GRACE,April,Observed,-2.0323378701893913
21,2008-05-01,Peninsula - Lower East Coast,-8.135747130318693,1.0,17.0,2008-05-16,2008-05-16,2008,5,GRACE,May,Observed,-2.2421995669179644
21,2008-06-01,Peninsula - Lower East Coast,-7.245105014872137,1.0,17.0,2008-06-16,2008-06-16,2008,6,GRACE,June,Observed,-2.800219491920835
21,2008-07-01,Peninsula - Lower East Coast,-4.335359400055362,1.0,17.0,2008-07-16,2008-07-16,2008,7,GRACE,July,Observed,-2.737789465122759
21,2008-08-01,Peninsula - Lower East Coast,-5.493837721644414,1.0,17.0,2008-08-16,2008-08-16,2008,8,GRACE,August,Observed,-2.776249389439629
21,2008-09-01,Peninsula - Lower East Coast,-3.6284970050414387,1.0,17.0,2008-09-16,2008-09-16,2008,9,GRACE,September,Observed,-3.260999536740042
21,2008-10-01,Peninsula - Lower East Coast,-2.7831104536470193,1.0,17.0,2008-10-16,2008-10-16,2008,10,GRACE,October,Observed,-3.6683475846692826
21,2008-11-01,Peninsula - Lower East Coast,-1.942832365060297,1.0,17.0,2008-11-16,2008-11-16,2008,11,GRACE,November,Observed,-3.823608062417515
21,2008-12-01,Peninsula - Lower East Coast,3.211457847048995,1.0,17.0,2008-12-16,2008-12-16,2008,12,GRACE,December,Observed,-3.8047551235174946
21,2009-01-01,Peninsula - Lower East Coast,1.3710632105501617,1.0,17.0,2009-01-16,2009-01-16,2009,1,GRACE,January,Observed,-3.923055467568743
21,2009-02-01,Peninsula - Lower East Coast,-5.869253550098996,1.0,17.0,2009-02-15,2009-02-15,2009,2,GRACE,February,Observed,-4.189331848468663
21,2009-03-01,Peninsula - Lower East Coast,-5.21091254453349,1.0,17.0,2009-03-16,2009-03-16,2009,3,GRACE,March,Observed,-4.5430547580351455
21,2009-04-01,Peninsula - Lower East Coast,-5.821162621337488,1.0,17.0,2009-04-16,2009-04-16,2009,4,GRACE,April,Observed,-4.7167296395452025
21,2009-05-01,Peninsula - Lower East Coast,-7.909511863518456,1.0,17.0,2009-05-16,2009-05-16,2009,5,GRACE,May,Observed,-4.714997157034489
21,2009-06-01,Peninsula - Lower East Coast,-8.664709143487118,1.0,17.0,2009-06-16,2009-06-16,2009,6,GRACE,June,Observed,-4.356206041374932
21,2009-07-01,Peninsula - Lower East Coast,-7.530675970854398,1.0,17.0,2009-07-16,2009-07-16,2009,7,GRACE,July,Observed,-4.460884030757128
21,2009-08-01,Peninsula - Lower East Coast,-9.738512636442204,1.0,17.0,2009-08-16,2009-08-16,2009,8,GRACE,August,Observed,-4.666732141145907
21,2009-09-01,Peninsula - Lower East Coast,-5.712595583162129,1.0,17.0,2009-09-16,2009-09-16,2009,9,GRACE,September,Observed,-4.819296694298525
21,2009-10-01,Peninsula - Lower East Coast,-2.7623206635184463,1.0,17.0,2009-10-16,2009-10-16,2009,10,GRACE,October,Observed,-5.078527352427888
21,2009-11-01,Peninsula - Lower East Coast,2.362661022854378,1.0,17.0,2009-11-16,2009-11-16,2009,11,GRACE,November,Observed,-5.215275427065957
21,2009-12-01,Peninsula - Lower East Coast,1.9553219744626533,1.0,17.0,2009-12-16,2009-12-16,2009,12,GRACE,December,Observed,-5.321671266107153
21,2010-01-01,Peninsula - Lower East Coast,-1.0991141141151892,1.0,17.0,2010-01-16,2010-01-16,2010,1,GRACE,January,Observed,-5.4283250593007795
21,2010-02-01,Peninsula - Lower East Coast,-7.700028187930411,1.0,17.0,2010-02-15,2010-02-15,2010,2,GRACE,February,Observed,-5.528977629108939
21,2010-03-01,Peninsula - Lower East Coast,-8.321680442085858,1.0,17.0,2010-03-16,2010-03-16,2010,3,GRACE,March,Observed,-5.47954621925533
21,2010-04-01,Peninsula - Lower East Coast,-7.462139516994304,1.0,17.0,2010-04-16,2010-04-16,2010,4,GRACE,April,Observed,-5.284260708298853
21,2010-05-01,Peninsula - Lower East Coast,-9.186261932012814,1.0,17.0,2010-05-16,2010-05-16,2010,5,GRACE,May,Observed,-5.350653391717219
21,2010-06-01,Peninsula - Lower East Coast,-9.944554661810635,1.0,17.0,2010-06-16,2010-06-16,2010,6,GRACE,June,Observed,-4.986121329553153
21,2010-07-01,Peninsula - Lower East Coast,-8.738506808552318,1.0,17.0,2010-07-16,2010-07-16,2010,7,GRACE,July,Observed,-5.078951462168907
21,2010-08-01,Peninsula - Lower East Coast,-9.145335718198897,1.0,17.0,2010-08-16,2010-08-16,2010,8,GRACE,August,Observed,-5.440754857446517
21,2010-09-01,Peninsula - Lower East Coast,-3.3691694516844017,1.0,17.0,2010-09-16,2010-09-16,2010,9,GRACE,September,Observed,-4.857444601568042
21,2010-10-01,Peninsula - Lower East Coast,-3.559032864538828,1.0,17.0,2010-10-16,2010-10-16,2010,10,GRACE,October,Observed,-4.105860819590635
21,2010-11-01,Peninsula - Lower East Coast,6.73704576882317,1.0,17.0,2010-11-16,2010-11-16,2010,11,GRACE,November,Observed,-3.577956846042522
21,2010-12-01,Peninsula - Lower East Coast,0.8413603830735976,1.0,17.0,2010-12-14,2010-12-14,2010,12,GRACE,December,Observed,-3.442410910777508
21,2011-01-01,Peninsula - Lower East Coast,,,,,,2011,1,GRACE,January,Missing,
21,2011-02-01,Peninsula - Lower East Coast,-1.2836153732671771,1.0,17.0,2011-02-18,2011-02-18,2011,2,GRACE,February,Observed,-2.9033256679709245
21,2011-03-01,Peninsula - Lower East Coast,-0.05425884033438102,1.0,17.0,2011-03-16,2011-03-16,2011,3,GRACE,March,Observed,-2.477261747060111
21,2011-04-01,Peninsula - Lower East Coast,-1.6551958079650622,1.0,17.0,2011-04-16,2011-04-16,2011,4,GRACE,April,Observed,-2.664734821588341
21,2011-05-01,Peninsula - Lower East Coast,-7.695256644097658,1.0,17.0,2011-05-16,2011-05-16,2011,5,GRACE,May,Observed,-2.520285625386092
21,2011-06-01,Peninsula - Lower East Coast,,,,,,2011,6,GRACE,June,Missing,
21,2011-07-01,Peninsula - Lower East Coast,-9.84979813151961,1.0,17.0,2011-07-18,2011-07-18,2011,7,GRACE,July,Observed,-3.40648470011873
21,2011-08-01,Peninsula - Lower East Coast,-4.884696509090767,1.0,17.0,2011-08-16,2011-08-16,2011,8,GRACE,August,Observed,-2.88743052829036
21,2011-09-01,Peninsula - Lower East Coast,-5.243900196966698,1.0,17.0,2011-09-16,2011-09-16,2011,9,GRACE,September,Observed,-2.8452823399894216
21,2011-10-01,Peninsula - Lower East Coast,-2.1145409025163397,2.0,34.0,2011-10-16,2011-10-31,2011,10,GRACE,October,Observed,-2.6458573771397504
21,2011-11-01,Peninsula - Lower East Coast,,,,,,2011,11,GRACE,November,Missing,
21,2011-12-01,Peninsula - Lower East Coast,2.122900104689113,1.0,17.0,2011-12-28,2011-12-28,2011,12,GRACE,December,Observed,-1.6568862515402905
21,2012-01-01,Peninsula - Lower East Coast,1.7840570181649726,1.0,17.0,2012-01-16,2012-01-16,2012,1,GRACE,January,Observed,-2.293039477744603
21,2012-02-01,Peninsula - Lower East Coast,-0.8621334902577868,1.0,17.0,2012-02-15,2012-02-15,2012,2,GRACE,February,Observed,-1.8126991542126834
21,2012-03-01,Peninsula - Lower East Coast,1.9399907881623302,1.0,17.0,2012-03-16,2012-03-16,2012,3,GRACE,March,Observed,-1.6971313784708069
21,2012-04-01,Peninsula - Lower East Coast,2.1961450554721673,1.0,17.0,2012-04-04,2012-04-04,2012,4,GRACE,April,Observed,-1.661022295637644
21,2012-05-01,Peninsula - Lower East Coast,,,,,,2012,5,GRACE,May,Missing,
21,2012-06-01,Peninsula - Lower East Coast,-8.018418513583415,1.0,17.0,2012-06-16,2012-06-16,2012,6,GRACE,June,Observed,-1.2818466112874023
21,2012-07-01,Peninsula - Lower East Coast,-5.046394896200414,1.0,17.0,2012-07-16,2012-07-16,2012,7,GRACE,July,Observed,-0.9137632370862857
21,2012-08-01,Peninsula - Lower East Coast,-3.7290187516720033,1.0,17.0,2012-08-16,2012-08-16,2012,8,GRACE,August,Observed,-0.6260219808659919
21,2012-09-01,Peninsula - Lower East Coast,-4.88280936863507,1.0,17.0,2012-09-13,2012-09-13,2012,9,GRACE,September,Observed,-0.7206149107215942
21,2012-10-01,Peninsula - Lower East Coast,,,,,,2012,10,GRACE,October,Missing,
21,2012-11-01,Peninsula - Lower East Coast,1.6772159409860796,1.0,17.0,2012-11-18,2012-11-18,2012,11,GRACE,November,Observed,-1.6045652985084349
21,2012-12-01,Peninsula - Lower East Coast,5.803733846700277,1.0,17.0,2012-12-16,2012-12-16,2012,12,GRACE,December,Observed,-1.9813963924797235
21,2013-01-01,Peninsula - Lower East Coast,4.661469580367911,1.0,17.0,2013-01-16,2013-01-16,2013,1,GRACE,January,Observed,-1.9132861976330868
21,2013-02-01,Peninsula - Lower East Coast,-1.8080627888138108,1.0,17.0,2013-02-14,2013-02-14,2013,2,GRACE,February,Observed,-2.0949247067706045
21,2013-03-01,Peninsula - Lower East Coast,,,,,,2013,3,GRACE,March,Missing,
21,2013-04-01,Peninsula - Lower East Coast,-3.0988027357254735,1.0,17.0,2013-04-21,2013-04-21,2013,4,GRACE,April,Observed,-1.5421773684248714
21,2013-05-01,Peninsula - Lower East Coast,-5.3728762382213215,1.0,17.0,2013-05-16,2013-05-16,2013,5,GRACE,May,Observed,-1.7146536744114151
21,2013-06-01,Peninsula - Lower East Coast,-7.337316565117047,1.0,17.0,2013-06-16,2013-06-16,2013,6,GRACE,June,Observed,-2.131938934754483
21,2013-07-01,Peninsula - Lower East Coast,-6.862779987575591,1.0,17.0,2013-07-16,2013-07-16,2013,7,GRACE,July,Observed,-2.248994303275447
21,2013-08-01,Peninsula - Lower East Coast,,,,,,2013,8,GRACE,August,Missing,
21,2013-09-01,Peninsula - Lower East Coast,,,,,,2013,9,GRACE,September,Missing,
21,2013-10-01,Peninsula - Lower East Coast,-3.094464122303765,1.0,17.0,2013-10-16,2013-10-16,2013,10,GRACE,October,Observed,-3.420390071084511
21,2013-11-01,Peninsula - Lower East Coast,-2.0783514021015304,1.0,17.0,2013-11-16,2013-11-16,2013,11,GRACE,November,Observed,-3.9200803394822126
21,2013-12-01,Peninsula - Lower East Coast,4.750235530011604,1.0,17.0,2013-12-16,2013-12-16,2013,12,GRACE,December,Observed,-4.210951033566406
21,2014-01-01,Peninsula - Lower East Coast,-2.794272722027383,1.0,17.0,2014-01-09,2014-01-09,2014,1,GRACE,January,Observed,-4.319461725176919
21,2014-02-01,Peninsula - Lower East Coast,,,,,,2014,2,GRACE,February,Missing,
21,2014-03-01,Peninsula - Lower East Coast,-4.894882396700094,1.0,17.0,2014-03-17,2014-03-17,2014,3,GRACE,March,Observed,-4.458863677583859
21,2014-04-01,Peninsula - Lower East Coast,-7.59601515130479,1.0,17.0,2014-04-16,2014-04-16,2014,4,GRACE,April,Observed,-4.326487367973522
21,2014-05-01,Peninsula - Lower East Coast,-7.990712484979064,1.0,17.0,2014-05-16,2014-05-16,2014,5,GRACE,May,Observed,-3.4082570484216297
21,2014-06-01,Peninsula - Lower East Coast,-8.313912789611663,1.0,17.0,2014-06-13,2014-06-13,2014,6,GRACE,June,Observed,-3.080489619463733
21,2014-07-01,Peninsula - Lower East Coast,,,,,,2014,7,GRACE,July,Missing,
21,2014-08-01,Peninsula - Lower East Coast,-8.117397559238052,1.0,17.0,2014-08-16,2014-08-16,2014,8,GRACE,August,Observed,-3.496317608235892
21,2014-09-01,Peninsula - Lower East Coast,-3.1351005814804833,1.0,17.0,2014-09-16,2014-09-16,2014,9,GRACE,September,Observed,-2.9949502737092324
21,2014-10-01,Peninsula - Lower East Coast,6.087839073215158,1.0,17.0,2014-10-16,2014-10-16,2014,10,GRACE,October,Observed,-2.9751551019787374
21,2014-11-01,Peninsula - Lower East Coast,1.1993228874774329,1.0,17.0,2014-11-16,2014-11-16,2014,11,GRACE,November,Observed,-2.861723609868516
21,2014-12-01,Peninsula - Lower East Coast,,,,,,2014,12,GRACE,December,Missing,
21,2015-01-01,Peninsula - Lower East Coast,1.2940005284985223,1.0,17.0,2015-01-22,2015-01-22,2015,1,GRACE,January,Observed,-1.5390763530118043
21,2015-02-01,Peninsula - Lower East Coast,1.5173557370307051,1.0,17.0,2015-02-15,2015-02-15,2015,2,GRACE,February,Observed,-2.010257751518529
21,2015-03-01,Peninsula - Lower East Coast,-4.696930679395139,1.0,17.0,2015-03-16,2015-03-16,2015,3,GRACE,March,Observed,-1.5009026880670508
21,2015-04-01,Peninsula - Lower East Coast,-6.461700230202582,2.0,34.0,2015-04-16,2015-04-27,2015,4,GRACE,April,Observed,-0.9904064951970695
21,2015-05-01,Peninsula - Lower East Coast,,,,,,2015,5,GRACE,May,Missing,
21,2015-06-01,Peninsula - Lower East Coast,,,,,,2015,6,GRACE,June,Missing,
21,2015-07-01,Peninsula - Lower East Coast,-5.779708939572328,1.0,17.0,2015-07-15,2015-07-15,2015,7,GRACE,July,Observed,-1.3519895005933513
21,2015-08-01,Peninsula - Lower East Coast,-3.5332019881747474,1.0,17.0,2015-08-16,2015-08-16,2015,8,GRACE,August,Observed,-1.3034172556343975
21,2015-09-01,Peninsula - Lower East Coast,1.4593651543493495,1.0,17.0,2015-09-14,2015-09-14,2015,9,GRACE,September,Observed,-1.05857035143818
21,2015-10-01,Peninsula - Lower East Coast,,,,,,2015,10,GRACE,October,Missing,
21,2015-11-01,Peninsula - Lower East Coast,,,,,,2015,11,GRACE,November,Missing,
21,2015-12-01,Peninsula - Lower East Coast,5.384904412719406,1.0,17.0,2015-12-23,2015-12-23,2015,12,GRACE,December,Observed,-0.6251805815952526
21,2016-01-01,Peninsula - Lower East Coast,1.6825784881701524,1.0,17.0,2016-01-16,2016-01-16,2016,1,GRACE,January,Observed,-1.4372285352567833
21,2016-02-01,Peninsula - Lower East Coast,3.476130970600446,1.0,17.0,2016-02-14,2016-02-14,2016,2,GRACE,February,Observed,-0.45417574734782007
21,2016-03-01,Peninsula - Lower East Coast,-2.8531059142052126,1.0,17.0,2016-03-16,2016-03-16,2016,3,GRACE,March,Observed,-1.3079209757365706
21,2016-04-01,Peninsula - Lower East Coast,,,,,,2016,4,GRACE,April,Missing,
21,2016-05-01,Peninsula - Lower East Coast,-4.83840683664909,1.0,17.0,2016-05-20,2016-05-20,2016,5,GRACE,May,Observed,-1.6538317419973105
21,2016-06-01,Peninsula - Lower East Coast,-7.9336121645490305,1.0,17.0,2016-06-16,2016-06-16,2016,6,GRACE,June,Observed,-1.271708273199262
21,2016-07-01,Peninsula - Lower East Coast,3.0677661516083425,1.0,17.0,2016-07-15,2016-07-15,2016,7,GRACE,July,Observed,-1.4414309902855018
21,2016-08-01,Peninsula - Lower East Coast,-11.216909043673502,1.0,17.0,2016-08-21,2016-08-21,2016,8,GRACE,August,Observed,-1.4622233638163165
21,2016-09-01,Peninsula - Lower East Coast,,,,,,2016,9,GRACE,September,Missing,
21,2016-10-01,Peninsula - Lower East Coast,,,,,,2016,10,GRACE,October,Missing,
21,2016-11-01,Peninsula - Lower East Coast,1.7852794771851268,1.0,17.0,2016-11-27,2016-11-27,2016,11,GRACE,November,Observed,-2.458433248163611
21,2016-12-01,Peninsula - Lower East Coast,3.857399958943246,1.0,17.0,2016-12-24,2016-12-24,2016,12,GRACE,December,Observed,-1.7954173781216214
21,2017-01-01,Peninsula - Lower East Coast,1.4954471263928215,1.0,17.0,2017-01-21,2017-01-21,2017,1,GRACE,January,Observed,-1.2335252839631952
21,2017-02-01,Peninsula - Lower East Coast,,,,,,2017,2,GRACE,February,Missing,
21,2017-03-01,Peninsula - Lower East Coast,-2.876610513416105,1.0,17.0,2017-03-31,2017-03-31,2017,3,GRACE,March,Observed,
21,2017-04-01,Peninsula - Lower East Coast,-5.466253389314312,1.0,17.0,2017-04-24,2017-04-24,2017,4,GRACE,April,Observed,
21,2017-05-01,Peninsula - Lower East Coast,1.1287359937288197,1.0,17.0,2017-05-13,2017-05-13,2017,5,GRACE,May,Observed,
21,2017-06-01,Peninsula - Lower East Coast,-2.876583317123198,1.0,17.0,2017-06-10,2017-06-10,2017,6,GRACE,June,Observed,
21,2017-07-01,Peninsula - Lower East Coast,,,,,,2017,7,Mission gap,July,Missing,
21,2017-08-01,Peninsula - Lower East Coast,,,,,,2017,8,Mission gap,August,Missing,
21,2017-09-01,Peninsula - Lower East Coast,,,,,,2017,9,Mission gap,September,Missing,
21,2017-10-01,Peninsula - Lower East Coast,,,,,,2017,10,Mission gap,October,Missing,
21,2017-11-01,Peninsula - Lower East Coast,,,,,,2017,11,Mission gap,November,Missing,
21,2017-12-01,Peninsula - Lower East Coast,,,,,,2017,12,Mission gap,December,Missing,
21,2018-01-01,Peninsula - Lower East Coast,,,,,,2018,1,Mission gap,January,Missing,
21,2018-02-01,Peninsula - Lower East Coast,,,,,,2018,2,Mission gap,February,Missing,
21,2018-03-01,Peninsula - Lower East Coast,,,,,,2018,3,Mission gap,March,Missing,
21,2018-04-01,Peninsula - Lower East Coast,,,,,,2018,4,Mission gap,April,Missing,
21,2018-05-01,Peninsula - Lower East Coast,,,,,,2018,5,GRACE-FO,May,Missing,
21,2018-06-01,Peninsula - Lower East Coast,-4.650606028321852,1.0,17.0,2018-06-16,2018-06-16,2018,6,GRACE-FO,June,Observed,
21,2018-07-01,Peninsula - Lower East Coast,-3.613524713218382,1.0,17.0,2018-07-10,2018-07-10,2018,7,GRACE-FO,July,Observed,
21,2018-08-01,Peninsula - Lower East Coast,,,,,,2018,8,GRACE-FO,August,Missing,
21,2018-09-01,Peninsula - Lower East Coast,,,,,,2018,9,GRACE-FO,September,Missing,
21,2018-10-01,Peninsula - Lower East Coast,2.607646631868317,1.0,17.0,2018-10-31,2018-10-31,2018,10,GRACE-FO,October,Observed,1.1493153638274007
21,2018-11-01,Peninsula - Lower East Coast,6.414220868206604,1.0,17.0,2018-11-16,2018-11-16,2018,11,GRACE-FO,November,Observed,0.342745538099791
21,2018-12-01,Peninsula - Lower East Coast,12.071393191524505,1.0,17.0,2018-12-16,2018-12-16,2018,12,GRACE-FO,December,Observed,-0.8324736998431229
21,2019-01-01,Peninsula - Lower East Coast,1.0008133282371112,1.0,17.0,2019-01-16,2019-01-16,2019,1,GRACE-FO,January,Observed,-1.3200777355393836
21,2019-02-01,Peninsula - Lower East Coast,-1.3185632916892676,1.0,17.0,2019-02-15,2019-02-15,2019,2,GRACE-FO,February,Observed,-1.9000136643020809
21,2019-03-01,Peninsula - Lower East Coast,-3.3168570759878326,1.0,17.0,2019-03-16,2019-03-16,2019,3,GRACE-FO,March,Observed,-2.0374679556835136
21,2019-04-01,Peninsula - Lower East Coast,-6.109813067721087,1.0,17.0,2019-04-16,2019-04-16,2019,4,GRACE-FO,April,Observed,-2.093607381378797
21,2019-05-01,Peninsula - Lower East Coast,-11.409446841329348,1.0,17.0,2019-05-16,2019-05-16,2019,5,GRACE-FO,May,Observed,-2.2687384928805865
21,2019-06-01,Peninsula - Lower East Coast,-9.526646385284458,1.0,17.0,2019-06-16,2019-06-16,2019,6,GRACE-FO,June,Observed,-1.8378272657010033
21,2019-07-01,Peninsula - Lower East Coast,-9.412884000845358,1.0,17.0,2019-07-16,2019-07-16,2019,7,GRACE-FO,July,Observed,-2.50032661407038
21,2019-08-01,Peninsula - Lower East Coast,-3.412010869497837,1.0,17.0,2019-08-16,2019-08-16,2019,8,GRACE-FO,August,Observed,-2.7856243978482595
21,2019-09-01,Peninsula - Lower East Coast,-2.711141064026918,1.0,17.0,2019-09-16,2019-09-16,2019,9,GRACE-FO,September,Observed,-3.3735166255510287
21,2019-10-01,Peninsula - Lower East Coast,0.5060732938468462,1.0,17.0,2019-10-16,2019-10-16,2019,10,GRACE-FO,October,Observed,-3.72094466389572
21,2019-11-01,Peninsula - Lower East Coast,11.585155594361602,1.0,17.0,2019-11-16,2019-11-16,2019,11,GRACE-FO,November,Observed,-3.4945606174290202
21,2019-12-01,Peninsula - Lower East Coast,4.121401011091978,1.0,17.0,2019-12-16,2019-12-16,2019,12,GRACE-FO,December,Observed,-2.5814981650657467
21,2020-01-01,Peninsula - Lower East Coast,-2.4227600770974385,1.0,17.0,2020-01-16,2020-01-16,2020,1,GRACE-FO,January,Observed,-1.9212331484287402
21,2020-02-01,Peninsula - Lower East Coast,-8.373270024122496,1.0,17.0,2020-02-15,2020-02-15,2020,2,GRACE-FO,February,Observed,-1.4562699542797504
21,2020-03-01,Peninsula - Lower East Coast,-7.485993536124126,1.0,17.0,2020-03-16,2020-03-16,2020,3,GRACE-FO,March,Observed,-1.3044060745302088
21,2020-04-01,Peninsula - Lower East Coast,-3.3932045101206914,1.0,17.0,2020-04-16,2020-04-16,2020,4,GRACE-FO,April,Observed,-0.983000971757838
21,2020-05-01,Peninsula - Lower East Coast,-0.4526974129700678,1.0,17.0,2020-05-16,2020-05-16,2020,5,GRACE-FO,May,Observed,0.041457559012236946
21,2020-06-01,Peninsula - Lower East Coast,-1.6034661856403805,1.0,17.0,2020-06-16,2020-06-16,2020,6,GRACE-FO,June,Observed,-0.5081488578264346
21,2020-07-01,Peninsula - Lower East Coast,-3.83332567105748,1.0,17.0,2020-07-16,2020-07-16,2020,7,GRACE-FO,July,Observed,-1.193296901586639
21,2020-08-01,Peninsula - Lower East Coast,-1.5896443125033395,1.0,17.0,2020-08-16,2020-08-16,2020,8,GRACE-FO,August,Observed,-0.35895694810064854
21,2020-09-01,Peninsula - Lower East Coast,1.1457201692415329,1.0,17.0,2020-09-16,2020-09-16,2020,9,GRACE-FO,September,Observed,0.3965285855868963
21,2020-10-01,Peninsula - Lower East Coast,12.799575663087746,1.0,17.0,2020-10-16,2020-10-16,2020,10,GRACE-FO,October,Observed,1.6568881729268707
21,2020-11-01,Peninsula - Lower East Coast,4.9898785922975435,1.0,17.0,2020-11-16,2020-11-16,2020,11,GRACE-FO,November,Observed,1.9363883693564992
21,2020-12-01,Peninsula - Lower East Coast,-4.1003755140304765,1.0,17.0,2020-12-16,2020-12-16,2020,12,GRACE-FO,December,Observed,1.2347581301313224
21,2021-01-01,Peninsula - Lower East Coast,7.589319364734449,1.0,17.0,2021-01-16,2021-01-16,2021,1,GRACE-FO,January,Observed,0.9825036159219307
21,2021-02-01,Peninsula - Lower East Coast,0.6925563801280425,1.0,17.0,2021-02-15,2021-02-15,2021,2,GRACE-FO,February,Observed,0.7656116831296774
21,2021-03-01,Peninsula - Lower East Coast,7.638321511955566,1.0,17.0,2021-03-16,2021-03-16,2021,3,GRACE-FO,March,Observed,0.38483306962483677
21,2021-04-01,Peninsula - Lower East Coast,-0.039202152965148486,1.0,17.0,2021-04-16,2021-04-16,2021,4,GRACE-FO,April,Observed,-0.2211737333190682
21,2021-05-01,Peninsula - Lower East Coast,-8.872260283672189,1.0,17.0,2021-05-16,2021-05-16,2021,5,GRACE-FO,May,Observed,-1.3185686799508372
21,2021-06-01,Peninsula - Lower East Coast,-4.630520356153081,1.0,17.0,2021-06-16,2021-06-16,2021,6,GRACE-FO,June,Observed,-1.6949447139289724
21,2021-07-01,Peninsula - Lower East Coast,-6.436028864564519,1.0,17.0,2021-07-16,2021-07-16,2021,7,GRACE-FO,July,Observed,-0.9853618785688232
21,2021-08-01,Peninsula - Lower East Coast,-6.158987674561429,1.0,17.0,2021-08-16,2021-08-16,2021,8,GRACE-FO,August,Observed,-1.7260250650228723
21,2021-09-01,Peninsula - Lower East Coast,-6.126361466085327,1.0,17.0,2021-09-16,2021-09-16,2021,9,GRACE-FO,September,Observed,-0.8596307076213986
21,2021-10-01,Peninsula - Lower East Coast,-0.36916369649348196,1.0,17.0,2021-10-16,2021-10-16,2021,10,GRACE-FO,October,Observed,-1.1247087013953878
21,2021-11-01,Peninsula - Lower East Coast,0.4733661845599231,1.0,17.0,2021-11-16,2021-11-16,2021,11,GRACE-FO,November,Observed,-1.8327719084398162
21,2021-12-01,Peninsula - Lower East Coast,4.414618510291314,1.0,17.0,2021-12-16,2021-12-16,2021,12,GRACE-FO,December,Observed,-1.9559228831475035
21,2022-01-01,Peninsula - Lower East Coast,-1.298638872714144,1.0,17.0,2022-01-16,2022-01-16,2022,1,GRACE-FO,January,Observed,-2.193029919337781
21,2022-02-01,Peninsula - Lower East Coast,11.089288668945727,1.0,17.0,2022-02-15,2022-02-15,2022,2,GRACE-FO,February,Observed,-2.254447278504013
21,2022-03-01,Peninsula - Lower East Coast,4.457385586667698,1.0,17.0,2022-03-16,2022-03-16,2022,3,GRACE-FO,March,Observed,-2.2853720793510384
21,2022-04-01,Peninsula - Lower East Coast,-8.535960637498292,1.0,17.0,2022-04-16,2022-04-16,2022,4,GRACE-FO,April,Observed,-2.333491460607697
21,2022-05-01,Peninsula - Lower East Coast,-10.350071980164435,1.0,17.0,2022-05-16,2022-05-16,2022,5,GRACE-FO,May,Observed,-2.592262094551031
21,2022-06-01,Peninsula - Lower East Coast,-7.475804790436413,1.0,17.0,2022-06-16,2022-06-16,2022,6,GRACE-FO,June,Observed,-2.7619950193523284
21,2022-07-01,Peninsula - Lower East Coast,-7.173037174559303,1.0,17.0,2022-07-16,2022-07-16,2022,7,GRACE-FO,July,Observed,-2.370348137495816
21,2022-08-01,Peninsula - Lower East Coast,-6.530085284725731,1.0,17.0,2022-08-16,2022-08-16,2022,8,GRACE-FO,August,Observed,-1.1906878868890727
21,2022-09-01,Peninsula - Lower East Coast,-6.703794041165227,1.0,17.0,2022-09-16,2022-09-16,2022,9,GRACE-FO,September,Observed,-2.3116500732898637
21,2022-10-01,Peninsula - Lower East Coast,-3.4744113038134934,1.0,17.0,2022-10-16,2022-10-16,2022,10,GRACE-FO,October,Observed,-2.896575765562739
21,2022-11-01,Peninsula - Lower East Coast,-1.563428913055645,1.0,17.0,2022-11-16,2022-11-16,2022,11,GRACE-FO,November,Observed,-2.4206607861251723
21,2022-12-01,Peninsula - Lower East Coast,9.114381092569461,1.0,17.0,2022-12-16,2022-12-16,2022,12,GRACE-FO,December,Observed,-2.043689258302202
21,2023-01-01,Peninsula - Lower East Coast,12.857284134566774,1.0,17.0,2023-01-16,2023-01-16,2023,1,GRACE-FO,January,Observed,-1.8287743765809754
21,2023-02-01,Peninsula - Lower East Coast,-2.362257567863764,1.0,17.0,2023-02-15,2023-02-15,2023,2,GRACE-FO,February,Observed,-1.5348915485438601
21,2023-03-01,Peninsula - Lower East Coast,-2.5617227206068054,1.0,17.0,2023-03-16,2023-03-16,2023,3,GRACE-FO,March,Observed,-1.5237449921937418
21,2023-04-01,Peninsula - Lower East Coast,-2.824980884247489,1.0,17.0,2023-04-16,2023-04-16,2023,4,GRACE-FO,April,Observed,-0.9146020902904547
21,2023-05-01,Peninsula - Lower East Coast,-5.826413646288795,1.0,17.0,2023-05-16,2023-05-16,2023,5,GRACE-FO,May,Observed,-0.32774206861556987
21,2023-06-01,Peninsula - Lower East Coast,-4.896826209781694,1.0,17.0,2023-06-16,2023-06-16,2023,6,GRACE-FO,June,Observed,1.1190347367443734
21,2023-07-01,Peninsula - Lower East Coast,-3.6464432381139193,1.0,17.0,2023-07-16,2023-07-16,2023,7,GRACE-FO,July,Observed,1.4893183905915308
21,2023-08-01,Peninsula - Lower East Coast,-6.3963266085243085,1.0,17.0,2023-08-16,2023-08-16,2023,8,GRACE-FO,August,Observed,0.6609063963110959
21,2023-09-01,Peninsula - Lower East Coast,0.6059207816742149,1.0,17.0,2023-09-16,2023-09-16,2023,9,GRACE-FO,September,Observed,0.6520307272726716
21,2023-10-01,Peninsula - Lower East Coast,3.5679089562851263,1.0,17.0,2023-10-16,2023-10-16,2023,10,GRACE-FO,October,Observed,0.7361819188434989
21,2023-11-01,Peninsula - Lower East Coast,15.797892751263674,1.0,17.0,2023-11-16,2023-11-16,2023,11,GRACE-FO,November,Observed,0.1992652359601134
21,2023-12-01,Peninsula - Lower East Coast,13.557784938735352,1.0,17.0,2023-12-16,2023-12-16,2023,12,GRACE-FO,December,Observed,0.014502774187416634
21,2024-01-01,Peninsula - Lower East Coast,2.9163402032015524,1.0,17.0,2024-01-16,2024-01-16,2024,1,GRACE-FO,January,Observed,-0.12160216324293367
21,2024-02-01,Peninsula - Lower East Coast,-2.468765596324856,1.0,17.0,2024-02-15,2024-02-15,2024,2,GRACE-FO,February,Observed,-0.33684209620478495
21,2024-03-01,Peninsula - Lower East Coast,-1.551908421756877,1.0,17.0,2024-03-16,2024-03-16,2024,3,GRACE-FO,March,Observed,-0.9111736464228798
21,2024-04-01,Peninsula - Lower East Coast,-9.267981078848116,1.0,17.0,2024-04-16,2024-04-16,2024,4,GRACE-FO,April,Observed,-1.251829082999732
21,2024-05-01,Peninsula - Lower East Coast,-8.043563187561157,1.0,17.0,2024-05-16,2024-05-16,2024,5,GRACE-FO,May,Observed,-1.2152003022703919
21,2024-06-01,Peninsula - Lower East Coast,-6.530085458945898,1.0,17.0,2024-06-16,2024-06-16,2024,6,GRACE-FO,June,Observed,-2.7618451253189433
21,2024-07-01,Peninsula - Lower East Coast,-6.229322433656135,1.0,17.0,2024-07-16,2024-07-16,2024,7,GRACE-FO,July,Observed,-4.393808131724373
21,2024-08-01,Peninsula - Lower East Coast,-13.288305211141445,1.0,17.0,2024-08-16,2024-08-16,2024,8,GRACE-FO,August,Observed,-5.206046835605031
21,2024-09-01,Peninsula - Lower East Coast,-3.481944457248013,1.0,17.0,2024-09-16,2024-09-16,2024,9,GRACE-FO,September,Observed,-5.5482069905150535
21,2024-10-01,Peninsula - Lower East Coast,4.00745432503721,1.0,17.0,2024-10-16,2024-10-16,2024,10,GRACE-FO,October,Observed,
22,2002-04-01,Peninsula - West Coast,60.268683557012025,1.0,55.0,2002-04-18,2002-04-18,2002,4,GRACE,April,Observed,
22,2002-05-01,Peninsula - West Coast,55.92286660993989,1.0,55.0,2002-05-10,2002-05-10,2002,5,GRACE,May,Observed,
22,2002-06-01,Peninsula - West Coast,,,,,,2002,6,GRACE,June,Missing,
22,2002-07-01,Peninsula - West Coast,,,,,,2002,7,GRACE,July,Missing,
22,2002-08-01,Peninsula - West Coast,68.68308782431853,1.0,55.0,2002-08-16,2002-08-16,2002,8,GRACE,August,Observed,61.02972510017471
22,2002-09-01,Peninsula - West Coast,61.96326527948067,1.0,55.0,2002-09-16,2002-09-16,2002,9,GRACE,September,Observed,60.2590241228858
22,2002-10-01,Peninsula - West Coast,63.15481657672697,1.0,55.0,2002-10-16,2002-10-16,2002,10,GRACE,October,Observed,59.11337546914109
22,2002-11-01,Peninsula - West Coast,63.17135328881922,1.0,55.0,2002-11-16,2002-11-16,2002,11,GRACE,November,Observed,56.9504635496855
22,2002-12-01,Peninsula - West Coast,63.862254162412,1.0,55.0,2002-12-16,2002-12-16,2002,12,GRACE,December,Observed,55.78555977544936
22,2003-01-01,Peninsula - West Coast,51.21147350268834,1.0,55.0,2003-01-16,2003-01-16,2003,1,GRACE,January,Observed,55.78555977544936
22,2003-02-01,Peninsula - West Coast,54.09341630457456,1.0,55.0,2003-02-15,2003-02-15,2003,2,GRACE,February,Observed,55.2874414667385
22,2003-03-01,Peninsula - West Coast,48.80253758543865,1.0,55.0,2003-03-16,2003-03-16,2003,3,GRACE,March,Observed,54.19711016859267
22,2003-04-01,Peninsula - West Coast,38.63956436245611,1.0,55.0,2003-04-16,2003-04-16,2003,4,GRACE,April,Observed,52.91237910750604
22,2003-05-01,Peninsula - West Coast,44.27382886757848,1.0,55.0,2003-05-11,2003-05-11,2003,5,GRACE,May,Observed,52.120251109249004
22,2003-06-01,Peninsula - West Coast,,,,,,2003,6,GRACE,June,Missing,
22,2003-07-01,Peninsula - West Coast,50.30625837962991,1.0,55.0,2003-07-16,2003-07-16,2003,7,GRACE,July,Observed,52.93672665161227
22,2003-08-01,Peninsula - West Coast,56.68944354471453,1.0,55.0,2003-08-16,2003-08-16,2003,8,GRACE,August,Observed,54.40616835721689
22,2003-09-01,Peninsula - West Coast,47.83122360752763,1.0,55.0,2003-09-16,2003-09-16,2003,9,GRACE,September,Observed,53.92806670185095
22,2003-10-01,Peninsula - West Coast,54.441408595899546,1.0,55.0,2003-10-16,2003-10-16,2003,10,GRACE,October,Observed,52.531868025038335
22,2003-11-01,Peninsula - West Coast,69.31190824925204,1.0,55.0,2003-11-16,2003-11-16,2003,11,GRACE,November,Observed,53.190560943173644
22,2003-12-01,Peninsula - West Coast,66.70293016797515,1.0,55.0,2003-12-16,2003-12-16,2003,12,GRACE,December,Observed,53.57654962752279
22,2004-01-01,Peninsula - West Coast,67.37533226433919,1.0,55.0,2004-01-07,2004-01-07,2004,1,GRACE,January,Observed,53.720087268917744
22,2004-02-01,Peninsula - West Coast,48.83429809554919,1.0,55.0,2004-02-17,2004-02-17,2004,2,GRACE,February,Observed,53.963092449904174
22,2004-03-01,Peninsula - West Coast,33.4443521404999,1.0,55.0,2004-03-16,2004-03-16,2004,3,GRACE,March,Observed,54.723626660290584
22,2004-04-01,Peninsula - West Coast,45.88518646194453,1.0,55.0,2004-04-16,2004-04-16,2004,4,GRACE,April,Observed,55.55805850401604
22,2004-05-01,Peninsula - West Coast,48.51970439541904,1.0,55.0,2004-05-16,2004-05-16,2004,5,GRACE,May,Observed,56.5983983690848
22,2004-06-01,Peninsula - West Coast,55.299001324262214,1.0,55.0,2004-06-16,2004-06-16,2004,6,GRACE,June,Observed,55.586922476225055
22,2004-07-01,Peninsula - West Coast,53.222320551467156,1.0,55.0,2004-07-16,2004-07-16,2004,7,GRACE,July,Observed,53.28703202652287
22,2004-08-01,Peninsula - West Coast,65.81585406935143,1.0,55.0,2004-08-16,2004-08-16,2004,8,GRACE,August,Observed,48.18583116217457
22,2004-09-01,Peninsula - West Coast,57.84440573223312,1.0,55.0,2004-09-16,2004-09-16,2004,9,GRACE,September,Observed,44.78016002499237
22,2004-10-01,Peninsula - West Coast,66.92548697672461,1.0,55.0,2004-10-16,2004-10-16,2004,10,GRACE,October,Observed,42.57377307178998
22,2004-11-01,Peninsula - West Coast,57.17419753493514,1.0,55.0,2004-11-16,2004-11-16,2004,11,GRACE,November,Observed,38.73003814816132
22,2004-12-01,Peninsula - West Coast,39.104244771548885,1.0,55.0,2004-12-16,2004-12-16,2004,12,GRACE,December,Observed,33.58309327934834
22,2005-01-01,Peninsula - West Coast,6.160921892159647,1.0,55.0,2005-01-16,2005-01-16,2005,1,GRACE,January,Observed,28.430043483244912
22,2005-02-01,Peninsula - West Coast,7.966244449362831,1.0,55.0,2005-02-15,2005-02-15,2005,2,GRACE,February,Observed,23.686530457139806
22,2005-03-01,Peninsula - West Coast,6.967708702071205,1.0,55.0,2005-03-16,2005-03-16,2005,3,GRACE,March,Observed,18.61671674421444
22,2005-04-01,Peninsula - West Coast,-0.23963262159943322,1.0,55.0,2005-04-16,2005-04-16,2005,4,GRACE,April,Observed,14.144784638156606
22,2005-05-01,Peninsula - West Coast,-13.243634030336676,1.0,55.0,2005-05-16,2005-05-16,2005,5,GRACE,May,Observed,9.570344890899994
22,2005-06-01,Peninsula - West Coast,-6.537596228978948,1.0,55.0,2005-06-16,2005-06-16,2005,6,GRACE,June,Observed,5.698526666820371
22,2005-07-01,Peninsula - West Coast,-3.699835761794125,1.0,55.0,2005-07-16,2005-07-16,2005,7,GRACE,July,Observed,3.2746717939591807
22,2005-08-01,Peninsula - West Coast,4.978089514247014,1.0,55.0,2005-08-16,2005-08-16,2005,8,GRACE,August,Observed,4.494316072893807
22,2005-09-01,Peninsula - West Coast,4.181220459539116,1.0,55.0,2005-09-16,2005-09-16,2005,9,GRACE,September,Observed,4.399067137592502
22,2005-10-01,Peninsula - West Coast,12.032210009645278,1.0,55.0,2005-10-16,2005-10-16,2005,10,GRACE,October,Observed,4.54519654088136
22,2005-11-01,Peninsula - West Coast,10.712378845979655,1.0,55.0,2005-11-16,2005-11-16,2005,11,GRACE,November,Observed,4.62456133373349
22,2005-12-01,Peninsula - West Coast,10.017986297214607,1.0,55.0,2005-12-16,2005-12-16,2005,12,GRACE,December,Observed,5.810758720387046
22,2006-01-01,Peninsula - West Coast,20.796653239375157,1.0,55.0,2006-01-16,2006-01-16,2006,1,GRACE,January,Observed,6.633915526506712
22,2006-02-01,Peninsula - West Coast,6.8232572257471755,1.0,55.0,2006-02-15,2006-02-15,2006,2,GRACE,February,Observed,7.851367085499079
22,2006-03-01,Peninsula - West Coast,8.7212615415375,1.0,55.0,2006-03-16,2006-03-16,2006,3,GRACE,March,Observed,8.443968432561803
22,2006-04-01,Peninsula - West Coast,0.7127448926261138,1.0,55.0,2006-04-16,2006-04-16,2006,4,GRACE,April,Observed,7.963341465445101
22,2006-05-01,Peninsula - West Coast,0.9907346095060139,1.0,55.0,2006-05-16,2006-05-16,2006,5,GRACE,May,Observed,7.7837459034056
22,2006-06-01,Peninsula - West Coast,3.3402854444570287,1.0,55.0,2006-06-16,2006-06-16,2006,6,GRACE,June,Observed,6.733554610290299
22,2006-07-01,Peninsula - West Coast,10.909582946114282,1.0,55.0,2006-07-16,2006-07-16,2006,7,GRACE,July,Observed,5.42047226073602
22,2006-08-01,Peninsula - West Coast,12.089305678999711,1.0,55.0,2006-08-16,2006-08-16,2006,8,GRACE,August,Observed,2.4453242425477613
22,2006-09-01,Peninsula - West Coast,-1.586303145861321,1.0,55.0,2006-09-16,2006-09-16,2006,9,GRACE,September,Observed,-0.24970427102799242
22,2006-10-01,Peninsula - West Coast,9.877063265171277,1.0,55.0,2006-10-16,2006-10-16,2006,10,GRACE,October,Observed,-1.0892602907727835
22,2006-11-01,Peninsula - West Coast,-1.8899166714039604,1.0,55.0,2006-11-16,2006-11-16,2006,11,GRACE,November,Observed,-1.3128697216952572
22,2006-12-01,Peninsula - West Coast,-5.739001897436742,1.0,55.0,2006-12-16,2006-12-16,2006,12,GRACE,December,Observed,-1.9467448153157392
22,2007-01-01,Peninsula - West Coast,-14.905122978883941,1.0,55.0,2007-01-16,2007-01-16,2007,1,GRACE,January,Observed,-3.392296166808688
22,2007-02-01,Peninsula - West Coast,-25.51708493716187,1.0,55.0,2007-02-14,2007-02-14,2007,2,GRACE,February,Observed,-5.564692033980627
22,2007-03-01,Peninsula - West Coast,-1.3534106953999954,1.0,55.0,2007-03-16,2007-03-16,2007,3,GRACE,March,Observed,-7.984210070480182
22,2007-04-01,Peninsula - West Coast,-1.9705682784435692,1.0,55.0,2007-04-16,2007-04-16,2007,4,GRACE,April,Observed,-9.381266840119753
22,2007-05-01,Peninsula - West Coast,-6.615766513939772,1.0,55.0,2007-05-16,2007-05-16,2007,5,GRACE,May,Observed,-11.593566703161338
22,2007-06-01,Peninsula - West Coast,-14.006330773458362,1.0,55.0,2007-06-16,2007-06-16,2007,6,GRACE,June,Observed,-11.29775546208971
22,2007-07-01,Peninsula - West Coast,-15.159167459948979,1.0,55.0,2007-07-16,2007-07-16,2007,7,GRACE,July,Observed,-12.877618910852904
22,2007-08-01,Peninsula - West Coast,-16.944910758994958,1.0,55.0,2007-08-16,2007-08-16,2007,8,GRACE,August,Observed,-13.463776600255152
22,2007-09-01,Peninsula - West Coast,-18.35098438153618,1.0,55.0,2007-09-16,2007-09-16,2007,9,GRACE,September,Observed,-14.872596160843486
22,2007-10-01,Peninsula - West Coast,-16.670535091327718,1.0,55.0,2007-10-16,2007-10-16,2007,10,GRACE,October,Observed,-16.83464689416491
22,2007-11-01,Peninsula - West Coast,1.659818221455579,1.0,55.0,2007-11-16,2007-11-16,2007,11,GRACE,November,Observed,-17.990333286862306
22,2007-12-01,Peninsula - West Coast,-24.697363282595095,1.0,55.0,2007-12-16,2007-12-16,2007,12,GRACE,December,Observed,-17.996183860357636
22,2008-01-01,Peninsula - West Coast,-21.939015251710902,1.0,55.0,2008-01-16,2008-01-16,2008,1,GRACE,January,Observed,-18.80161700663284
22,2008-02-01,Peninsula - West Coast,-42.42291966422187,1.0,55.0,2008-02-15,2008-02-15,2008,2,GRACE,February,Observed,-19.138421308291424
22,2008-03-01,Peninsula - West Coast,-24.898019495257067,1.0,55.0,2008-03-16,2008-03-16,2008,3,GRACE,March,Observed,-19.821263783370863
22,2008-04-01,Peninsula - West Coast,-15.838804990812324,1.0,55.0,2008-04-16,2008-04-16,2008,4,GRACE,April,Observed,-20.936933553161982
22,2008-05-01,Peninsula - West Coast,-6.6859733958837815,1.0,55.0,2008-05-16,2008-05-16,2008,5,GRACE,May,Observed,-21.086339802651363
22,2008-06-01,Peninsula - West Coast,-23.67152852876075,1.0,55.0,2008-06-16,2008-06-16,2008,6,GRACE,June,Observed,-23.31302919819211
22,2008-07-01,Peninsula - West Coast,-19.200819079852018,1.0,55.0,2008-07-16,2008-07-16,2008,7,GRACE,July,Observed,-23.904046991741552
22,2008-08-01,Peninsula - West Coast,-25.13902045994826,1.0,55.0,2008-08-16,2008-08-16,2008,8,GRACE,August,Observed,-25.78861945550523
22,2008-09-01,Peninsula - West Coast,-31.739021619029568,1.0,55.0,2008-09-16,2008-09-16,2008,9,GRACE,September,Observed,-25.01885616396348
22,2008-10-01,Peninsula - West Coast,-18.463410085200255,1.0,55.0,2008-10-16,2008-10-16,2008,10,GRACE,October,Observed,-25.47525167107138
22,2008-11-01,Peninsula - West Coast,-25.060454525033368,1.0,55.0,2008-11-16,2008-11-16,2008,11,GRACE,November,Observed,-25.7971343757371
22,2008-12-01,Peninsula - West Coast,-31.789576805188485,1.0,55.0,2008-12-16,2008-12-16,2008,12,GRACE,December,Observed,-28.11325337675669
22,2009-01-01,Peninsula - West Coast,-44.553884816875026,1.0,55.0,2009-01-16,2009-01-16,2009,1,GRACE,January,Observed,-27.87507473133923
22,2009-02-01,Peninsula - West Coast,-33.18576016572084,1.0,55.0,2009-02-15,2009-02-15,2009,2,GRACE,February,Observed,-28.415403696870033
22,2009-03-01,Peninsula - West Coast,-30.37476558055187,1.0,55.0,2009-03-16,2009-03-16,2009,3,GRACE,March,Observed,-28.439174848800025
22,2009-04-01,Peninsula - West Coast,-19.701397446801,1.0,55.0,2009-04-16,2009-04-16,2009,4,GRACE,April,Observed,-26.668628515911823
22,2009-05-01,Peninsula - West Coast,-34.479401408118804,1.0,55.0,2009-05-16,2009-05-16,2009,5,GRACE,May,Observed,-26.44873261346558
22,2009-06-01,Peninsula - West Coast,-20.81338478375126,1.0,55.0,2009-06-16,2009-06-16,2009,6,GRACE,June,Observed,-26.164845725974974
22,2009-07-01,Peninsula - West Coast,-25.68476666622167,1.0,55.0,2009-07-16,2009-07-16,2009,7,GRACE,July,Observed,-25.200510300818564
22,2009-08-01,Peninsula - West Coast,-25.424274283108183,1.0,55.0,2009-08-16,2009-08-16,2009,8,GRACE,August,Observed,-22.977957924390367
22,2009-09-01,Peninsula - West Coast,-10.492465624371155,1.0,55.0,2009-09-16,2009-09-16,2009,9,GRACE,September,Observed,-22.12668074021148
22,2009-10-01,Peninsula - West Coast,-15.8246592558453,1.0,55.0,2009-10-16,2009-10-16,2009,10,GRACE,October,Observed,-21.260263421065567
22,2009-11-01,Peninsula - West Coast,-21.6538118751461,1.0,55.0,2009-11-16,2009-11-16,2009,11,GRACE,November,Observed,-22.750082137037776
22,2009-12-01,Peninsula - West Coast,-20.217551703311532,1.0,55.0,2009-12-16,2009-12-16,2009,12,GRACE,December,Observed,-22.454881616292337
22,2010-01-01,Peninsula - West Coast,-17.883256299736686,1.0,55.0,2010-01-16,2010-01-16,2010,1,GRACE,January,Observed,-23.640437595978806
22,2010-02-01,Peninsula - West Coast,-22.970433955574194,1.0,55.0,2010-02-15,2010-02-15,2010,2,GRACE,February,Observed,-23.775841990729077
22,2010-03-01,Peninsula - West Coast,-19.97775775080093,1.0,55.0,2010-03-16,2010-03-16,2010,3,GRACE,March,Observed,-23.39619514650869
22,2010-04-01,Peninsula - West Coast,-37.57922203846748,1.0,55.0,2010-04-16,2010-04-16,2010,4,GRACE,April,Observed,-25.849726292561552
22,2010-05-01,Peninsula - West Coast,-30.936995159173524,1.0,55.0,2010-05-16,2010-05-16,2010,5,GRACE,May,Observed,-26.572855957804098
22,2010-06-01,Peninsula - West Coast,-35.040056539988925,1.0,55.0,2010-06-16,2010-06-16,2010,6,GRACE,June,Observed,-25.62552267364497
22,2010-07-01,Peninsula - West Coast,-27.30961940322488,1.0,55.0,2010-07-16,2010-07-16,2010,7,GRACE,July,Observed,-25.531175409127425
22,2010-08-01,Peninsula - West Coast,-20.868512152463598,1.0,55.0,2010-08-16,2010-08-16,2010,8,GRACE,August,Observed,-26.226440782708394
22,2010-09-01,Peninsula - West Coast,-39.93483937700552,1.0,55.0,2010-09-16,2010-09-16,2010,9,GRACE,September,Observed,-27.524359455477114
22,2010-10-01,Peninsula - West Coast,-24.502215238755838,1.0,55.0,2010-10-16,2010-10-16,2010,10,GRACE,October,Observed,-28.6982612739539
22,2010-11-01,Peninsula - West Coast,-10.285812465236503,1.0,55.0,2010-11-16,2010-11-16,2010,11,GRACE,November,Observed,-27.510685164093385
22,2010-12-01,Peninsula - West Coast,-19.085384529100985,1.0,55.0,2010-12-14,2010-12-14,2010,12,GRACE,December,Observed,-26.627213963101152
22,2011-01-01,Peninsula - West Coast,,,,,,2011,1,GRACE,January,Missing,
22,2011-02-01,Peninsula - West Coast,-37.2475393560301,1.0,55.0,2011-02-18,2011-02-18,2011,2,GRACE,February,Observed,-25.438972665545325
22,2011-03-01,Peninsula - West Coast,-32.8906777540455,1.0,55.0,2011-03-16,2011-03-16,2011,3,GRACE,March,Observed,-26.377105422307075
22,2011-04-01,Peninsula - West Coast,-24.51588483000184,1.0,55.0,2011-04-16,2011-04-16,2011,4,GRACE,April,Observed,-23.807223324363697
22,2011-05-01,Peninsula - West Coast,-21.218811948258956,1.0,55.0,2011-05-16,2011-05-16,2011,5,GRACE,May,Observed,-23.722893343370153
22,2011-06-01,Peninsula - West Coast,,,,,,2011,6,GRACE,June,Missing,
22,2011-07-01,Peninsula - West Coast,-23.840049004554388,1.0,55.0,2011-07-18,2011-07-18,2011,7,GRACE,July,Observed,-28.61157492457384
22,2011-08-01,Peninsula - West Coast,-30.24983972008108,1.0,55.0,2011-08-16,2011-08-16,2011,8,GRACE,August,Observed,-29.13301836806561
22,2011-09-01,Peninsula - West Coast,-14.2360183975718,1.0,55.0,2011-09-16,2011-09-16,2011,9,GRACE,September,Observed,-28.507441204678845
22,2011-10-01,Peninsula - West Coast,-23.65891542882036,2.0,110.0,2011-10-16,2011-10-31,2011,10,GRACE,October,Observed,-26.83737095086671
22,2011-11-01,Peninsula - West Coast,,,,,,2011,11,GRACE,November,Missing,
22,2011-12-01,Peninsula - West Coast,-49.646437881800544,1.0,55.0,2011-12-28,2011-12-28,2011,12,GRACE,December,Observed,-26.856190650111024
22,2012-01-01,Peninsula - West Coast,-33.826009359491515,1.0,55.0,2012-01-16,2012-01-16,2012,1,GRACE,January,Observed,-24.998366733916917
22,2012-02-01,Peninsula - West Coast,-30.99176772216245,1.0,55.0,2012-02-15,2012-02-15,2012,2,GRACE,February,Observed,-24.795689159190154
22,2012-03-01,Peninsula - West Coast,-16.189975215924175,1.0,55.0,2012-03-16,2012-03-16,2012,3,GRACE,March,Observed,-23.570739905268006
22,2012-04-01,Peninsula - West Coast,-19.06670312059287,1.0,55.0,2012-04-04,2012-04-04,2012,4,GRACE,April,Observed,-24.583836457798718
22,2012-05-01,Peninsula - West Coast,,,,,,2012,5,GRACE,May,Missing,
22,2012-06-01,Peninsula - West Coast,-8.277951488169975,1.0,55.0,2012-06-16,2012-06-16,2012,6,GRACE,June,Observed,-23.939962554233933
22,2012-07-01,Peninsula - West Coast,-21.813273257286763,1.0,55.0,2012-07-16,2012-07-16,2012,7,GRACE,July,Observed,-21.21238854404725
22,2012-08-01,Peninsula - West Coast,-18.00034718085958,1.0,55.0,2012-08-16,2012-08-16,2012,8,GRACE,August,Observed,-20.66643056366607
22,2012-09-01,Peninsula - West Coast,-24.366983922878923,1.0,55.0,2012-09-13,2012-09-13,2012,9,GRACE,September,Observed,-20.058789470388064
22,2012-10-01,Peninsula - West Coast,,,,,,2012,10,GRACE,October,Missing,
22,2012-11-01,Peninsula - West Coast,-17.220176393172526,1.0,55.0,2012-11-18,2012-11-18,2012,11,GRACE,November,Observed,-20.465265514582708
22,2012-12-01,Peninsula - West Coast,-22.370697779933746,1.0,55.0,2012-12-16,2012-12-16,2012,12,GRACE,December,Observed,-19.9035750931989
22,2013-01-01,Peninsula - West Coast,-28.36642955567967,1.0,55.0,2013-01-16,2013-01-16,2013,1,GRACE,January,Observed,-20.09162014268157
22,2013-02-01,Peninsula - West Coast,-24.915356789382386,1.0,55.0,2013-02-14,2013-02-14,2013,2,GRACE,February,Observed,-19.080860109170082
22,2013-03-01,Peninsula - West Coast,,,,,,2013,3,GRACE,March,Missing,
22,2013-04-01,Peninsula - West Coast,-18.85617326388078,1.0,55.0,2013-04-21,2013-04-21,2013,4,GRACE,April,Observed,-18.555158748495288
22,2013-05-01,Peninsula - West Coast,-14.848361300744623,1.0,55.0,2013-05-16,2013-05-16,2013,5,GRACE,May,Observed,-17.80488545461092
22,2013-06-01,Peninsula - West Coast,-10.158401982996669,1.0,55.0,2013-06-16,2013-06-16,2013,6,GRACE,June,Observed,-18.95529942723831
22,2013-07-01,Peninsula - West Coast,-11.705672922171901,1.0,55.0,2013-07-16,2013-07-16,2013,7,GRACE,July,Observed,-19.81991552770466
22,2013-08-01,Peninsula - West Coast,,,,,,2013,8,GRACE,August,Missing,
22,2013-09-01,Peninsula - West Coast,,,,,,2013,9,GRACE,September,Missing,
22,2013-10-01,Peninsula - West Coast,-11.802699103535959,1.0,55.0,2013-10-16,2013-10-16,2013,10,GRACE,October,Observed,-21.531105854073278
22,2013-11-01,Peninsula - West Coast,-27.573902146819055,1.0,55.0,2013-11-16,2013-11-16,2013,11,GRACE,November,Observed,-23.70153932064254
22,2013-12-01,Peninsula - West Coast,-30.152242684130876,1.0,55.0,2013-12-16,2013-12-16,2013,12,GRACE,December,Observed,-25.060653167489587
22,2014-01-01,Peninsula - West Coast,-35.52672709446301,1.0,55.0,2014-01-09,2014-01-09,2014,1,GRACE,January,Observed,-27.42556069573405
22,2014-02-01,Peninsula - West Coast,,,,,,2014,2,GRACE,February,Missing,
22,2014-03-01,Peninsula - West Coast,-33.15577218791661,1.0,55.0,2014-03-17,2014-03-17,2014,3,GRACE,March,Observed,-29.09284242513448
22,2014-04-01,Peninsula - West Coast,-38.390074463004154,1.0,55.0,2014-04-16,2014-04-16,2014,4,GRACE,April,Observed,-28.555653517403755
22,2014-05-01,Peninsula - West Coast,-27.08038592236804,1.0,55.0,2014-05-16,2014-05-16,2014,5,GRACE,May,Observed,-28.866117317062134
22,2014-06-01,Peninsula - West Coast,-31.44256973719684,1.0,55.0,2014-06-13,2014-06-13,2014,6,GRACE,June,Observed,-27.473014286449107
22,2014-07-01,Peninsula - West Coast,,,,,,2014,7,GRACE,July,Missing,
22,2014-08-01,Peninsula - West Coast,-26.711208486775803,1.0,55.0,2014-08-16,2014-08-16,2014,8,GRACE,August,Observed,-22.913988339302534
22,2014-09-01,Peninsula - West Coast,-23.720953347827173,1.0,55.0,2014-09-16,2014-09-16,2014,9,GRACE,September,Observed,-23.840368213435436
22,2014-10-01,Peninsula - West Coast,-14.907337100119813,1.0,55.0,2014-10-16,2014-10-16,2014,10,GRACE,October,Observed,-22.029743188050706
22,2014-11-01,Peninsula - West Coast,-13.642871840688764,1.0,55.0,2014-11-16,2014-11-16,2014,11,GRACE,November,Observed,-20.34317165992698
22,2014-12-01,Peninsula - West Coast,,,,,,2014,12,GRACE,December,Missing,
22,2015-01-01,Peninsula - West Coast,2.825278032174384,1.0,55.0,2015-01-22,2015-01-22,2015,1,GRACE,January,Observed,-18.113595117463113
22,2015-02-01,Peninsula - West Coast,-32.177787080631575,1.0,55.0,2015-02-15,2015-02-15,2015,2,GRACE,February,Observed,-18.690647902528937
22,2015-03-01,Peninsula - West Coast,-15.049521934069274,1.0,55.0,2015-03-16,2015-03-16,2015,3,GRACE,March,Observed,-17.602141131673626
22,2015-04-01,Peninsula - West Coast,-21.524359181766886,2.0,110.0,2015-04-16,2015-04-27,2015,4,GRACE,April,Observed,-17.335116572285713
22,2015-05-01,Peninsula - West Coast,,,,,,2015,5,GRACE,May,Missing,
22,2015-06-01,Peninsula - West Coast,,,,,,2015,6,GRACE,June,Missing,
22,2015-07-01,Peninsula - West Coast,-23.307070183055522,1.0,55.0,2015-07-15,2015-07-15,2015,7,GRACE,July,Observed,-19.284526120150925
22,2015-08-01,Peninsula - West Coast,-16.914647549078015,1.0,55.0,2015-08-16,2015-08-16,2015,8,GRACE,August,Observed,-21.04249995664649
22,2015-09-01,Peninsula - West Coast,-21.31773231333592,1.0,55.0,2015-09-14,2015-09-14,2015,9,GRACE,September,Observed,-20.642173696133128
22,2015-10-01,Peninsula - West Coast,,,,,,2015,10,GRACE,October,Missing,
22,2015-11-01,Peninsula - West Coast,,,,,,2015,11,GRACE,November,Missing,
22,2015-12-01,Peninsula - West Coast,-26.8103687514446,1.0,55.0,2015-12-23,2015-12-23,2015,12,GRACE,December,Observed,-23.43204855579191
22,2016-01-01,Peninsula - West Coast,-11.238512659790139,1.0,55.0,2016-01-16,2016-01-16,2016,1,GRACE,January,Observed,-25.39470159237261
22,2016-02-01,Peninsula - West Coast,-28.97517699652468,1.0,55.0,2016-02-14,2016-02-14,2016,2,GRACE,February,Observed,-25.71644379317807
22,2016-03-01,Peninsula - West Coast,-24.94864619012391,1.0,55.0,2016-03-16,2016-03-16,2016,3,GRACE,March,Observed,-25.201188142520703
22,2016-04-01,Peninsula - West Coast,,,,,,2016,4,GRACE,April,Missing,
22,2016-05-01,Peninsula - West Coast,-33.94423380298249,1.0,55.0,2016-05-20,2016-05-20,2016,5,GRACE,May,Observed,-25.6866201211688
22,2016-06-01,Peninsula - West Coast,-41.09592588501818,1.0,55.0,2016-06-16,2016-06-16,2016,6,GRACE,June,Observed,-24.050037497425237
22,2016-07-01,Peninsula - West Coast,-26.20274999030467,1.0,55.0,2016-07-15,2016-07-15,2016,7,GRACE,July,Observed,-23.512344485303903
22,2016-08-01,Peninsula - West Coast,-12.27734669316174,1.0,55.0,2016-08-21,2016-08-21,2016,8,GRACE,August,Observed,-21.973807905379832
22,2016-09-01,Peninsula - West Coast,,,,,,2016,9,GRACE,September,Missing,
22,2016-10-01,Peninsula - West Coast,,,,,,2016,10,GRACE,October,Missing,
22,2016-11-01,Peninsula - West Coast,-10.957376507476704,1.0,55.0,2016-11-27,2016-11-27,2016,11,GRACE,November,Observed,-16.91193618268702
22,2016-12-01,Peninsula - West Coast,-21.97113164235262,1.0,55.0,2016-12-24,2016-12-24,2016,12,GRACE,December,Observed,-16.393429826583834
22,2017-01-01,Peninsula - West Coast,2.608316559526522,1.0,55.0,2017-01-21,2017-01-21,2017,1,GRACE,January,Observed,-11.106270025840745
22,2017-02-01,Peninsula - West Coast,,,,,,2017,2,GRACE,February,Missing,
22,2017-03-01,Peninsula - West Coast,7.972952335124617,1.0,55.0,2017-03-31,2017-03-31,2017,3,GRACE,March,Observed,
22,2017-04-01,Peninsula - West Coast,-16.339930017537906,1.0,55.0,2017-04-24,2017-04-24,2017,4,GRACE,April,Observed,
22,2017-05-01,Peninsula - West Coast,-29.277676598053798,1.0,55.0,2017-05-13,2017-05-13,2017,5,GRACE,May,Observed,
22,2017-06-01,Peninsula - West Coast,6.488512321669608,1.0,55.0,2017-06-10,2017-06-10,2017,6,GRACE,June,Observed,
22,2017-07-01,Peninsula - West Coast,,,,,,2017,7,Mission gap,July,Missing,
22,2017-08-01,Peninsula - West Coast,,,,,,2017,8,Mission gap,August,Missing,
22,2017-09-01,Peninsula - West Coast,,,,,,2017,9,Mission gap,September,Missing,
22,2017-10-01,Peninsula - West Coast,,,,,,2017,10,Mission gap,October,Missing,
22,2017-11-01,Peninsula - West Coast,,,,,,2017,11,Mission gap,November,Missing,
22,2017-12-01,Peninsula - West Coast,,,,,,2017,12,Mission gap,December,Missing,
22,2018-01-01,Peninsula - West Coast,,,,,,2018,1,Mission gap,January,Missing,
22,2018-02-01,Peninsula - West Coast,,,,,,2018,2,Mission gap,February,Missing,
22,2018-03-01,Peninsula - West Coast,,,,,,2018,3,Mission gap,March,Missing,
22,2018-04-01,Peninsula - West Coast,,,,,,2018,4,Mission gap,April,Missing,
22,2018-05-01,Peninsula - West Coast,,,,,,2018,5,GRACE-FO,May,Missing,
22,2018-06-01,Peninsula - West Coast,-15.78159952634643,1.0,55.0,2018-06-16,2018-06-16,2018,6,GRACE-FO,June,Observed,
22,2018-07-01,Peninsula - West Coast,-10.136881245019303,1.0,55.0,2018-07-10,2018-07-10,2018,7,GRACE-FO,July,Observed,
22,2018-08-01,Peninsula - West Coast,,,,,,2018,8,GRACE-FO,August,Missing,
22,2018-09-01,Peninsula - West Coast,,,,,,2018,9,GRACE-FO,September,Missing,
22,2018-10-01,Peninsula - West Coast,-13.406748996980237,1.0,55.0,2018-10-31,2018-10-31,2018,10,GRACE-FO,October,Observed,-18.96165080464903
22,2018-11-01,Peninsula - West Coast,-11.980354604821088,1.0,55.0,2018-11-16,2018-11-16,2018,11,GRACE-FO,November,Observed,-20.122792213352486
22,2018-12-01,Peninsula - West Coast,-20.293392098688102,1.0,55.0,2018-12-16,2018-12-16,2018,12,GRACE-FO,December,Observed,-21.103132615704695
22,2019-01-01,Peninsula - West Coast,-34.74805906691002,1.0,55.0,2019-01-16,2019-01-16,2019,1,GRACE-FO,January,Observed,-22.704541955170182
22,2019-02-01,Peninsula - West Coast,-29.452276857893036,1.0,55.0,2019-02-15,2019-02-15,2019,2,GRACE-FO,February,Observed,-23.90236720619143
22,2019-03-01,Peninsula - West Coast,-15.893894040534017,1.0,55.0,2019-03-16,2019-03-16,2019,3,GRACE-FO,March,Observed,-22.619560488257658
22,2019-04-01,Peninsula - West Coast,-29.41192348298015,1.0,55.0,2019-04-16,2019-04-16,2019,4,GRACE-FO,April,Observed,-21.604194701956605
22,2019-05-01,Peninsula - West Coast,-29.926196236874567,1.0,55.0,2019-05-16,2019-05-16,2019,5,GRACE-FO,May,Observed,-23.100212984859827
22,2019-06-01,Peninsula - West Coast,-31.79569292100131,1.0,55.0,2019-06-16,2019-06-16,2019,6,GRACE-FO,June,Observed,-24.746053816008118
22,2019-07-01,Peninsula - West Coast,-22.11513375523174,1.0,55.0,2019-07-16,2019-07-16,2019,7,GRACE-FO,July,Observed,-26.73933542461472
22,2019-08-01,Peninsula - West Coast,-9.791493308919987,1.0,55.0,2019-08-16,2019-08-16,2019,8,GRACE-FO,August,Observed,-26.181646929167282
22,2019-09-01,Peninsula - West Coast,-10.435171052645028,1.0,55.0,2019-09-16,2019-09-16,2019,9,GRACE-FO,September,Observed,-26.411861959835182
22,2019-10-01,Peninsula - West Coast,-31.35896839181888,1.0,55.0,2019-10-16,2019-10-16,2019,10,GRACE-FO,October,Observed,-27.064822203257776
22,2019-11-01,Peninsula - West Coast,-31.730444578600604,1.0,55.0,2019-11-16,2019-11-16,2019,11,GRACE-FO,November,Observed,-26.154388390105712
22,2019-12-01,Peninsula - West Coast,-44.21277140196723,1.0,55.0,2019-12-16,2019-12-16,2019,12,GRACE-FO,December,Observed,-25.871403164773678
22,2020-01-01,Peninsula - West Coast,-28.055797121540827,1.0,55.0,2020-01-16,2020-01-16,2020,1,GRACE-FO,January,Observed,-25.495762049934232
22,2020-02-01,Peninsula - West Coast,-32.214857225907856,1.0,55.0,2020-02-15,2020-02-15,2020,2,GRACE-FO,February,Observed,-25.305363720249137
22,2020-03-01,Peninsula - West Coast,-23.729416961605153,1.0,55.0,2020-03-16,2020-03-16,2020,3,GRACE-FO,March,Observed,-26.724855386293132
22,2020-04-01,Peninsula - West Coast,-18.48671772515539,1.0,55.0,2020-04-16,2020-04-16,2020,4,GRACE-FO,April,Observed,-27.780805353616277
22,2020-05-01,Peninsula - West Coast,-26.53037353289009,1.0,55.0,2020-05-16,2020-05-16,2020,5,GRACE-FO,May,Observed,-26.172002163158563
22,2020-06-01,Peninsula - West Coast,-27.287999542927995,1.0,55.0,2020-06-16,2020-06-16,2020,6,GRACE-FO,June,Observed,-24.491856775381706
22,2020-07-01,Peninsula - West Coast,-19.83035379901062,1.0,55.0,2020-07-16,2020-07-16,2020,7,GRACE-FO,July,Observed,-22.828691990783796
22,2020-08-01,Peninsula - West Coast,-26.825393301447928,1.0,55.0,2020-08-16,2020-08-16,2020,8,GRACE-FO,August,Observed,-23.407295797288388
22,2020-09-01,Peninsula - West Coast,-23.106570660522742,1.0,55.0,2020-09-16,2020-09-16,2020,9,GRACE-FO,September,Observed,-22.894283359025334
22,2020-10-01,Peninsula - West Coast,-12.05333010632633,1.0,55.0,2020-10-16,2020-10-16,2020,10,GRACE-FO,October,Observed,-24.081317808385183
22,2020-11-01,Peninsula - West Coast,-11.568699925278288,1.0,55.0,2020-11-16,2020-11-16,2020,11,GRACE-FO,November,Observed,-24.216732255127113
22,2020-12-01,Peninsula - West Coast,-24.25479398679235,1.0,55.0,2020-12-16,2020-12-16,2020,12,GRACE-FO,December,Observed,-25.070759431631682
22,2021-01-01,Peninsula - West Coast,-34.999042799595934,1.0,55.0,2021-01-16,2021-01-16,2021,1,GRACE-FO,January,Observed,-24.246747270587946
22,2021-02-01,Peninsula - West Coast,-26.0587079667512,1.0,55.0,2021-02-15,2021-02-15,2021,2,GRACE-FO,February,Observed,-24.57515883297255
22,2021-03-01,Peninsula - West Coast,-37.973830353923354,1.0,55.0,2021-03-16,2021-03-16,2021,3,GRACE-FO,March,Observed,-24.919462474851944
22,2021-04-01,Peninsula - West Coast,-20.111691086058507,1.0,55.0,2021-04-16,2021-04-16,2021,4,GRACE-FO,April,Observed,-26.145108238132703
22,2021-05-01,Peninsula - West Coast,-36.77869965094491,1.0,55.0,2021-05-16,2021-05-16,2021,5,GRACE-FO,May,Observed,-27.194894168774457
22,2021-06-01,Peninsula - West Coast,-17.3998536104032,1.0,55.0,2021-06-16,2021-06-16,2021,6,GRACE-FO,June,Observed,-28.327207448122923
22,2021-07-01,Peninsula - West Coast,-23.771292547625936,1.0,55.0,2021-07-16,2021-07-16,2021,7,GRACE-FO,July,Observed,-29.452722216464025
22,2021-08-01,Peninsula - West Coast,-30.957037004000558,1.0,55.0,2021-08-16,2021-08-16,2021,8,GRACE-FO,August,Observed,-30.445043182690103
22,2021-09-01,Peninsula - West Coast,-37.8143198198919,1.0,55.0,2021-09-16,2021-09-16,2021,9,GRACE-FO,September,Observed,-31.01275980997219
22,2021-10-01,Peninsula - West Coast,-24.65076127402737,1.0,55.0,2021-10-16,2021-10-16,2021,10,GRACE-FO,October,Observed,-30.20642845105962
22,2021-11-01,Peninsula - West Coast,-25.15645927745988,1.0,55.0,2021-11-16,2021-11-16,2021,11,GRACE-FO,November,Observed,-30.973953183578303
22,2021-12-01,Peninsula - West Coast,-37.76097120688552,1.0,55.0,2021-12-16,2021-12-16,2021,12,GRACE-FO,December,Observed,-30.559512604291168
22,2022-01-01,Peninsula - West Coast,-46.906894394308914,1.0,55.0,2022-01-16,2022-01-16,2022,1,GRACE-FO,January,Observed,-31.746979478853657
22,2022-02-01,Peninsula - West Coast,-32.87130749413626,1.0,55.0,2022-02-15,2022-02-15,2022,2,GRACE-FO,February,Observed,-32.48263009737381
22,2022-03-01,Peninsula - West Coast,-28.297854046972475,1.0,55.0,2022-03-16,2022-03-16,2022,3,GRACE-FO,March,Observed,-33.12572595989991
22,2022-04-01,Peninsula - West Coast,-29.321987876282723,1.0,55.0,2022-04-16,2022-04-16,2022,4,GRACE-FO,April,Observed,-32.54016319438694
22,2022-05-01,Peninsula - West Coast,-31.80541269949926,1.0,55.0,2022-05-16,2022-05-16,2022,5,GRACE-FO,May,Observed,-33.43294687484684
22,2022-06-01,Peninsula - West Coast,-31.649456105153025,1.0,55.0,2022-06-16,2022-06-16,2022,6,GRACE-FO,June,Observed,-32.63366968659842
22,2022-07-01,Peninsula - West Coast,-32.59909996986775,1.0,55.0,2022-07-16,2022-07-16,2022,7,GRACE-FO,July,Observed,-32.961909718634836
22,2022-08-01,Peninsula - West Coast,-38.67418735431383,1.0,55.0,2022-08-16,2022-08-16,2022,8,GRACE-FO,August,Observed,-32.26944779259255
22,2022-09-01,Peninsula - West Coast,-30.787566633736237,1.0,55.0,2022-09-16,2022-09-16,2022,9,GRACE-FO,September,Observed,-33.229907549959016
22,2022-10-01,Peninsula - West Coast,-35.36416543954623,1.0,55.0,2022-10-16,2022-10-16,2022,10,GRACE-FO,October,Observed,-35.78771396388805
22,2022-11-01,Peninsula - West Coast,-15.565133018478754,1.0,55.0,2022-11-16,2022-11-16,2022,11,GRACE-FO,November,Observed,-35.93112454592535
22,2022-12-01,Peninsula - West Coast,-41.699851591322535,1.0,55.0,2022-12-16,2022-12-16,2022,12,GRACE-FO,December,Observed,-36.9728931619494
22,2023-01-01,Peninsula - West Coast,-38.59735128180153,1.0,55.0,2023-01-16,2023-01-16,2023,1,GRACE-FO,January,Observed,-37.817295852455686
22,2023-02-01,Peninsula - West Coast,-44.39682458253386,1.0,55.0,2023-02-15,2023-02-15,2023,2,GRACE-FO,February,Observed,-37.369673167006304
22,2023-03-01,Peninsula - West Coast,-58.99153101412085,1.0,55.0,2023-03-16,2023-03-16,2023,3,GRACE-FO,March,Observed,-36.521148550190425
22,2023-04-01,Peninsula - West Coast,-31.042914860730317,1.0,55.0,2023-04-16,2023-04-16,2023,4,GRACE-FO,April,Observed,-36.58525099153131
22,2023-05-01,Peninsula - West Coast,-44.3066360917879,1.0,55.0,2023-05-16,2023-05-16,2023,5,GRACE-FO,May,Observed,-35.42133199211824
22,2023-06-01,Peninsula - West Coast,-41.782288391228484,1.0,55.0,2023-06-16,2023-06-16,2023,6,GRACE-FO,June,Observed,-36.86042798349812
22,2023-07-01,Peninsula - West Coast,-27.22762774447517,1.0,55.0,2023-07-16,2023-07-16,2023,7,GRACE-FO,July,Observed,-37.9003129343994
22,2023-08-01,Peninsula - West Coast,-28.491891952523215,1.0,55.0,2023-08-16,2023-08-16,2023,8,GRACE-FO,August,Observed,-38.93920425461103
22,2023-09-01,Peninsula - West Coast,-31.5567959298269,1.0,55.0,2023-09-16,2023-09-16,2023,9,GRACE-FO,September,Observed,-38.8568207482082
22,2023-10-01,Peninsula - West Coast,-21.397137446589344,1.0,55.0,2023-10-16,2023-10-16,2023,10,GRACE-FO,October,Observed,-37.74659633138241
22,2023-11-01,Peninsula - West Coast,-32.834284915037344,1.0,55.0,2023-11-16,2023-11-16,2023,11,GRACE-FO,November,Observed,-39.56172265173744
22,2023-12-01,Peninsula - West Coast,-54.178471002137876,1.0,55.0,2023-12-16,2023-12-16,2023,12,GRACE-FO,December,Observed,-39.55189880016681
22,2024-01-01,Peninsula - West Coast,-51.064047124341094,1.0,55.0,2024-01-16,2024-01-16,2024,1,GRACE-FO,January,Observed,-39.930020861016565
22,2024-02-01,Peninsula - West Coast,-43.4082225056999,1.0,55.0,2024-02-15,2024-02-15,2024,2,GRACE-FO,February,Observed,-42.039525711350585
22,2024-03-01,Peninsula - West Coast,-45.66883801221141,1.0,55.0,2024-03-16,2024-03-16,2024,3,GRACE-FO,March,Observed,-43.64744844362997
22,2024-04-01,Peninsula - West Coast,-52.82443070499062,1.0,55.0,2024-04-16,2024-04-16,2024,4,GRACE-FO,April,Observed,-44.00113477587022
22,2024-05-01,Peninsula - West Coast,-44.18874987294041,1.0,55.0,2024-05-16,2024-05-16,2024,5,GRACE-FO,May,Observed,-44.54241133690079
22,2024-06-01,Peninsula - West Coast,-46.31975312142553,1.0,55.0,2024-06-16,2024-06-16,2024,6,GRACE-FO,June,Observed,-45.606786466161104
22,2024-07-01,Peninsula - West Coast,-52.541685948483384,1.0,55.0,2024-07-16,2024-07-16,2024,7,GRACE-FO,July,Observed,-44.74961801256343
22,2024-08-01,Peninsula - West Coast,-47.786964739875835,1.0,55.0,2024-08-16,2024-08-16,2024,8,GRACE-FO,August,Observed,-44.048014777921466
22,2024-09-01,Peninsula - West Coast,-35.80103191670998,1.0,55.0,2024-09-16,2024-09-16,2024,9,GRACE-FO,September,Observed,-44.127988811949166
22,2024-10-01,Peninsula - West Coast,-27.892456178956117,1.0,55.0,2024-10-16,2024-10-16,2024,10,GRACE-FO,October,Observed,
